gasstation_id,Country,Segment
44,0,4
45,0,3
46,0,2
47,0,3
48,0,3
49,0,4
50,0,2
51,0,2
52,0,2
53,0,2
54,0,2
55,0,2
56,0,2
57,0,2
58,0,3
59,0,3
60,0,3
61,0,3
62,0,2
63,0,2
64,0,3
65,0,3
66,0,2
67,0,2
68,0,2
69,0,1
70,0,2
71,0,4
72,0,2
73,0,2
74,0,2
75,0,4
76,0,1
77,0,3
78,0,3
79,0,1
80,0,1
81,0,3
82,0,3
83,0,4
84,0,1
85,0,1
86,0,0
87,0,4
88,0,4
89,0,1
90,0,3
91,0,1
92,0,1
93,0,2
94,0,4
95,0,4
96,0,3
97,0,1
98,0,2
99,0,1
100,0,2
101,0,2
102,0,2
103,0,2
104,0,0
105,0,3
106,0,3
107,0,3
108,0,3
109,0,3
110,0,3
111,0,3
112,0,3
113,0,3
114,0,4
115,0,1
117,0,2
118,0,2
119,0,2
120,0,2
121,0,2
122,0,2
123,0,2
124,0,2
125,0,2
126,0,1
127,0,2
128,0,3
129,0,1
130,0,1
131,0,4
132,0,3
133,0,1
134,0,3
135,0,0
136,0,2
137,0,2
138,0,3
139,0,4
140,0,2
141,0,4
142,0,4
143,0,1
144,0,4
145,0,3
146,0,2
147,0,3
148,0,3
149,0,3
150,0,1
151,0,1
152,0,1
153,0,4
154,0,2
155,0,1
156,0,3
157,0,4
158,0,3
159,0,3
160,0,1
161,0,1
162,0,1
163,0,4
164,0,2
165,0,2
166,0,3
167,0,3
168,0,3
169,0,1
170,0,3
171,0,4
172,0,1
173,0,1
174,0,1
175,0,1
176,0,1
177,0,1
178,0,2
179,0,2
180,0,2
181,0,3
182,0,3
183,0,0
184,0,3
185,0,1
186,0,3
187,0,3
188,0,1
189,0,1
190,0,1
191,0,3
192,0,3
193,0,2
194,0,2
195,0,4
196,0,3
197,0,3
198,0,3
199,0,1
200,0,4
201,0,1
202,0,1
203,0,1
204,0,1
205,0,1
206,0,4
207,0,3
208,0,3
209,0,3
210,0,3
211,0,3
212,0,3
213,0,2
214,0,3
215,0,2
216,0,4
217,0,3
218,0,1
219,0,3
220,0,4
221,0,3
222,0,2
223,0,3
224,0,3
225,0,3
226,0,4
227,0,4
228,0,1
229,0,4
230,0,4
231,0,4
232,0,3
233,0,3
234,0,3
235,0,3
236,0,3
237,0,1
238,0,4
239,0,2
240,0,2
241,0,2
242,0,2
243,0,2
244,0,2
245,0,2
246,0,2
247,0,2
248,0,2
249,0,0
250,0,1
251,0,4
252,0,4
253,0,3
254,0,4
255,0,3
256,0,4
257,0,4
258,0,1
259,0,4
260,0,3
261,0,3
262,0,3
263,0,4
264,0,2
265,0,4
266,0,4
267,0,0
268,0,0
269,0,1
270,0,1
271,0,3
272,0,3
273,0,1
274,0,4
275,0,2
276,0,1
277,0,4
278,0,3
279,0,4
280,0,4
281,0,3
282,0,3
283,0,3
284,0,3
285,0,2
286,0,2
287,0,3
288,0,3
289,0,3
290,0,3
291,0,3
292,0,3
293,0,3
294,0,0
295,0,1
296,0,1
297,0,4
298,0,3
299,0,3
300,0,3
301,0,3
302,0,3
303,0,1
304,0,2
305,0,1
306,0,1
307,0,2
308,0,2
309,0,2
310,0,2
311,0,1
312,0,3
313,0,3
314,0,3
315,0,1
316,0,4
317,0,4
318,0,1
319,0,1
320,0,3
321,0,3
322,0,4
323,0,2
324,0,3
325,0,1
326,0,1
327,0,2
328,0,2
329,0,2
330,0,2
331,0,2
332,0,2
333,0,2
334,0,1
335,0,4
336,0,4
337,0,1
338,0,2
339,0,3
340,0,2
341,0,3
342,0,3
343,0,3
344,0,3
345,0,3
346,0,3
347,0,4
348,0,1
349,0,3
350,0,2
351,0,2
352,0,2
353,0,2
354,0,4
355,0,4
356,0,1
357,0,3
358,0,0
359,0,0
360,0,4
361,0,3
362,0,3
363,0,3
364,0,3
365,0,4
366,0,4
367,0,2
368,0,2
369,0,2
370,0,3
371,0,3
372,0,1
373,0,3
374,0,2
375,0,1
376,0,3
377,0,3
378,0,3
379,0,4
380,0,0
381,0,2
382,0,2
383,0,3
384,0,2
385,0,2
386,0,2
387,0,2
388,0,4
389,0,4
390,0,1
391,0,4
392,0,3
393,0,3
394,0,2
395,0,2
396,0,3
397,0,3
398,0,3
399,0,4
400,0,4
401,0,4
402,0,4
403,0,3
404,0,1
405,0,4
406,0,1
407,0,2
408,0,1
409,0,3
410,0,3
411,0,3
412,0,3
413,0,3
414,0,2
415,0,2
416,0,1
417,0,4
418,0,2
419,0,3
420,0,3
421,0,3
422,0,3
423,0,3
424,0,3
425,0,3
426,0,3
427,0,4
428,0,2
429,0,2
430,0,2
431,0,2
432,0,2
433,0,2
434,0,3
435,0,0
436,0,3
437,0,4
438,0,0
439,0,3
440,0,3
441,0,3
442,0,3
443,0,3
444,0,4
445,0,2
446,0,1
447,0,2
448,0,3
449,0,2
450,0,3
451,0,1
452,0,2
453,0,2
454,0,2
455,0,4
456,0,1
457,0,0
458,0,1
459,0,0
460,0,1
461,0,1
462,0,3
463,0,1
464,0,1
465,0,1
466,0,3
467,0,3
468,0,1
469,0,2
470,0,1
471,0,2
472,0,3
473,0,1
474,0,1
475,0,1
476,0,2
477,0,3
478,0,0
479,0,3
480,0,3
481,0,3
482,0,3
483,0,3
484,0,3
485,0,3
486,0,3
487,0,3
488,0,3
489,0,3
490,0,2
491,0,3
492,0,3
493,0,4
494,0,1
495,0,3
496,0,1
497,0,1
498,0,4
499,0,0
500,0,1
501,0,1
502,0,1
503,0,3
504,0,1
505,0,4
506,0,1
507,0,3
508,0,1
509,0,2
510,0,1
511,0,2
512,0,1
513,0,3
514,0,3
515,0,1
516,0,4
517,0,1
518,0,1
519,0,1
520,0,1
521,0,1
522,0,3
523,0,4
524,0,1
525,0,2
526,0,1
527,0,1
528,0,1
529,0,1
530,0,4
531,0,3
532,0,4
533,0,0
534,0,1
535,0,4
536,0,1
537,0,0
538,0,2
539,0,0
540,0,1
541,0,1
542,0,3
543,0,2
544,0,1
545,0,1
546,0,0
547,0,1
548,0,1
549,0,1
550,0,2
551,0,4
552,0,1
553,0,1
554,0,3
555,0,1
556,0,1
557,0,1
558,0,1
559,0,1
560,0,1
561,0,2
562,0,3
563,0,0
564,0,3
565,0,3
566,0,4
567,0,1
568,0,0
569,0,4
570,0,1
571,0,1
572,0,2
573,0,2
574,0,4
575,0,1
576,0,1
577,0,3
578,0,1
579,0,4
580,0,3
581,0,1
582,0,4
583,0,3
584,0,1
585,0,1
586,0,1
587,0,1
588,0,4
589,0,0
590,0,2
591,0,3
592,0,4
593,0,3
594,0,3
595,0,3
596,0,3
597,0,3
598,0,4
599,0,4
600,0,3
601,0,2
602,0,1
603,0,4
604,0,3
605,0,3
606,0,2
607,0,2
608,0,2
609,0,2
610,0,2
611,0,4
612,0,2
613,0,3
614,0,2
615,0,2
616,0,2
617,0,4
618,0,1
619,0,2
620,0,4
621,0,3
622,0,2
623,0,2
624,0,3
625,0,2
626,0,2
627,0,2
628,0,2
629,0,2
630,0,3
631,0,3
632,0,1
633,0,3
634,0,3
635,0,1
636,0,3
637,0,2
638,0,4
639,0,4
640,0,3
641,0,4
642,0,2
643,0,1
644,0,1
645,0,3
646,0,3
647,0,4
648,0,3
649,0,3
650,0,4
651,0,3
652,0,4
653,0,3
654,0,4
655,0,4
656,0,1
657,0,2
658,0,0
659,0,1
660,0,4
661,0,3
662,0,3
663,0,3
664,0,3
665,0,4
666,0,3
667,0,1
668,0,1
669,0,4
670,0,0
671,0,3
672,0,3
673,0,1
674,0,3
675,0,3
676,0,3
677,0,3
678,0,3
679,0,3
680,0,1
681,0,4
682,0,3
683,0,1
684,0,3
685,0,4
686,0,3
687,0,1
688,0,4
689,0,4
690,0,4
691,0,4
692,0,2
693,0,2
694,0,1
695,0,2
696,0,2
697,0,1
698,0,3
699,0,3
700,0,2
701,0,2
702,0,2
703,0,1
704,0,3
705,0,3
706,0,1
707,0,1
708,0,4
709,0,4
710,0,1
711,0,2
712,0,3
713,0,3
714,0,3
715,0,4
716,0,2
717,0,3
718,0,3
719,0,3
720,0,0
721,0,3
722,0,3
723,0,2
724,0,4
725,0,3
726,0,1
727,0,2
728,0,3
729,0,0
730,0,1
731,0,2
732,0,4
733,0,2
734,0,4
735,0,1
736,0,3
737,0,2
738,0,4
739,0,3
740,0,3
741,0,1
742,0,4
743,0,2
744,0,1
745,0,2
746,0,0
747,0,3
748,0,3
749,0,1
750,0,1
751,0,1
752,0,2
753,0,1
754,0,1
755,0,3
756,0,3
757,0,1
758,0,1
759,0,3
760,0,1
761,0,0
762,0,1
763,0,3
764,0,1
765,0,2
766,0,1
767,0,1
768,0,3
769,0,1
770,0,3
771,0,2
772,0,2
773,0,4
774,0,3
775,0,2
776,0,4
777,0,4
778,0,1
779,0,0
780,0,1
781,0,2
782,0,4
783,0,3
784,0,3
785,0,3
786,0,4
787,0,1
788,0,4
789,0,1
790,0,2
791,0,2
792,0,2
793,0,2
794,0,2
795,0,3
796,0,4
797,0,3
798,0,4
799,0,3
800,0,3
801,0,3
802,0,3
803,0,3
804,0,3
805,0,3
806,0,3
807,0,4
808,0,3
809,0,4
810,0,4
811,0,4
812,0,4
813,0,3
814,0,3
815,0,3
816,0,3
817,0,3
818,0,3
819,0,3
820,0,3
821,0,3
822,0,3
823,0,1
824,0,3
825,0,3
826,0,3
827,0,3
828,0,3
829,0,4
830,0,1
831,0,3
832,0,1
833,0,3
834,0,4
835,0,3
836,0,3
837,0,4
838,0,3
839,0,3
840,0,3
841,0,4
842,0,3
843,0,3
844,0,3
845,0,2
846,0,3
847,0,3
848,0,3
849,0,4
850,0,3
851,0,3
852,0,3
853,0,3
854,0,3
855,0,3
856,0,3
857,0,3
858,0,3
859,0,3
860,0,3
861,0,3
862,0,3
863,0,3
864,0,3
865,0,3
866,0,3
867,0,3
868,0,4
869,0,1
870,0,3
871,0,3
872,0,3
873,0,3
874,0,1
875,0,3
876,0,3
877,0,4
878,0,3
879,0,3
880,0,3
881,0,3
882,0,1
883,0,3
884,0,1
885,0,3
886,0,3
887,0,3
888,0,3
889,0,4
890,0,3
891,0,3
892,0,3
893,0,3
894,0,3
895,0,3
896,0,3
897,0,3
898,0,3
899,0,3
900,0,3
901,0,1
902,0,3
903,0,4
904,0,1
905,0,3
906,0,3
907,0,3
908,0,3
909,0,3
910,0,3
911,0,4
912,0,1
913,0,3
914,0,1
915,0,3
916,0,3
917,0,3
918,0,3
919,0,4
920,0,4
921,0,3
922,0,3
923,0,4
924,0,4
925,0,3
926,0,3
927,0,4
928,0,3
929,0,3
930,0,4
931,0,4
932,0,3
933,0,1
934,0,3
935,0,3
936,0,3
937,0,2
938,0,4
939,0,3
940,0,3
941,0,1
942,0,4
943,0,3
944,0,3
945,0,3
946,0,1
947,0,4
948,0,3
949,0,1
950,0,3
951,0,3
952,0,4
953,0,3
954,0,3
955,0,4
956,0,1
957,0,3
958,0,4
959,0,3
960,0,3
961,0,1
962,0,3
963,0,4
964,0,2
965,0,2
966,0,2
967,0,1
968,0,2
969,0,2
970,0,2
971,0,2
972,0,2
973,0,2
974,0,2
975,0,2
976,0,2
977,0,0
978,0,3
979,0,3
980,0,4
981,0,4
982,0,4
983,0,0
984,0,2
985,0,3
986,0,2
987,0,2
988,0,4
989,0,2
990,0,2
991,0,3
992,0,2
993,0,2
994,0,3
995,0,3
996,0,3
997,0,1
998,0,3
999,0,3
1000,0,3
1001,0,4
1002,0,0
1003,0,4
1004,0,1
1005,0,4
1006,0,4
1007,0,1
1008,0,3
1009,0,3
1010,0,1
1011,0,2
1012,0,3
1013,0,3
1014,0,3
1015,0,2
1016,0,1
1017,0,3
1018,0,2
1019,0,2
1020,0,2
1021,0,2
1022,0,2
1023,0,2
1024,0,2
1025,0,2
1026,0,3
1027,0,1
1028,0,3
1029,0,0
1030,0,1
1031,0,2
1032,0,2
1033,0,1
1034,0,3
1035,0,3
1036,0,1
1037,0,3
1038,0,3
1039,0,2
1040,0,3
1041,0,3
1042,0,2
1043,0,2
1044,0,2
1045,0,2
1046,0,2
1047,0,3
1048,0,3
1049,0,2
1050,0,2
1051,0,2
1052,0,2
1053,0,2
1054,0,2
1055,0,2
1056,0,2
1057,0,2
1058,0,2
1059,0,2
1060,0,2
1061,0,2
1062,0,2
1063,0,2
1064,0,2
1065,0,2
1066,0,4
1067,0,4
1068,0,3
1069,0,3
1070,0,1
1071,0,1
1072,0,2
1073,0,2
1074,0,2
1075,0,1
1076,0,2
1077,0,3
1078,0,3
1079,0,3
1080,0,1
1081,0,2
1082,0,2
1083,0,3
1084,0,2
1085,0,2
1086,0,2
1087,0,2
1088,0,2
1089,0,2
1090,0,2
1091,0,3
1092,0,1
1093,0,1
1094,0,1
1095,0,2
1096,0,2
1097,0,2
1098,0,2
1099,0,2
1100,0,3
1101,0,4
1102,0,2
1103,0,4
1104,0,4
1105,0,3
1106,0,2
1107,0,3
1108,0,1
1109,0,3
1110,0,4
1111,0,3
1112,0,4
1113,0,4
1114,0,4
1115,0,2
1116,0,3
1117,0,3
1118,0,3
1119,0,4
1120,0,3
1121,0,4
1122,0,3
1123,0,3
1124,0,3
1125,0,4
1126,0,2
1127,0,3
1128,0,3
1129,0,1
1130,0,2
1131,0,4
1132,0,3
1133,0,3
1134,0,4
1135,0,3
1136,0,3
1137,0,4
1138,0,3
1139,0,4
1140,0,4
1141,0,4
1142,0,3
1143,0,4
1144,0,1
1145,0,4
1146,0,1
1147,0,1
1148,0,4
1149,0,4
1150,0,1
1151,0,1
1152,0,1
1153,0,1
1154,0,4
1155,0,3
1156,0,1
1157,0,4
1158,0,3
1159,0,4
1160,0,4
1161,0,4
1162,0,1
1163,0,3
1164,0,1
1165,0,4
1166,0,1
1167,0,3
1168,0,3
1169,0,2
1170,0,4
1171,0,3
1172,0,4
1173,0,3
1174,0,3
1175,0,4
1176,0,4
1177,0,4
1178,0,3
1179,0,3
1180,0,4
1181,0,3
1182,0,1
1183,0,4
1184,0,1
1185,0,4
1186,0,1
1187,0,4
1188,0,0
1189,0,3
1190,0,4
1191,0,4
1192,0,3
1193,0,3
1194,0,1
1195,0,1
1196,0,4
1197,0,4
1198,0,4
1199,0,1
1200,0,1
1201,0,1
1202,0,4
1203,0,3
1204,0,3
1205,0,3
1206,0,3
1207,0,3
1208,0,2
1209,0,4
1210,0,3
1211,0,1
1212,0,3
1213,0,1
1214,0,3
1215,0,4
1216,0,3
1217,0,2
1218,0,0
1219,0,3
1220,0,1
1221,0,3
1222,0,1
1223,0,3
1224,0,3
1225,0,2
1226,0,4
1227,0,4
1228,0,4
1229,0,4
1230,0,1
1231,0,1
1232,0,4
1233,0,1
1234,0,3
1235,0,1
1236,0,3
1237,0,1
1238,0,1
1239,0,2
1240,0,3
1241,0,3
1242,0,1
1243,0,2
1244,0,1
1245,0,1
1246,0,1
1247,0,0
1248,0,3
1249,0,1
1250,0,4
1251,0,1
1252,0,2
1253,0,4
1254,0,4
1255,0,1
1256,0,4
1257,0,4
1258,0,1
1259,0,4
1260,0,1
1261,0,1
1262,0,3
1263,0,1
1264,0,4
1265,0,3
1266,0,4
1267,0,4
1268,0,3
1269,0,1
1270,0,3
1271,0,3
1272,0,4
1273,0,4
1274,0,4
1275,0,4
1276,0,4
1277,0,4
1278,0,1
1279,0,3
1280,0,1
1281,0,3
1282,0,4
1283,0,4
1284,0,4
1285,0,4
1286,0,4
1287,0,3
1288,0,4
1289,0,4
1290,0,4
1291,0,4
1292,0,4
1293,0,4
1294,0,4
1295,0,4
1296,0,4
1297,0,4
1298,0,1
1299,0,4
1300,0,2
1301,0,2
1302,0,2
1303,0,2
1304,0,2
1305,0,2
1306,0,2
1307,0,2
1308,0,2
1309,0,3
1310,0,3
1311,0,3
1312,0,3
1313,0,3
1314,0,1
1315,0,1
1316,0,1
1317,0,2
1318,0,2
1319,0,2
1320,0,2
1321,0,2
1322,0,2
1323,0,2
1324,0,2
1325,0,2
1326,0,2
1327,0,2
1328,0,2
1329,0,2
1330,0,1
1331,0,4
1332,0,1
1333,0,3
1334,0,3
1335,0,1
1336,0,4
1337,0,1
1338,0,1
1339,0,3
1340,0,4
1341,0,3
1342,0,1
1343,0,4
1344,0,4
1345,0,3
1346,0,4
1347,0,3
1348,0,1
1349,0,3
1350,0,1
1351,0,1
1352,0,3
1353,0,1
1354,0,4
1355,0,2
1356,0,2
1357,0,2
1358,0,2
1359,0,2
1360,0,2
1361,0,1
1362,0,1
1363,0,4
1364,0,2
1365,0,1
1366,0,2
1367,0,2
1368,0,1
1369,0,1
1370,0,1
1371,0,4
1372,0,4
1373,0,1
1374,0,3
1375,0,4
1376,0,4
1377,0,1
1378,0,1
1379,0,2
1380,0,2
1381,0,2
1382,0,3
1383,0,2
1384,0,3
1385,0,3
1386,0,3
1387,0,1
1388,0,1
1389,0,1
1390,0,2
1391,0,2
1392,0,1
1393,0,2
1394,0,3
1395,0,4
1396,0,2
1397,0,1
1398,0,2
1399,0,2
1400,0,3
1401,0,0
1402,0,1
1403,0,3
1404,0,1
1405,0,0
1406,0,1
1407,0,2
1408,0,2
1409,0,3
1410,0,3
1411,0,3
1412,0,1
1413,0,1
1414,0,1
1415,0,1
1416,0,3
1417,0,4
1418,0,0
1419,0,3
1420,0,1
1421,0,1
1422,0,4
1423,0,1
1424,0,1
1425,0,3
1426,0,1
1427,0,4
1428,0,2
1429,0,2
1430,0,2
1431,0,2
1432,0,1
1433,0,1
1434,0,0
1435,0,3
1436,0,4
1437,0,3
1438,0,4
1439,0,1
1440,0,3
1441,0,1
1442,0,3
1443,0,2
1444,0,2
1445,0,4
1446,0,3
1447,0,4
1448,0,1
1449,0,3
1450,0,2
1451,0,3
1452,0,4
1453,0,3
1454,0,4
1455,0,4
1456,0,2
1457,0,1
1458,0,3
1459,0,3
1460,0,1
1461,0,4
1462,0,4
1463,0,2
1464,0,1
1465,0,1
1466,0,1
1467,0,1
1468,0,2
1469,0,2
1470,0,3
1471,0,3
1472,0,3
1473,0,3
1474,0,3
1475,0,3
1476,0,3
1477,0,1
1478,0,1
1479,0,3
1480,0,3
1481,0,4
1482,0,4
1483,0,3
1484,0,4
1485,0,1
1486,0,3
1487,0,2
1488,0,3
1489,0,2
1490,0,2
1491,0,1
1492,0,2
1493,0,2
1494,0,2
1495,0,2
1496,0,0
1497,0,3
1498,0,2
1499,0,2
1500,0,2
1501,0,2
1502,0,1
1503,0,1
1504,0,2
1505,0,2
1506,0,2
1507,0,2
1508,0,2
1509,0,2
1510,0,2
1511,0,2
1512,0,2
1513,0,2
1514,0,2
1515,0,1
1516,0,2
1517,0,2
1518,0,2
1519,0,4
1520,0,2
1521,0,2
1522,0,2
1523,0,3
1524,0,3
1525,0,3
1526,0,2
1527,0,3
1528,0,2
1529,0,2
1530,0,2
1531,0,1
1532,0,4
1533,0,4
1534,0,3
1535,0,3
1536,0,3
1537,0,3
1538,0,3
1539,0,3
1540,0,3
1541,0,3
1542,0,3
1543,0,3
1544,0,4
1545,0,3
1546,0,1
1547,0,2
1548,0,2
1549,0,2
1550,0,3
1551,0,2
1552,0,2
1553,0,2
1554,0,2
1555,0,2
1556,0,2
1557,0,3
1558,0,3
1559,0,2
1560,0,2
1561,0,2
1562,0,3
1563,0,2
1564,0,2
1565,0,3
1566,0,3
1567,0,1
1568,0,1
1569,0,1
1570,0,1
1571,0,4
1572,0,2
1573,0,2
1574,0,2
1575,0,2
1576,0,1
1577,0,4
1578,0,1
1579,0,1
1580,0,2
1581,0,2
1582,0,2
1583,0,2
1584,0,2
1585,0,2
1586,0,2
1587,0,2
1588,0,2
1589,0,2
1590,0,2
1591,0,2
1592,0,2
1593,0,1
1594,0,1
1595,0,1
1596,0,1
1597,0,2
1598,0,2
1599,0,2
1600,0,2
1601,0,2
1602,0,1
1603,0,1
1604,0,1
1605,0,2
1606,0,2
1607,0,2
1608,0,2
1609,0,2
1610,0,2
1611,0,1
1612,0,1
1613,0,2
1614,0,2
1615,0,1
1616,0,1
1617,0,2
1618,0,2
1619,0,1
1620,0,2
1621,0,2
1622,0,2
1623,0,2
1624,0,2
1625,0,2
1626,0,2
1627,0,2
1628,0,3
1629,0,2
1630,0,3
1631,0,2
1632,0,3
1633,0,1
1634,0,2
1635,0,2
1636,0,2
1637,0,2
1638,0,2
1639,0,2
1640,0,2
1641,0,2
1642,0,1
1643,0,2
1644,0,2
1645,0,2
1646,0,2
1647,0,2
1648,0,3
1649,0,2
1650,0,2
1651,0,2
1652,0,1
1653,0,3
1654,0,1
1655,0,3
1656,0,3
1657,0,1
1658,0,2
1659,0,2
1660,0,2
1661,0,2
1662,0,2
1663,0,2
1664,0,2
1665,0,2
1666,0,2
1667,0,2
1668,0,2
1669,0,0
1670,0,3
1671,0,2
1672,0,2
1673,0,2
1674,0,1
1675,0,2
1676,0,2
1677,0,2
1678,0,2
1679,0,2
1680,0,0
1681,0,2
1682,0,3
1683,0,2
1684,0,2
1685,0,2
1686,0,2
1687,0,2
1688,0,2
1689,0,2
1690,0,2
1691,0,2
1692,0,2
1693,0,2
1694,0,2
1695,0,2
1696,0,2
1697,0,3
1698,0,4
1699,0,3
1700,0,2
1701,0,2
1702,0,2
1703,0,2
1704,0,2
1705,0,2
1706,0,2
1707,0,2
1708,0,2
1709,0,1
1710,0,3
1711,0,1
1712,0,2
1713,0,2
1714,0,2
1715,0,2
1716,0,2
1717,0,2
1718,0,2
1719,0,2
1720,0,2
1721,0,2
1722,0,2
1723,0,2
1724,0,2
1725,0,2
1726,0,2
1727,0,2
1728,0,2
1729,0,2
1730,0,2
1731,0,3
1732,0,2
1733,0,2
1734,0,2
1735,0,2
1736,0,2
1737,0,2
1738,0,2
1739,0,2
1740,0,2
1741,0,2
1742,0,2
1743,0,2
1744,0,2
1745,0,2
1746,0,2
1747,0,2
1748,0,2
1749,0,2
1750,0,2
1751,0,2
1752,0,2
1753,0,2
1754,0,2
1755,0,2
1756,0,2
1757,0,2
1758,0,2
1759,0,2
1760,0,2
1761,0,2
1762,0,2
1763,0,2
1764,0,2
1765,0,2
1766,0,2
1767,0,2
1768,0,2
1769,0,2
1770,0,2
1771,0,2
1772,0,2
1773,0,2
1774,0,2
1775,0,2
1776,0,2
1777,0,2
1778,0,2
1779,0,2
1780,0,2
1781,0,2
1782,0,2
1783,0,2
1784,0,2
1785,0,2
1786,0,2
1787,0,2
1788,0,2
1789,0,2
1790,0,2
1791,0,2
1792,0,2
1793,0,2
1794,0,2
1795,0,2
1796,0,2
1797,0,2
1798,0,2
1799,0,2
1800,0,2
1801,0,2
1802,0,2
1803,0,2
1804,0,2
1805,0,2
1806,0,2
1807,0,2
1808,0,2
1809,0,2
1810,0,2
1811,0,2
1812,0,2
1813,0,2
1814,0,2
1815,0,2
1816,0,2
1817,0,2
1818,0,2
1819,0,2
1820,0,2
1821,0,2
1822,0,2
1823,0,2
1824,0,2
1825,0,2
1826,0,2
1827,0,2
1828,0,2
1829,0,2
1830,0,2
1831,0,2
1832,0,2
1833,0,2
1834,0,2
1835,0,2
1836,0,2
1837,0,2
1838,0,2
1839,0,2
1840,0,2
1841,0,2
1842,0,2
1843,0,2
1844,0,2
1845,0,2
1846,0,2
1847,0,2
1848,0,2
1849,0,2
1850,0,2
1851,0,2
1852,0,1
1853,0,1
1854,0,2
1855,0,2
1856,0,2
1857,0,2
1858,0,2
1859,0,2
1860,0,2
1861,0,2
1862,0,2
1863,0,2
1864,0,2
1865,0,2
1866,0,1
1867,0,2
1868,0,3
1869,0,2
1870,0,2
1871,0,2
1872,0,2
1873,0,2
1874,0,2
1875,0,2
1876,0,2
1877,0,2
1878,0,2
1879,0,2
1880,0,2
1881,0,2
1882,0,2
1883,0,2
1884,0,2
1885,0,1
1886,0,0
1887,0,0
1888,0,0
1889,0,3
1890,0,2
1891,0,2
1892,0,2
1893,0,2
1894,0,2
1895,0,2
1896,0,2
1897,0,2
1898,0,2
1899,0,2
1900,0,2
1901,0,2
1902,0,2
1903,0,2
1904,0,2
1905,0,2
1906,0,2
1907,0,2
1908,0,2
1909,0,2
1910,0,2
1911,0,2
1912,0,3
1913,0,2
1914,0,2
1915,0,2
1916,0,2
1917,0,0
1918,0,0
1919,0,2
1920,0,2
1921,0,2
1922,0,2
1923,0,2
1924,0,2
1925,0,2
1926,0,4
1927,0,2
1928,0,2
1929,0,2
1930,0,2
1931,0,2
1932,0,2
1933,0,2
1934,0,1
1935,0,2
1936,0,2
1937,0,2
1938,0,2
1939,0,2
1940,0,2
1941,0,1
1942,0,2
1943,0,1
1944,0,3
1945,0,2
1946,0,2
1947,0,2
1948,0,2
1949,0,2
1950,0,2
1951,0,2
1952,0,1
1953,0,2
1954,0,2
1955,0,2
1956,0,2
1957,0,2
1958,0,2
1959,0,2
1960,0,2
1961,0,2
1962,0,2
1963,0,2
1964,0,2
1965,0,2
1966,0,1
1967,0,1
1968,0,1
1969,0,1
1970,0,1
1971,0,2
1972,0,1
1973,0,2
1974,0,2
1975,0,2
1976,0,1
1977,0,2
1978,0,2
1979,0,2
1980,0,2
1981,0,2
1982,0,2
1983,0,2
1984,0,2
1985,0,2
1986,0,2
1987,0,2
1988,0,2
1989,0,2
1990,0,2
1991,0,2
1992,0,2
1993,0,2
1994,0,2
1995,0,2
1996,0,2
1997,0,1
1998,0,1
1999,0,2
2000,0,2
2001,0,3
2002,0,4
2003,0,2
2004,0,4
2005,0,4
2006,0,2
2007,0,2
2008,0,2
2009,0,2
2010,0,2
2011,0,2
2012,0,2
2013,0,3
2014,0,2
2015,0,2
2016,0,2
2017,0,2
2018,0,2
2019,0,2
2020,0,2
2021,0,2
2022,0,2
2023,0,2
2024,0,2
2025,0,2
2026,0,2
2027,0,2
2028,0,2
2029,0,3
2030,0,3
2031,0,2
2032,0,2
2033,0,2
2034,0,2
2035,0,2
2036,0,2
2037,0,2
2038,0,3
2039,0,1
2040,0,2
2041,0,2
2042,0,2
2043,0,1
2044,0,1
2045,0,1
2046,0,1
2047,0,2
2048,0,2
2049,0,2
2050,0,2
2051,0,2
2052,0,2
2053,0,2
2054,0,2
2055,0,2
2056,0,2
2057,0,2
2058,0,2
2059,0,2
2060,0,2
2061,0,2
2062,0,2
2063,0,2
2064,0,2
2065,0,4
2066,0,3
2067,0,2
2068,0,2
2069,0,2
2070,0,2
2071,0,2
2072,0,2
2073,0,2
2074,0,3
2075,0,3
2076,0,3
2077,0,1
2078,0,2
2079,0,1
2080,0,2
2081,0,1
2082,0,2
2083,0,2
2084,0,2
2085,0,2
2086,0,2
2087,0,2
2088,0,3
2089,0,2
2090,0,1
2091,0,1
2092,0,2
2093,0,2
2094,0,2
2095,0,1
2096,0,2
2097,0,2
2098,0,2
2099,0,3
2100,0,1
2101,0,2
2102,0,1
2103,0,2
2104,0,2
2105,0,2
2106,0,2
2107,0,2
2108,0,2
2109,0,2
2110,0,2
2111,0,0
2112,0,0
2113,0,2
2114,0,2
2115,0,1
2116,0,1
2117,0,2
2118,0,2
2119,0,1
2120,0,2
2121,0,2
2122,0,2
2123,0,1
2124,0,2
2125,0,2
2126,0,2
2127,0,2
2128,0,2
2129,0,2
2130,0,2
2131,0,2
2132,0,2
2133,0,2
2134,0,2
2135,0,2
2136,0,2
2137,0,2
2138,0,2
2139,0,2
2140,0,3
2141,0,3
2142,0,2
2143,0,2
2144,0,2
2145,0,1
2146,0,1
2147,0,2
2148,0,2
2149,0,2
2150,0,2
2151,0,2
2152,0,2
2153,0,2
2154,0,2
2155,0,1
2156,0,2
2157,0,2
2158,0,2
2159,0,2
2160,0,2
2161,0,2
2162,0,2
2163,0,2
2164,0,2
2165,0,3
2166,0,2
2167,0,2
2168,0,2
2169,0,2
2170,0,3
2171,0,3
2172,0,3
2173,0,3
2174,0,3
2175,0,1
2176,0,3
2177,0,2
2178,0,2
2179,0,3
2180,0,3
2181,0,2
2182,0,2
2183,0,3
2184,0,3
2185,0,1
2186,0,1
2187,0,1
2188,0,3
2189,0,2
2190,0,2
2191,0,2
2192,0,2
2193,0,2
2194,0,2
2195,0,2
2196,0,2
2197,0,1
2198,0,1
2199,0,2
2200,0,2
2201,0,2
2202,0,2
2203,0,2
2204,0,2
2205,0,2
2206,0,2
2207,0,2
2208,0,2
2209,0,1
2210,0,2
2211,0,2
2212,0,1
2213,0,2
2214,0,2
2215,0,2
2216,0,2
2217,0,3
2218,0,2
2219,0,2
2220,0,2
2221,0,1
2222,0,1
2223,0,2
2224,0,2
2225,0,2
2226,0,2
2227,0,2
2228,0,2
2229,0,3
2230,0,3
2231,0,3
2232,0,3
2233,0,1
2234,0,3
2235,0,3
2236,0,2
2237,0,2
2238,0,2
2239,0,2
2240,0,2
2241,0,2
2242,0,2
2243,0,2
2244,0,1
2245,0,2
2246,0,2
2247,0,1
2248,0,2
2249,0,2
2250,0,2
2251,0,1
2252,0,2
2253,0,2
2254,0,2
2255,0,2
2256,0,2
2257,0,2
2258,0,0
2259,0,0
2260,0,2
2261,0,2
2262,0,2
2263,0,2
2264,0,2
2265,0,2
2266,0,2
2267,0,2
2268,0,3
2269,0,1
2270,0,1
2271,0,1
2272,0,1
2273,0,0
2274,0,2
2275,0,2
2276,0,4
2277,0,1
2278,0,2
2279,0,2
2280,0,2
2281,0,3
2282,0,2
2283,0,2
2284,0,1
2285,0,2
2286,0,2
2287,0,2
2288,0,1
2289,0,3
2290,0,2
2291,0,2
2292,0,2
2293,0,2
2294,0,2
2295,0,2
2296,0,3
2297,0,3
2298,0,2
2299,0,2
2300,0,2
2301,0,0
2302,0,2
2303,0,2
2304,0,3
2305,0,2
2306,0,2
2307,0,1
2308,0,1
2309,0,2
2310,0,2
2311,0,2
2312,0,2
2313,0,1
2314,0,2
2315,0,2
2316,0,2
2317,0,1
2318,0,2
2319,0,1
2320,0,1
2321,0,2
2322,0,1
2323,0,1
2324,0,2
2325,0,2
2326,0,1
2327,0,2
2328,0,2
2329,0,1
2330,0,2
2331,0,2
2332,0,2
2333,0,1
2334,0,1
2335,0,1
2336,0,3
2337,0,2
2338,0,2
2339,0,2
2340,0,0
2341,0,2
2342,0,2
2343,0,2
2344,0,2
2345,0,2
2346,0,2
2347,0,1
2348,0,1
2349,0,1
2350,0,2
2351,0,2
2352,0,3
2353,0,1
2354,0,4
2355,0,1
2356,0,2
2357,0,2
2358,0,2
2359,0,2
2360,0,2
2361,0,2
2362,0,2
2363,0,2
2364,0,2
2365,0,2
2366,0,1
2367,0,3
2368,0,2
2369,0,2
2370,0,4
2371,0,2
2372,0,2
2373,0,2
2374,0,2
2375,0,2
2376,0,2
2377,0,2
2378,0,1
2379,0,2
2380,0,2
2381,0,2
2382,0,2
2383,0,2
2384,0,2
2385,0,2
2386,0,0
2387,0,1
2388,0,2
2389,0,2
2390,0,1
2391,0,2
2392,0,2
2393,0,2
2394,0,2
2395,0,2
2396,0,0
2397,0,1
2398,0,1
2399,0,1
2400,0,1
2401,0,2
2402,0,0
2403,0,2
2404,0,2
2405,0,2
2406,0,2
2407,0,2
2408,0,1
2409,0,3
2410,0,1
2411,0,1
2412,0,1
2413,0,1
2414,0,3
2415,0,3
2416,0,3
2417,0,1
2418,0,2
2419,0,1
2420,0,1
2421,0,2
2422,0,1
2423,0,1
2424,0,1
2425,0,3
2426,0,3
2427,0,1
2428,0,2
2429,0,1
2430,0,1
2431,0,2
2433,0,2
2434,0,2
2435,0,2
2436,0,2
2437,0,2
2438,0,2
2439,0,1
2440,0,3
2441,0,3
2442,0,3
2443,0,3
2444,0,2
2445,0,2
2446,0,2
2447,0,2
2448,0,2
2449,0,0
2450,0,1
2451,0,1
2452,0,2
2453,0,1
2454,0,3
2455,0,2
2456,0,2
2457,0,1
2458,0,1
2459,0,3
2460,0,2
2461,0,2
2462,0,2
2463,0,2
2464,0,2
2465,0,1
2466,0,2
2467,0,2
2468,0,2
2469,0,2
2470,0,3
2471,0,2
2472,0,2
2473,0,2
2474,0,2
2475,0,4
2476,0,2
2477,0,2
2478,0,2
2479,0,2
2480,0,2
2481,0,2
2482,0,2
2483,0,2
2484,0,1
2485,0,2
2486,0,2
2487,0,2
2488,0,2
2489,0,2
2490,0,2
2491,0,2
2492,0,2
2493,0,2
2494,0,1
2495,0,2
2496,0,2
2497,0,2
2498,0,2
2499,0,2
2500,0,0
2501,0,1
2502,0,1
2503,0,2
2504,0,2
2505,0,3
2506,0,3
2507,0,2
2508,0,2
2509,0,2
2510,0,2
2511,0,2
2512,0,2
2513,0,3
2514,0,1
2515,0,1
2516,0,3
2517,0,1
2518,0,3
2519,0,2
2520,0,1
2521,0,2
2522,0,2
2523,0,3
2524,0,0
2525,0,0
2526,0,0
2527,0,0
2528,0,0
2529,0,0
2530,0,2
2531,0,0
2532,0,2
2533,0,2
2534,0,2
2535,0,2
2536,0,2
2537,0,2
2538,0,1
2539,0,3
2540,0,3
2541,0,3
2542,0,3
2543,0,2
2544,0,2
2545,0,2
2546,0,2
2547,0,1
2548,0,1
2549,0,1
2550,0,2
2551,0,3
2552,0,3
2553,0,2
2554,0,2
2555,0,4
2556,0,3
2557,0,2
2558,0,2
2559,0,2
2560,0,2
2561,0,2
2562,0,2
2563,0,2
2564,0,3
2565,0,2
2566,0,2
2567,0,4
2568,0,1
2569,0,2
2570,0,2
2571,0,2
2572,0,2
2573,0,2
2574,0,2
2575,0,2
2576,0,2
2577,0,1
2578,0,0
2579,0,0
2580,0,4
2581,0,1
2582,0,1
2583,0,2
2584,0,4
2585,0,0
2586,0,2
2587,0,0
2588,0,2
2589,0,4
2590,0,4
2591,0,2
2592,0,1
2593,0,2
2594,0,2
2595,0,1
2596,0,1
2597,0,2
2598,0,3
2599,0,3
2600,0,2
2601,0,2
2602,0,1
2603,0,2
2604,0,2
2605,0,2
2606,0,2
2607,0,2
2608,0,2
2609,0,0
2610,0,1
2611,0,1
2612,0,2
2613,0,1
2614,0,1
2615,0,2
2616,0,2
2617,0,2
2618,0,2
2619,0,2
2620,0,2
2621,0,2
2622,0,4
2623,0,4
2624,0,2
2625,0,1
2626,0,3
2627,0,3
2628,0,2
2629,0,1
2630,0,2
2631,0,2
2632,0,2
2633,0,2
2634,0,3
2635,0,3
2636,0,2
2637,0,2
2638,0,2
2639,0,3
2640,0,3
2641,0,2
2642,0,0
2643,0,0
2644,0,2
2645,0,2
2646,0,2
2647,0,2
2648,0,2
2649,0,2
2650,0,2
2651,0,0
2652,0,2
2653,0,3
2654,0,3
2655,0,2
2656,0,3
2657,0,2
2658,0,2
2659,0,0
2660,0,4
2661,0,4
2662,0,2
2663,0,3
2664,0,2
2665,0,2
2666,0,1
2667,0,1
2668,0,2
2669,0,2
2670,0,2
2671,0,2
2672,0,4
2673,0,2
2674,0,3
2675,0,3
2676,0,2
2677,0,2
2678,0,2
2679,0,2
2680,0,2
2681,0,2
2682,0,2
2683,0,2
2684,0,2
2685,0,2
2686,0,2
2687,0,2
2688,0,2
2689,0,2
2690,0,2
2691,0,2
2692,0,2
2693,0,1
2694,0,2
2695,0,2
2696,0,1
2697,0,2
2698,0,2
2699,0,2
2700,0,3
2701,0,3
2702,0,3
2703,0,4
2704,0,3
2705,0,3
2706,0,1
2707,0,4
2708,0,3
2709,0,3
2710,0,3
2711,0,3
2712,0,3
2713,0,3
2714,0,3
2715,0,3
2716,0,3
2717,0,3
2718,0,0
2719,0,1
2720,0,2
2721,0,4
2722,0,3
2723,0,3
2724,0,3
2725,0,3
2726,0,4
2727,0,3
2728,0,4
2729,0,3
2730,0,3
2731,0,1
2732,0,1
2733,0,2
2734,0,0
2735,0,0
2736,0,0
2737,0,0
2738,0,2
2739,0,0
2740,0,0
2741,0,2
2742,0,2
2743,0,0
2744,0,0
2745,0,0
2746,0,3
2747,0,1
2748,0,2
2749,0,2
2750,0,2
2751,0,2
2752,0,2
2753,0,2
2754,0,2
2755,0,4
2756,0,2
2757,0,2
2758,0,0
2759,0,3
2760,0,3
2761,0,3
2762,0,2
2763,0,1
2764,0,2
2765,0,2
2766,0,1
2767,0,2
2768,0,2
2769,0,2
2770,0,2
2771,0,2
2772,0,2
2773,0,2
2774,0,2
2775,0,1
2776,0,1
2777,0,2
2778,0,2
2779,0,2
2780,0,2
2781,0,2
2782,0,2
2783,0,2
2784,0,2
2785,0,2
2786,0,2
2787,0,2
2788,0,1
2789,0,2
2790,0,2
2791,0,2
2792,0,2
2793,0,1
2794,0,2
2795,0,1
2796,0,2
2797,0,2
2798,0,2
2799,0,4
2800,0,2
2801,0,4
2802,0,4
2803,0,3
2804,0,3
2805,0,4
2806,0,4
2807,0,2
2808,0,1
2809,0,1
2810,0,3
2811,0,3
2812,0,3
2813,0,3
2814,0,3
2815,0,3
2816,0,3
2817,0,2
2818,0,2
2819,0,0
2820,0,0
2821,0,0
2822,0,2
2823,0,2
2824,0,2
2825,0,2
2826,0,1
2827,0,2
2828,0,2
2829,0,2
2830,0,2
2831,0,2
2832,0,2
2833,0,2
2834,0,0
2835,0,0
2836,0,1
2837,0,2
2838,0,2
2839,0,2
2840,0,0
2841,0,0
2842,0,1
2843,0,2
2844,0,2
2845,0,2
2846,0,2
2847,0,2
2848,0,2
2849,0,1
2850,0,2
2851,0,2
2852,0,2
2853,0,2
2854,0,2
2855,0,2
2856,0,2
2857,0,2
2858,0,2
2859,0,1
2860,0,2
2861,0,4
2862,0,2
2863,0,2
2864,0,3
2865,0,3
2866,0,2
2867,0,2
2868,0,2
2869,0,2
2870,0,2
2871,0,2
2872,0,1
2873,0,1
2874,0,1
2875,0,1
2876,0,2
2877,0,3
2878,0,2
2879,0,0
2880,0,3
2881,0,4
2882,0,3
2883,0,1
2884,0,3
2885,0,3
2886,0,3
2887,0,2
2888,0,2
2889,0,3
2890,0,3
2891,0,3
2892,0,2
2893,0,1
2894,0,1
2895,0,0
2896,0,0
2897,0,2
2898,0,2
2899,0,2
2900,0,3
2901,0,4
2902,0,3
2903,0,3
2904,0,3
2905,0,1
2906,0,3
2907,0,4
2908,0,3
2909,0,3
2910,0,3
2911,0,3
2912,0,3
2913,0,4
2914,0,3
2915,0,4
2916,0,3
2918,0,2
2919,0,3
2920,0,2
2921,0,2
2922,0,2
2923,0,0
2924,0,2
2925,0,2
2926,0,2
2927,0,2
2928,0,2
2929,0,4
2930,0,3
2931,0,3
2932,0,3
2933,0,3
2934,0,3
2935,0,3
2936,0,3
2937,0,2
2938,0,2
2939,0,2
2940,0,2
2941,0,1
2942,0,3
2943,0,3
2944,0,2
2945,0,1
2946,0,2
2947,0,2
2948,0,2
2949,0,2
2950,0,2
2951,0,2
2952,0,3
2953,0,3
2954,0,1
2955,0,1
2956,0,1
2957,0,3
2958,0,1
2959,0,3
2960,0,2
2961,0,3
2962,0,1
2963,0,3
2964,0,3
2965,0,3
2966,0,3
2967,0,1
2968,0,3
2969,0,3
2970,0,1
2971,0,1
2972,0,1
2973,0,3
2974,0,3
2975,0,1
2976,0,3
2977,0,3
2978,0,3
2979,0,3
2980,0,3
2981,0,3
2982,0,3
2983,0,3
2984,0,3
2985,0,3
2986,0,3
2987,0,3
2988,0,3
2989,0,2
2990,0,2
2991,0,0
2992,0,0
2993,0,2
2994,0,1
2995,0,1
2996,0,1
2997,0,1
2998,0,1
2999,0,1
3000,0,1
3001,0,3
3002,0,3
3003,0,3
3004,0,3
3005,0,1
3006,0,4
3007,0,4
3008,0,3
3009,0,3
3010,0,3
3011,0,3
3012,0,3
3013,0,4
3014,0,4
3015,0,3
3016,0,1
3017,0,3
3018,0,1
3019,0,4
3020,0,1
3021,0,2
3022,0,2
3023,0,3
3024,0,1
3025,0,3
3026,0,4
3027,0,2
3028,0,2
3029,0,2
3030,0,2
3031,0,2
3032,0,2
3033,0,2
3034,0,4
3035,0,4
3036,0,2
3037,0,2
3038,0,2
3039,0,2
3040,0,4
3041,0,1
3042,0,3
3043,0,4
3044,0,4
3045,0,1
3046,0,4
3047,0,4
3048,0,1
3049,0,1
3050,0,2
3051,0,2
3052,0,4
3053,0,4
3054,0,2
3055,0,2
3056,0,1
3057,0,4
3058,0,3
3059,0,3
3060,0,4
3061,0,4
3062,0,2
3063,0,1
3064,0,1
3065,0,2
3066,0,3
3067,0,3
3068,0,3
3069,0,4
3070,0,1
3071,0,3
3072,0,4
3073,0,3
3074,0,2
3075,0,2
3076,0,0
3077,0,0
3078,0,2
3079,0,2
3080,0,2
3081,0,4
3082,0,2
3083,0,4
3084,0,4
3085,0,3
3086,0,1
3087,0,3
3088,0,1
3089,0,4
3090,0,1
3091,0,0
3092,0,1
3093,0,1
3094,0,1
3095,0,4
3096,0,4
3097,0,1
3098,0,1
3099,0,3
3100,0,3
3101,0,3
3102,0,1
3103,0,1
3104,0,3
3105,0,1
3106,0,3
3107,0,4
3108,0,1
3109,0,3
3110,0,3
3111,0,4
3112,0,1
3113,0,3
3114,0,3
3115,0,3
3116,0,3
3117,0,3
3118,0,3
3119,0,2
3120,0,4
3121,0,3
3122,0,1
3123,0,3
3124,0,3
3125,0,3
3126,0,3
3127,0,1
3128,0,1
3129,0,1
3130,0,1
3131,0,1
3132,0,1
3133,0,3
3134,0,3
3135,0,3
3136,0,0
3137,0,0
3138,0,3
3139,0,4
3140,0,3
3141,0,4
3142,0,4
3143,0,2
3144,0,0
3145,0,3
3146,0,3
3147,0,3
3148,0,3
3149,0,3
3150,0,3
3151,0,2
3152,0,3
3153,0,3
3154,0,2
3155,0,2
3156,0,1
3157,0,2
3158,0,2
3159,0,2
3160,0,2
3161,0,4
3162,0,4
3163,0,2
3164,0,4
3165,0,2
3166,0,2
3167,0,2
3168,0,2
3169,0,1
3170,0,2
3171,0,2
3172,0,1
3173,0,3
3174,0,4
3175,0,3
3176,0,1
3177,0,1
3178,0,2
3179,0,2
3180,0,2
3181,0,2
3182,0,2
3183,0,2
3184,0,2
3185,0,2
3186,0,1
3187,0,2
3188,0,3
3189,0,3
3190,0,3
3191,0,2
3192,0,2
3193,0,2
3194,0,3
3195,0,0
3196,0,2
3197,0,3
3198,0,1
3199,0,2
3200,0,2
3201,0,2
3202,0,2
3203,0,3
3204,0,3
3205,0,2
3206,0,2
3207,0,2
3208,0,2
3209,0,2
3210,0,2
3211,0,1
3212,0,2
3213,0,2
3214,0,2
3215,0,2
3216,0,0
3217,0,2
3218,0,2
3219,0,1
3220,0,3
3221,0,0
3222,0,0
3223,0,2
3224,0,3
3225,0,0
3226,0,1
3227,0,2
3228,0,2
3229,0,2
3230,0,1
3231,0,2
3232,0,2
3233,0,1
3234,0,0
3235,0,2
3236,0,1
3237,0,2
3238,0,2
3239,0,1
3240,0,3
3241,0,3
3242,0,3
3243,0,3
3244,0,1
3245,0,3
3246,0,1
3247,0,1
3248,0,1
3249,0,0
3250,0,0
3251,0,0
3252,0,1
3253,0,4
3254,0,2
3255,0,0
3256,0,3
3257,0,4
3258,0,3
3259,0,3
3260,0,3
3261,0,3
3262,0,3
3263,0,3
3264,0,3
3265,0,4
3266,0,4
3267,0,4
3268,0,3
3269,0,1
3270,0,3
3271,0,3
3272,0,3
3273,0,1
3274,0,4
3275,0,4
3276,0,4
3277,0,4
3278,0,1
3279,0,3
3280,0,3
3281,0,4
3282,0,4
3283,0,1
3284,0,3
3285,0,3
3286,0,3
3287,0,3
3288,0,3
3289,0,3
3290,0,2
3291,0,1
3292,0,3
3293,0,1
3294,0,1
3295,0,4
3296,0,1
3297,0,1
3298,0,0
3299,0,3
3300,0,0
3301,0,0
3302,0,1
3303,0,1
3304,0,1
3305,0,3
3306,0,1
3307,0,3
3308,0,4
3309,0,1
3310,0,3
3311,0,3
3312,0,1
3313,0,3
3314,0,3
3315,0,1
3316,0,4
3317,0,0
3318,0,3
3319,0,3
3320,0,3
3321,0,3
3322,0,3
3323,0,3
3324,0,3
3325,0,3
3326,0,3
3327,0,3
3328,0,3
3329,0,3
3330,0,1
3331,0,1
3332,0,3
3333,0,1
3334,0,1
3335,0,1
3336,0,1
3337,0,1
3338,0,1
3339,0,1
3340,0,1
3341,0,1
3342,0,1
3343,0,1
3344,0,1
3345,0,1
3346,0,1
3347,0,1
3348,0,1
3349,0,1
3350,0,1
3351,0,1
3352,0,1
3353,0,1
3354,0,1
3355,0,2
3356,0,2
3357,0,2
3358,0,2
3359,0,2
3360,0,2
3361,0,2
3362,0,2
3363,0,2
3364,0,2
3365,0,2
3366,0,2
3367,0,1
3368,0,1
3369,0,1
3370,0,3
3371,0,3
3372,0,1
3373,0,0
3374,0,3
3375,0,3
3376,0,3
3377,0,4
3378,0,0
3379,0,3
3380,0,3
3381,0,1
3382,0,4
3383,0,3
3384,0,3
3385,0,3
3386,0,1
3387,0,4
3388,0,4
3389,0,1
3390,0,4
3391,0,3
3392,0,1
3393,0,4
3394,0,1
3395,0,4
3396,0,3
3397,0,3
3398,0,0
3399,0,1
3400,0,0
3401,0,4
3402,0,1
3403,0,4
3404,0,3
3405,0,3
3406,0,4
3407,0,3
3408,0,4
3409,0,1
3410,0,3
3411,0,3
3412,0,3
3413,0,4
3414,0,1
3415,0,4
3416,0,1
3417,0,1
3418,0,1
3419,0,3
3420,0,1
3421,0,4
3422,0,3
3423,0,4
3424,0,4
3425,0,1
3426,0,1
3427,0,4
3428,0,4
3429,0,4
3430,0,3
3431,0,1
3432,0,3
3433,0,3
3434,0,4
3436,0,4
3437,0,4
3438,0,3
3439,0,3
3440,0,1
3441,0,3
3442,0,3
3443,0,3
3444,0,4
3445,0,3
3446,0,3
3447,0,3
3448,0,1
3449,0,1
3450,0,0
3451,0,0
3452,0,3
3453,0,3
3454,0,3
3455,0,4
3456,0,1
3457,0,1
3458,0,3
3459,0,1
3460,0,1
3461,0,3
3462,0,3
3463,0,4
3464,0,3
3465,0,3
3466,0,3
3467,0,3
3468,0,3
3469,0,2
3470,0,3
3471,0,3
3472,0,3
3473,0,3
3474,0,1
3475,0,3
3476,0,3
3477,0,3
3478,0,1
3479,0,4
3480,0,1
3481,0,4
3482,0,1
3483,0,2
3484,0,3
3485,0,1
3486,0,4
3487,0,1
3488,0,1
3489,0,3
3490,0,1
3491,0,3
3492,0,1
3493,0,1
3494,0,1
3495,0,1
3496,0,4
3497,0,1
3498,0,3
3499,0,0
3500,0,3
3501,0,3
3502,0,0
3503,0,1
3504,0,3
3505,0,3
3506,0,3
3507,0,1
3508,0,4
3509,0,1
3510,0,4
3511,0,4
3512,0,4
3513,0,3
3514,0,3
3515,0,3
3516,0,1
3517,0,3
3518,0,3
3519,0,3
3520,0,3
3521,0,3
3522,0,3
3523,0,3
3524,0,3
3525,0,1
3526,0,0
3527,0,3
3528,0,4
3529,0,4
3530,0,4
3531,0,4
3532,0,4
3533,0,1
3534,0,3
3535,0,3
3536,0,3
3537,0,1
3538,0,3
3539,0,4
3540,0,4
3541,0,3
3542,0,1
3543,0,4
3544,0,1
3546,0,3
3547,0,3
3548,0,4
3549,0,3
3550,0,4
3551,0,3
3552,0,4
3553,0,3
3554,0,4
3555,0,3
3556,0,3
3557,0,3
3558,0,1
3559,0,3
3560,0,4
3561,0,3
3562,0,3
3563,0,3
3564,0,0
3565,0,4
3566,0,3
3567,0,0
3568,0,3
3569,0,3
3570,0,3
3571,0,3
3572,0,3
3573,0,3
3574,0,3
3575,0,3
3576,0,1
3577,0,3
3578,0,3
3579,0,3
3580,0,1
3581,0,3
3582,0,1
3583,0,1
3584,0,4
3585,0,4
3586,0,3
3587,0,3
3588,0,3
3589,0,3
3590,0,3
3591,0,2
3592,0,1
3593,0,4
3594,0,3
3595,0,3
3596,0,0
3597,0,0
3599,0,1
3600,0,3
3601,0,3
3602,0,3
3603,0,1
3604,0,3
3605,0,1
3606,0,0
3607,0,4
3608,0,3
3609,0,3
3610,0,3
3611,0,3
3612,0,4
3613,0,1
3614,0,3
3615,0,1
3616,0,3
3617,0,3
3618,0,3
3619,0,1
3620,0,4
3621,0,3
3622,0,0
3623,0,3
3624,0,3
3625,0,3
3626,0,3
3627,0,3
3628,0,3
3629,0,3
3630,0,3
3631,0,3
3632,0,3
3633,0,3
3634,0,0
3635,0,0
3636,0,1
3637,0,1
3638,0,3
3639,0,4
3640,0,1
3641,0,1
3642,0,1
3643,0,4
3644,0,3
3645,0,1
3646,0,0
3647,0,0
3648,0,0
3649,0,1
3650,0,1
3651,0,3
3652,0,3
3653,0,1
3654,0,1
3655,0,0
3656,0,3
3657,0,3
3658,0,3
3659,0,1
3660,0,3
3661,0,1
3662,0,1
3663,0,4
3664,0,4
3665,0,1
3666,0,3
3667,0,3
3668,0,1
3669,0,3
3670,0,3
3671,0,4
3672,0,4
3673,0,3
3674,0,3
3675,0,3
3676,0,3
3677,0,3
3678,0,4
3679,0,1
3680,0,0
3681,0,0
3682,0,0
3683,0,0
3684,0,4
3685,0,1
3686,0,0
3687,0,0
3688,0,2
3689,0,3
3690,0,4
3691,0,1
3692,0,1
3693,0,0
3694,0,0
3695,0,3
3696,0,4
3697,0,3
3698,0,1
3699,0,1
3700,0,1
3701,0,3
3702,0,3
3703,0,3
3704,0,3
3705,0,1
3706,0,3
3707,0,3
3708,0,1
3709,0,1
3710,0,1
3711,0,4
3712,0,3
3713,0,3
3714,0,3
3715,0,1
3716,0,1
3717,0,1
3718,0,3
3719,0,3
3720,0,1
3721,0,1
3722,0,3
3723,0,3
3724,0,1
3725,0,3
3726,0,3
3727,0,3
3728,0,3
3729,0,3
3730,0,1
3731,0,3
3732,0,3
3733,0,4
3734,0,4
3735,0,1
3736,0,3
3737,0,1
3738,0,1
3739,0,1
3740,0,3
3741,0,3
3742,0,0
3743,0,0
3744,0,4
3745,0,1
3746,0,3
3747,0,4
3748,0,3
3749,0,1
3750,0,0
3751,0,3
3752,0,0
3753,0,1
3754,0,3
3755,0,3
3756,0,4
3757,0,3
3758,0,2
3759,0,1
3760,0,3
3761,0,0
3762,0,0
3763,0,0
3764,0,1
3765,0,1
3766,0,3
3767,0,1
3768,0,2
3769,0,1
3770,0,3
3771,0,0
3772,0,0
3773,0,1
3774,0,1
3775,0,0
3776,0,4
3777,0,1
3778,0,4
3779,0,3
3780,0,3
3781,0,3
3782,0,1
3783,0,1
3784,0,1
3785,0,3
3786,0,4
3787,0,4
3788,0,4
3789,0,4
3790,0,4
3791,0,1
3792,0,1
3793,0,3
3794,0,3
3795,0,1
3796,0,1
3797,0,4
3798,0,4
3799,0,4
3800,0,1
3801,0,1
3802,0,3
3803,0,1
3804,0,3
3805,0,3
3806,0,3
3807,0,1
3808,0,1
3809,0,1
3810,0,1
3811,0,2
3812,0,1
3813,0,1
3814,0,1
3815,0,3
3816,0,1
3817,0,1
3818,0,1
3819,0,1
3820,0,3
3821,0,3
3822,0,1
3823,0,1
3824,0,3
3825,0,3
3826,0,1
3827,0,1
3828,0,3
3829,0,1
3830,0,1
3831,0,1
3832,0,1
3833,0,0
3834,0,1
3835,0,1
3836,0,1
3837,0,1
3838,0,0
3839,0,2
3840,0,1
3841,0,0
3842,0,1
3843,0,3
3844,0,1
3845,0,3
3846,0,1
3847,0,1
3848,0,1
3849,0,1
3850,0,1
3851,0,1
3852,0,2
3853,0,1
3854,0,1
3855,0,1
3856,0,3
3857,0,0
3858,0,0
3859,0,0
3860,0,1
3861,0,1
3862,0,1
3863,0,1
3864,0,1
3865,0,2
3866,0,1
3867,0,1
3868,0,3
3869,0,3
3870,0,1
3871,0,3
3872,0,3
3873,0,1
3874,0,1
3875,0,1
3876,0,1
3877,0,1
3878,0,0
3879,0,0
3880,0,0
3881,0,1
3882,0,1
3883,0,4
3884,0,4
3885,0,4
3886,0,3
3887,0,1
3888,0,1
3889,0,1
3890,0,1
3891,0,1
3892,0,0
3893,0,1
3894,0,1
3895,0,1
3896,0,4
3897,0,0
3898,0,0
3899,0,3
3900,0,0
3901,0,1
3902,0,1
3903,0,0
3904,0,1
3905,0,1
3906,0,1
3907,0,2
3908,0,1
3909,0,3
3910,0,3
3911,0,1
3912,0,4
3913,0,1
3914,0,1
3915,0,1
3916,0,4
3917,0,1
3918,0,2
3919,0,1
3920,0,3
3921,0,1
3922,0,3
3923,0,3
3924,0,1
3925,0,4
3926,0,0
3927,0,0
3928,0,0
3929,0,1
3930,0,1
3931,0,1
3932,0,1
3933,0,1
3934,0,1
3935,0,1
3936,0,3
3937,0,3
3938,0,0
3939,0,1
3940,0,1
3941,0,1
3942,0,0
3943,0,3
3944,0,4
3945,0,1
3946,0,1
3947,0,3
3948,0,2
3949,0,1
3950,0,1
3951,0,2
3952,0,2
3953,0,2
3954,0,2
3955,0,2
3956,0,2
3957,0,1
3958,0,1
3959,0,1
3960,0,1
3961,0,1
3962,0,1
3963,0,1
3964,0,1
3965,0,1
3966,0,1
3967,0,1
3968,0,2
3969,0,2
3970,0,2
3971,0,2
3972,0,2
3973,0,2
3974,0,2
3975,0,2
3976,0,2
3977,0,2
3978,0,2
3979,0,2
3980,0,2
3981,0,2
3982,0,2
3983,0,2
3984,0,2
3985,0,2
3986,0,2
3987,0,2
3988,0,2
3989,0,2
3990,0,2
3991,0,2
3992,0,2
3993,0,2
3994,0,2
3995,0,1
3996,0,1
3997,0,2
3998,0,2
3999,0,2
4000,0,2
4001,0,2
4002,0,2
4003,0,2
4004,0,2
4005,0,2
4006,0,2
4007,0,2
4008,0,2
4009,0,2
4010,0,2
4011,0,2
4012,0,2
4013,0,2
4014,0,2
4015,0,2
4016,0,2
4017,0,2
4018,0,2
4019,0,2
4020,0,2
4021,0,2
4022,0,2
4023,0,2
4024,0,2
4025,0,2
4026,0,2
4027,0,2
4028,0,2
4029,0,2
4030,0,2
4031,0,2
4032,0,2
4033,0,2
4034,0,2
4035,0,2
4036,0,2
4037,0,2
4038,0,2
4039,0,2
4040,0,2
4041,0,2
4042,0,2
4043,0,2
4044,0,2
4045,0,2
4046,0,2
4047,0,2
4048,0,2
4049,0,2
4050,0,2
4051,0,2
4052,0,2
4053,0,2
4054,0,2
4055,0,2
4056,0,2
4057,0,2
4058,0,2
4059,0,2
4060,0,2
4061,0,2
4062,0,2
4063,0,2
4064,0,2
4065,0,2
4066,0,2
4067,0,2
4068,0,2
4069,0,2
4070,0,2
4071,0,2
4072,0,2
4073,0,2
4074,0,2
4075,0,2
4076,0,2
4077,0,2
4078,0,2
4079,0,2
4080,0,2
4081,0,2
4082,0,2
4083,0,2
4084,0,2
4085,0,2
4086,0,2
4087,0,2
4088,0,2
4089,0,2
4090,0,2
4091,0,2
4092,0,2
4093,0,2
4094,0,2
4095,0,2
4096,0,2
4097,0,2
4098,0,2
4099,0,2
4100,0,2
4101,0,2
4102,0,2
4103,0,2
4104,0,2
4105,0,2
4106,0,2
4107,0,2
4108,0,2
4109,0,2
4110,0,2
4111,0,2
4112,0,2
4113,0,2
4114,0,2
4115,0,2
4116,0,2
4117,0,2
4118,0,2
4119,0,2
4120,0,2
4121,0,2
4122,0,2
4123,0,2
4124,0,2
4125,0,2
4126,0,2
4127,0,2
4128,0,2
4129,0,2
4130,0,2
4131,0,2
4132,0,2
4133,0,2
4134,0,2
4135,0,2
4136,0,2
4137,0,2
4138,0,2
4139,0,2
4140,0,2
4141,0,2
4142,0,2
4143,0,2
4144,0,2
4145,0,2
4146,0,2
4147,0,2
4148,0,2
4149,0,2
4150,0,2
4151,0,2
4152,0,2
4153,0,2
4154,0,2
4155,0,2
4156,0,2
4157,0,2
4158,0,2
4159,0,2
4160,0,2
4161,0,2
4162,0,2
4163,0,2
4164,0,2
4165,0,2
4166,0,2
4167,0,2
4168,0,2
4169,0,2
4170,0,2
4171,0,2
4172,0,2
4173,0,2
4174,0,2
4175,0,2
4176,0,2
4177,0,2
4178,0,2
4179,0,2
4180,0,2
4181,0,2
4182,0,2
4183,0,2
4184,0,2
4185,0,2
4186,0,2
4187,0,2
4188,0,2
4189,0,2
4190,0,2
4191,0,2
4192,0,2
4193,0,2
4194,0,2
4195,0,2
4196,0,2
4197,0,2
4198,0,2
4199,0,2
4200,0,2
4201,0,2
4202,0,2
4203,0,2
4204,0,2
4205,0,2
4206,0,2
4207,0,2
4208,0,2
4209,0,2
4210,0,2
4211,0,2
4212,0,2
4213,0,1
4214,0,1
4215,0,2
4216,0,2
4217,0,2
4218,0,2
4219,0,1
4220,0,2
4221,0,1
4222,0,2
4223,0,2
4224,0,2
4225,0,2
4226,0,2
4227,0,2
4228,0,2
4229,0,2
4230,0,4
4231,0,4
4232,0,4
4233,0,4
4234,0,4
4235,0,2
4236,0,2
4237,0,3
4238,0,3
4239,0,2
4240,0,1
4241,0,1
4242,0,2
4243,0,2
4244,0,2
4245,0,2
4246,0,2
4247,0,0
4248,0,2
4249,0,4
4250,0,0
4251,0,2
4252,0,3
4253,0,4
4254,0,4
4255,0,3
4256,0,2
4257,0,2
4258,0,2
4259,0,2
4260,0,2
4261,0,2
4262,0,1
4263,0,1
4264,0,2
4265,0,2
4266,0,2
4267,0,1
4268,0,2
4269,0,2
4270,0,2
4271,0,2
4272,0,1
4273,0,2
4274,0,2
4275,0,2
4276,0,2
4277,0,1
4278,0,1
4279,0,2
4280,0,1
4281,0,1
4282,0,1
4283,0,2
4284,0,1
4285,0,2
4286,0,2
4287,0,2
4288,0,2
4289,0,0
4290,0,1
4291,0,1
4292,0,1
4293,0,2
4294,0,2
4295,0,2
4296,0,2
4297,0,2
4298,0,2
4299,0,2
4300,0,2
4301,0,1
4302,0,2
4303,0,2
4304,0,2
4305,0,2
4306,0,2
4307,0,2
4308,0,2
4309,0,2
4310,0,2
4311,0,2
4312,0,2
4313,0,1
4314,0,1
4315,0,2
4316,0,1
4317,0,2
4318,0,1
4319,0,2
4320,0,1
4321,0,1
4322,0,0
4323,0,0
4324,0,1
4325,0,2
4326,0,2
4327,0,2
4328,0,1
4329,0,1
4330,0,2
4331,0,2
4332,0,0
4333,0,2
4334,0,1
4335,0,2
4336,0,2
4337,0,2
4338,0,2
4339,0,3
4340,0,3
4341,0,3
4342,0,3
4343,0,3
4344,0,3
4345,0,3
4346,0,3
4347,0,3
4348,0,3
4349,0,3
4350,0,2
4351,0,2
4352,0,2
4353,0,2
4354,0,2
4355,0,2
4356,0,1
4357,0,2
4358,0,2
4359,0,2
4360,0,2
4361,0,3
4362,0,2
4363,0,2
4364,0,2
4365,0,2
4366,0,2
4367,0,2
4368,0,0
4369,0,2
4370,0,2
4371,0,2
4372,0,1
4373,0,2
4374,0,2
4375,0,1
4376,0,2
4377,0,2
4378,0,2
4379,0,2
4380,0,2
4381,0,2
4382,0,1
4383,0,2
4384,0,2
4385,0,0
4386,0,2
4387,0,2
4388,0,2
4389,0,2
4390,0,2
4391,0,2
4392,0,2
4393,0,3
4394,0,2
4395,0,2
4396,0,2
4397,0,2
4398,0,3
4399,0,1
4400,0,1
4401,0,2
4402,0,2
4403,0,0
4404,0,3
4405,0,2
4406,0,2
4407,0,1
4408,0,1
4409,0,4
4410,0,4
4411,0,1
4412,0,2
4413,0,2
4414,0,2
4415,0,2
4416,0,2
4417,0,3
4418,0,3
4419,0,2
4420,0,2
4421,0,2
4422,0,3
4423,0,3
4424,0,3
4425,0,3
4426,0,3
4427,0,3
4428,0,3
4429,0,3
4430,0,3
4431,0,3
4432,0,3
4433,0,2
4434,0,2
4435,0,2
4436,0,2
4437,0,2
4438,0,2
4439,0,2
4440,0,3
4441,0,0
4442,0,0
4443,0,0
4444,0,0
4445,0,0
4446,0,0
4447,0,0
4448,0,0
4449,0,0
4450,0,0
4451,0,0
4452,0,2
4453,0,2
4454,0,2
4455,0,2
4456,1,2
4457,1,3
4458,1,3
4459,1,3
4460,1,3
4461,1,3
4462,1,3
4463,1,3
4464,1,3
4465,1,3
4466,1,3
4467,1,3
4468,1,3
4469,1,3
4470,1,3
4471,1,3
4472,1,3
4473,1,3
4474,1,3
4475,1,2
4476,1,3
4477,1,3
4478,1,3
4479,1,3
4480,1,3
4481,1,3
4482,1,3
4483,1,3
4484,1,3
4485,1,3
4486,1,3
4487,1,3
4488,1,3
4489,1,3
4490,1,3
4491,1,3
4492,1,3
4493,1,3
4494,1,3
4495,1,3
4496,1,3
4497,1,3
4498,1,3
4499,1,3
4500,1,3
4501,1,3
4502,1,3
4503,1,3
4504,1,3
4505,1,3
4506,1,3
4507,1,3
4508,1,3
4509,1,3
4510,1,3
4511,1,3
4512,1,3
4513,1,3
4514,1,3
4515,1,3
4516,1,3
4517,1,3
4518,1,2
4519,1,2
4520,1,2
4521,1,2
4522,1,2
4523,1,2
4524,1,2
4525,1,1
4526,1,2
4527,1,2
4528,1,2
4529,1,1
4530,1,2
4531,1,2
4532,1,2
4533,1,2
4534,1,4
4535,1,4
4536,1,4
4537,1,4
4538,1,4
4539,1,4
4540,1,4
4541,1,4
4542,1,4
4543,1,3
4544,1,0
4545,1,0
4546,1,0
4547,1,0
4548,1,0
4549,1,0
4550,1,0
4551,1,0
4552,1,2
4553,1,0
4554,1,2
4555,1,2
4556,1,2
4557,1,2
4558,1,3
4559,1,3
4560,1,3
4561,1,3
4562,1,3
4563,1,4
4564,1,4
4565,1,4
4566,1,4
4567,1,4
4568,1,4
4569,1,2
4570,1,2
4571,1,1
4572,1,2
4573,1,2
4574,1,3
4575,1,2
4576,1,2
4577,1,2
4578,1,2
4579,1,2
4580,1,2
4581,1,2
4582,1,3
4583,1,3
4584,1,3
4585,1,3
4586,1,3
4587,1,3
4588,1,3
4589,1,3
4590,1,3
4591,1,3
4592,1,3
4593,1,3
4594,1,3
4595,1,3
4596,1,3
4597,1,0
4598,1,3
4599,1,3
4600,1,3
4601,1,3
4602,1,3
4603,1,3
4604,1,3
4605,1,3
4606,1,3
4607,1,2
4608,1,2
4609,1,2
4610,1,2
4611,1,2
4612,1,2
4613,1,3
4614,1,3
4615,1,3
4616,1,3
4617,1,3
4618,1,3
4619,1,3
4620,1,3
4621,1,3
4622,1,4
4623,1,2
4624,1,2
4625,1,2
4626,1,2
4627,1,3
4628,1,2
4629,1,3
4630,1,3
4631,1,0
4632,1,4
4633,1,4
4634,1,2
4635,1,3
4636,1,2
4637,1,2
4638,1,3
4639,1,2
4640,1,3
4641,1,3
4642,1,2
4643,1,3
4644,1,4
4645,1,2
4646,1,4
4647,1,4
4648,1,4
4649,1,4
4650,1,0
4651,1,2
4652,1,2
4653,1,2
4654,1,2
4655,1,4
4656,1,2
4657,1,3
4658,1,2
4659,1,3
4660,1,2
4661,1,2
4662,1,2
4663,1,4
4664,1,2
4665,1,2
4666,1,2
4667,1,3
4668,1,2
4669,1,2
4670,1,2
4671,1,3
4672,1,3
4673,1,3
4674,1,2
4675,1,2
4676,1,3
4677,1,2
4678,1,4
4679,1,3
4680,1,2
4681,1,3
4682,1,2
4683,1,4
4684,1,2
4685,1,3
4686,1,3
4687,1,3
4688,1,4
4689,1,2
4690,1,4
4691,1,2
4692,1,3
4693,1,2
4694,1,2
4695,1,2
4696,1,4
4697,1,4
4698,1,4
4699,1,4
4700,1,4
4701,1,4
4702,1,4
4703,1,4
4704,1,4
4705,1,4
4706,1,4
4707,1,4
4708,1,4
4709,1,4
4710,1,4
4711,1,4
4712,1,2
4713,1,4
4714,1,2
4715,1,4
4716,1,2
4717,1,2
4718,1,2
4719,1,2
4720,1,2
4721,1,2
4722,1,3
4723,1,2
4724,1,2
4725,1,2
4726,1,2
4727,1,3
4728,1,4
4729,1,3
4730,1,3
4731,1,2
4732,1,2
4733,1,3
4734,1,2
4735,1,2
4736,1,2
4737,1,2
4738,1,2
4739,1,2
4740,1,2
4741,1,2
4742,1,4
4743,1,4
4744,1,4
4745,1,4
4746,1,4
4747,1,4
4748,1,4
4749,1,4
4750,1,4
4751,1,4
4752,1,4
4753,1,4
4754,1,4
4755,1,4
4756,1,4
4757,1,4
4758,1,4
4759,1,4
4760,1,4
4761,1,4
4762,1,4
4763,1,4
4764,1,4
4765,1,4
4766,1,4
4767,1,4
4768,1,4
4769,1,4
4770,1,4
4771,1,4
4772,1,4
4773,1,3
4774,1,3
4775,1,2
4776,1,4
4777,1,2
4778,1,3
4779,1,3
4780,1,4
4781,1,3
4782,1,4
4783,1,4
4784,1,4
4785,1,3
4786,1,2
4787,1,3
4788,1,2
4789,1,2
4790,1,4
4791,1,2
4792,1,2
4793,1,2
4794,1,2
4795,1,2
4796,1,3
4797,1,4
4798,1,2
4799,1,2
4800,1,2
4801,1,2
4802,1,2
4803,1,2
4804,1,2
4805,1,4
4806,1,2
4807,1,2
4808,1,2
4809,1,3
4810,1,2
4811,1,4
4812,1,4
4813,1,3
4814,1,3
4815,1,3
4816,1,3
4817,1,3
4818,1,3
4819,1,2
4820,1,2
4821,1,2
4822,1,3
4823,1,3
4824,1,3
4825,1,3
4826,1,3
4827,1,3
4828,1,3
4829,1,3
4830,1,3
4831,1,2
4832,1,3
4833,1,3
4834,1,2
4835,1,3
4836,1,2
4837,1,3
4838,1,3
4839,1,3
4840,1,2
4841,1,4
4842,1,2
4843,1,4
4844,1,3
4845,1,2
4846,1,3
4847,1,3
4848,1,2
4849,1,3
4850,1,2
4851,1,2
4852,1,2
4853,1,2
4854,1,2
4855,1,2
4856,1,2
4857,1,4
4858,1,3
4859,1,2
4860,1,3
4861,1,2
4862,1,2
4863,1,2
4864,1,2
4865,1,0
4866,1,4
4867,1,2
4868,1,2
4869,1,2
4870,1,2
4871,1,2
4872,1,2
4873,1,2
4874,1,2
4875,1,4
4876,1,2
4877,1,2
4878,1,3
4879,1,3
4880,1,3
4881,1,3
4882,1,4
4883,1,2
4884,1,3
4885,1,2
4886,1,2
4887,1,2
4888,1,2
4889,1,2
4890,1,1
4891,1,3
4892,1,2
4893,1,3
4894,1,3
4895,1,3
4896,1,3
4897,1,3
4898,1,2
4899,1,3
4900,1,3
4901,1,3
4902,1,3
4903,1,3
4904,1,4
4905,1,2
4906,1,4
4907,1,2
4908,1,2
4909,1,3
4910,1,4
4911,1,2
4912,1,3
4913,1,2
4914,1,2
4915,1,4
4916,1,2
4917,1,2
4918,1,2
4919,1,4
4920,1,0
4921,1,2
4922,1,3
4923,1,3
4924,1,4
4925,1,4
4926,1,2
4927,1,2
4928,1,2
4929,1,3
4930,1,4
4931,1,4
4932,1,3
4933,1,2
4934,1,2
4935,1,3
4936,1,3
4937,1,3
4938,1,3
4939,1,2
4940,1,4
4941,1,3
4942,1,3
4943,1,2
4944,1,2
4945,1,3
4946,1,2
4947,1,0
4948,1,2
4949,1,2
4950,1,3
4951,1,3
4952,1,3
4953,1,2
4954,1,3
4955,1,2
4956,1,2
4957,1,2
4958,1,2
4959,1,3
4960,1,3
4961,1,3
4962,1,3
4963,1,4
4964,1,2
4965,1,3
4966,1,2
4967,1,3
4968,1,2
4969,1,3
4970,1,3
4971,1,3
4972,1,3
4973,1,3
4974,1,3
4975,1,3
4976,1,3
4977,1,3
4978,1,0
4979,1,2
4980,1,3
4981,1,3
4982,1,4
4983,1,1
4984,1,2
4985,1,3
4986,1,3
4987,1,2
4988,1,3
4989,1,3
4990,1,3
4991,1,3
4992,1,3
4993,1,3
4994,1,3
4995,1,3
4996,1,3
4997,1,3
4998,1,3
4999,1,3
5000,1,3
5001,1,3
5002,1,1
5003,1,1
5004,1,2
5005,1,2
5006,1,2
5007,1,0
5008,1,2
5009,1,2
5010,1,4
5011,1,2
5012,1,2
5013,1,2
5014,1,1
5015,1,0
5016,1,0
5017,1,0
5018,1,0
5019,1,3
5020,1,0
5021,1,0
5022,1,3
5023,1,2
5024,1,2
5025,1,4
5026,1,3
5027,1,2
5028,1,3
5029,1,3
5030,1,3
5031,1,4
5032,1,2
5033,1,4
5034,1,2
5035,1,4
5036,1,2
5037,1,2
5038,1,2
5039,1,2
5040,1,0
5041,1,1
5042,1,2
5043,1,3
5044,1,4
5045,1,3
5046,1,4
5047,1,4
5048,1,3
5049,1,4
5050,1,3
5051,1,2
5052,1,2
5053,1,2
5054,1,4
5055,1,2
5056,1,2
5057,1,2
5058,1,2
5059,1,0
5060,1,0
5061,1,0
5062,1,0
5063,1,0
5064,1,0
5065,1,2
5066,1,2
5067,1,2
5068,1,3
5069,1,2
5070,1,2
5071,1,0
5072,1,0
5073,1,0
5074,1,0
5075,1,0
5076,1,0
5077,1,2
5078,1,0
5079,1,2
5080,1,0
5081,1,4
5082,1,4
5083,1,2
5084,1,3
5085,1,2
5086,1,0
5087,1,0
5088,1,2
5089,1,4
5090,1,4
5091,1,4
5092,1,4
5093,1,4
5094,1,4
5095,1,4
5096,1,4
5097,1,4
5098,1,2
5099,1,2
5100,1,2
5101,1,2
5102,1,2
5103,1,0
5104,1,0
5105,1,3
5106,1,3
5107,1,2
5108,1,2
5109,1,2
5110,1,1
5111,1,2
5112,1,0
5113,1,2
5114,1,3
5115,1,0
5116,1,1
5117,1,2
5118,1,2
5119,1,3
5120,1,2
5121,1,3
5122,1,3
5123,1,3
5124,1,3
5125,1,3
5126,1,3
5127,1,3
5128,1,3
5129,1,3
5130,1,3
5131,1,3
5132,1,3
5133,1,3
5134,1,3
5135,1,0
5136,1,0
5137,1,2
5138,1,2
5139,1,2
5140,1,3
5141,1,3
5142,1,2
5143,1,2
5144,1,2
5145,1,2
5146,1,1
5147,1,2
5148,1,3
5149,1,2
5150,1,2
5151,1,4
5152,1,3
5153,1,2
5154,1,2
5155,1,1
5156,1,3
5157,1,1
5158,1,3
5159,1,3
5160,1,3
5161,1,3
5162,1,3
5163,1,3
5164,1,3
5165,1,3
5166,1,3
5167,1,3
5168,1,3
5169,1,4
5170,1,2
5171,1,3
5172,1,2
5173,1,3
5174,1,3
5175,1,3
5176,1,3
5177,1,3
5178,1,3
5179,1,0
5180,1,0
5181,1,0
5182,1,0
5183,1,2
5184,1,2
5185,1,3
5186,1,2
5187,1,0
5188,1,0
5189,1,3
5190,1,2
5191,1,2
5192,1,4
5193,1,2
5194,1,1
5195,1,3
5196,1,3
5197,1,2
5198,1,3
5199,1,2
5200,1,2
5201,0,1
5202,0,2
5203,0,2
5204,0,2
5205,0,2
5206,0,2
5207,0,2
5208,0,2
5209,0,2
5210,0,1
5211,0,2
5213,0,2
5214,0,2
5215,0,2
5216,0,2
5217,0,0
5218,0,2
5219,0,2
5220,0,1
5221,0,2
5223,0,1
5224,0,1
5225,1,2
5227,1,1
5228,1,2
5229,1,2
5230,1,2
5232,1,2
5233,1,2
5234,0,2
5235,0,2
5236,0,2
5237,1,1
5238,1,2
5239,1,3
5240,0,2
5241,0,2
5242,0,1
5243,1,1
5244,0,3
5245,0,1
5246,0,2
5247,0,2
5248,1,2
5249,1,2
5250,1,2
5251,0,2
5252,0,2
5253,0,1
5254,0,3
5255,0,3
5256,0,2
5257,0,2
5258,1,2
5259,1,2
5260,0,2
5261,1,1
5262,0,1
5263,0,1
5264,1,1
5265,0,2
5266,0,2
5267,0,2
5268,0,2
5269,0,2
5270,0,1
5271,0,1
5272,0,1
5273,0,2
5274,0,3
5275,0,2
5276,0,3
5277,0,2
5278,0,2
5279,0,3
5280,0,3
5281,0,1
5282,0,1
5283,0,1
5284,0,2
5285,0,1
5286,1,1
5287,0,1
5288,0,2
5289,0,1
5290,0,2
5291,0,2
5292,0,2
5293,0,2
5294,1,1
5295,1,1
5296,1,1
5297,1,1
5298,1,3
5299,1,3
5300,1,3
5301,0,2
5302,0,2
5303,0,2
5304,0,2
5305,0,2
5306,0,2
5307,0,2
5308,0,2
5309,0,2
5310,0,0
5311,0,0
5312,0,2
5313,0,3
5314,0,2
5315,0,2
5316,1,0
5317,1,2
5318,1,1
5319,1,3
5320,1,2
5321,0,1
5322,1,2
5323,1,2
5324,1,2
5325,1,2
5326,1,2
5327,1,2
5328,1,2
5329,1,2
5330,1,2
5331,1,2
5332,0,3
5333,0,2
5334,1,3
5335,1,3
5336,1,3
5337,1,3
5338,0,4
5339,0,3
5340,0,2
5341,0,1
5342,1,2
5344,0,2
5345,0,1
5347,0,2
5348,1,2
5349,1,3
5350,1,3
5351,1,3
5352,1,3
5353,1,3
5354,1,3
5355,1,3
5356,1,3
5357,0,2
5358,0,1
5359,1,2
5360,1,2
5361,0,1
5362,1,1
5363,0,2
5364,1,2
5365,0,2
5366,0,2
5367,0,3
5368,0,3
5369,0,2
5370,0,2
5371,0,2
5372,0,2
5373,0,2
5374,0,2
5375,0,2
5376,0,2
5377,0,3
5378,0,3
5379,1,1
5380,0,1
5381,0,2
5382,1,2
5383,0,1
5384,0,2
5385,1,1
5386,1,1
5387,1,1
5388,1,1
5389,1,1
5390,1,1
5391,0,2
5392,0,2
5393,0,1
5394,0,1
5395,1,3
5396,1,2
5397,1,2
5398,1,0
5399,1,0
5400,0,2
5401,0,1
5402,0,2
5403,0,2
5404,0,2
5405,0,1
5406,0,1
5407,0,2
5408,0,0
5409,0,1
5410,0,3
5411,0,2
5412,0,3
5413,0,2
5414,0,0
5415,0,0
5416,0,0
5417,0,3
5418,0,2
5419,0,2
5420,0,2
5421,0,2
5422,0,2
5423,1,2
5424,0,2
5425,0,2
5426,1,2
5427,0,2
5428,0,2
5429,0,2
5430,0,1
5431,0,2
5432,0,0
5433,0,1
5434,0,2
5435,0,2
5436,0,2
5437,0,2
5438,0,1
5439,0,1
5440,0,1
5441,0,2
5442,1,1
5443,1,1
5444,0,2
5445,0,2
5446,0,1
5447,0,1
5448,0,1
5449,1,2
5450,0,1
5451,0,1
5452,0,1
5453,0,1
5454,0,1
5455,0,2
5456,0,2
5457,0,2
5458,0,4
5459,1,3
5460,0,1
5461,0,1
5462,0,2
5463,0,2
5464,0,2
5465,0,2
5466,0,3
5467,0,3
5468,0,2
5469,0,2
5470,0,2
5471,0,2
5472,1,1
5473,0,3
5474,0,2
5475,0,2
5476,0,2
5477,0,1
5478,0,2
5479,0,2
5480,0,2
5481,0,1
5482,0,1
5483,0,2
5484,1,2
5485,0,2
5486,0,1
5487,0,1
5488,1,0
5489,1,2
5490,0,2
5491,0,2
5492,0,1
5493,1,2
5494,0,4
5495,0,2
5496,0,2
5497,1,2
5498,1,2
5499,1,2
5500,0,2
5501,0,2
5502,1,2
5503,0,1
5504,1,0
5505,0,3
5506,0,2
5507,1,2
5508,0,2
5509,0,2
5510,0,0
5511,0,0
5512,0,0
5513,0,0
5514,0,0
5515,0,1
5516,0,2
5517,0,2
5518,0,1
5519,0,0
5520,0,2
5521,1,3
5522,1,2
5523,0,1
5524,0,2
5525,0,2
5526,0,2
5527,0,2
5528,1,2
5529,0,3
5530,0,3
5531,0,1
5532,0,2
5533,0,1
5534,0,2
5535,0,0
5536,0,3
5537,0,2
5538,1,2
5539,0,2
5540,0,2
5541,1,2
5542,0,1
5543,0,2
5544,0,2
5545,0,2
5546,0,2
5547,0,2
5548,0,2
5549,0,2
5550,0,2
5551,0,2
5552,1,2
5553,0,2
5554,0,2
5555,0,1
5556,0,2
5557,1,3
5558,0,2
5559,0,2
5560,0,2
5561,1,2
5562,0,1
5563,0,1
5564,0,1
5565,0,2
5566,0,2
5567,0,2
5568,0,1
5569,0,2
5570,0,2
5571,0,2
5572,1,3
5573,1,3
5574,0,2
5575,0,2
5576,1,3
5577,0,2
5578,1,1
5579,1,2
5580,0,1
5581,0,2
5582,0,1
5583,0,1
5584,0,0
5585,0,2
5586,1,2
5587,1,2
5588,1,3
5589,1,3
5590,1,3
5591,0,0
5592,0,0
5593,0,0
5594,1,1
5595,0,0
5596,0,2
5597,0,2
5598,0,2
5599,1,1
5600,0,3
5601,0,3
5602,0,2
5603,0,2
5604,0,2
5605,0,2
5606,0,2
5607,0,2
5608,0,2
5609,0,2
5610,0,2
5611,0,2
5612,0,2
5613,0,1
5614,0,2
5615,0,2
5616,0,1
5617,0,2
5618,1,2
5619,1,2
5620,0,2
5621,0,2
5622,0,2
5623,0,2
5624,0,2
5625,0,2
5626,1,2
5627,0,2
5628,0,2
5629,0,1
5630,0,0
5631,0,1
5632,0,2
5633,0,4
5634,0,2
5635,0,2
5636,0,1
5637,0,2
5638,0,1
5639,0,2
5640,0,2
5641,1,2
5642,0,2
5643,0,2
5644,0,2
5645,0,2
5646,0,0
5647,0,0
5648,0,1
5649,0,2
5650,0,2
5651,0,2
5652,0,2
5653,0,0
5654,1,2
5655,0,3
5656,0,3
5657,0,1
5658,1,1
5659,0,2
5660,0,2
5661,0,2
5662,0,2
5663,1,2
5664,1,2
5665,0,2
5666,0,2
5667,0,2
5668,0,2
5669,0,2
5670,0,2
5671,1,2
5672,1,3
5673,0,2
5674,1,2
5675,0,2
5676,0,2
5677,0,2
5678,0,2
5679,0,2
5680,0,2
5681,1,2
5682,1,2
5683,0,2
5684,0,2
5685,0,2
5686,0,1
5687,0,2
5688,0,2
5689,0,2
5690,0,1
5691,0,2
5692,0,1
5693,0,0
5694,0,0
5695,0,0
5696,0,0
5697,0,0
5698,0,0
5699,0,0
5700,0,0
5701,0,0
5703,0,2
5704,0,2
5705,0,1
5706,0,2
5707,0,2
5708,0,2
5709,0,2
5710,0,2
5711,0,2
5712,0,2
5713,0,2
5714,0,2
5715,0,2
5716,0,0
5717,0,0
5718,0,1
5719,1,2
5720,0,2
5721,0,1
5722,0,2
5723,0,2
5724,1,0
5725,1,0
5726,0,2
5727,0,2
5728,0,1
5729,0,2
5730,0,2
5731,0,2
5732,0,1
5733,1,2
5734,0,1
5735,0,1
5736,0,2
5737,0,1
5738,0,2
5739,1,2
5740,0,2
5741,0,2
5742,0,2
5743,0,2
5744,0,2
5745,0,2
5746,0,2
5747,0,2
5748,0,2
5749,0,2
5750,0,2
5751,1,2
5752,0,2
5753,1,2
5754,0,2
5755,0,2
5756,1,2
5757,1,2
5758,1,2
5759,0,2
5760,0,2
5761,0,2
5762,1,1
5763,0,2
5764,0,2
5765,0,1
5766,1,2
5767,0,2
5768,0,2
5769,1,2
5770,0,3
5771,0,1
5772,0,2
