transaction_id,Date,Time,customer_id,gasstation_id,product_id,Amount,Price
1,1,34440.0,31543,3704,2,28,672.64
2,1,35760.0,46707,3704,2,18,430.72
3,1,35760.0,46707,3704,23,1,121.99
4,1,49560.0,7654,656,5,5,120.74
5,1,31320.0,17373,741,2,28,645.05
6,1,31560.0,7881,741,5,4,96.84
7,1,51180.0,17241,1152,5,4,81.94
8,1,50040.0,17320,636,11,0,21.75
9,1,50040.0,17320,636,2,34,771.06
10,1,52260.0,19111,636,2,21,477.68
11,1,59940.0,19881,3869,2,27,611.3
12,1,15120.0,30895,967,2,20,455.75
13,1,22560.0,7626,967,5,4,100.92
14,1,23700.0,7626,967,5,4,101.33
15,1,34140.0,14728,967,7,0,60.48
16,1,42000.0,30895,967,2,30,683.63
17,1,46140.0,12731,967,2,26,579.26
18,1,59100.0,30895,967,2,27,615.27
19,1,58260.0,37407,636,2,23,511.54
20,1,58680.0,18399,636,2,25,566.49
21,1,58800.0,47144,636,2,24,542.42
22,1,59040.0,28134,636,5,6,147.38
23,1,60480.0,33094,636,5,4,84.01
24,1,64560.0,19732,636,2,31,710.01
25,1,67380.0,45853,662,5,3,72.76
26,0,72720.0,49788,910,2,22,520.56
27,0,72720.0,49788,910,23,1,123.91
28,1,17700.0,6990,910,2,22,519.37
29,1,22320.0,9635,910,2,26,611.05
30,1,22800.0,33635,910,9,28,707.86
31,1,47520.0,45860,910,2,22,512.04
32,1,52860.0,5803,910,2,23,544.35
33,1,53220.0,32388,910,5,6,155.69
34,1,38640.0,12702,1163,2,30,737.95
35,1,53520.0,20500,1163,2,26,620.49
36,0,72300.0,23339,3114,5,3,76.42
37,1,19920.0,13682,3114,2,28,639.12
38,1,61080.0,47265,1216,2,23,496.34
39,1,66420.0,40333,1216,5,6,124.05
40,1,26160.0,10961,3252,2,27,621.2
41,1,29340.0,12459,3252,2,27,606.11
42,1,38160.0,39987,3250,2,22,476.08
43,1,45300.0,13665,3250,2,264,5762.49
44,1,53100.0,9885,3250,2,16,343.53
45,1,57360.0,20321,3250,22,18,162.37
46,1,65280.0,5404,1249,2,30,681.76
47,0,76380.0,9627,1262,2,91,1994.71
48,1,16560.0,2183,1262,2,12,258.31
49,1,16560.0,2183,1262,15,0,36.26
50,1,18120.0,30546,3259,5,7,152.22
51,1,20580.0,5983,48,2,37,847.7
52,1,22260.0,29793,48,2,27,626.04
53,1,13560.0,5381,1298,2,30,709.85
54,1,37860.0,8309,1298,2,31,721.72
55,1,32940.0,46170,48,2,29,656.57
56,1,32940.0,46170,48,24,0,15.41
57,1,34800.0,20134,48,2,24,556.71
58,1,35940.0,9177,48,2,23,529.86
59,1,40320.0,27426,48,2,48,1103.64
60,1,41040.0,19182,48,9,34,837.21
61,1,59520.0,41943,48,2,32,743.19
62,1,62220.0,9627,48,2,15,348.37
63,1,62280.0,45993,48,2,26,603.97
64,1,64320.0,19182,3152,2,26,612.37
65,0,82320.0,18010,128,2,33,718.32
66,1,1620.0,18010,128,2,29,643.63
67,1,56280.0,19350,3611,2,20,446.51
68,1,56760.0,15447,3611,5,7,156.46
69,1,21840.0,47418,1155,5,2,55.13
70,1,69240.0,7881,3017,2,32,724.49
71,1,37080.0,30837,1426,2,28,627.66
72,1,43260.0,37373,1426,2,22,508.1
73,1,57960.0,37373,1426,2,26,601.97
74,1,58500.0,30837,1426,5,2,54.55
75,1,24360.0,31543,1155,5,6,133.83
76,1,30780.0,30815,1155,2,27,624.4
77,1,33060.0,41875,1155,2,23,528.13
78,1,36300.0,6067,1155,2,9,197.87
79,1,36660.0,6067,1155,2,10,232.25
80,1,37980.0,6067,1155,2,68,1560.0
81,1,52560.0,41875,3398,2,22,486.17
82,1,55020.0,38508,3398,15,0,33.82
83,1,62640.0,21336,3398,15,0,48.42
84,1,64020.0,47330,3398,2,23,512.72
85,1,64020.0,47330,3398,15,0,55.72
86,1,64020.0,47330,3398,11,0,24.82
87,1,64020.0,47330,3398,12,0,163.84
88,1,40980.0,6067,1155,2,65,1486.38
89,1,41940.0,6067,1155,2,31,713.0
90,1,42480.0,6067,1155,2,21,472.51
91,1,43080.0,6067,1155,2,25,576.9
92,1,43500.0,29167,1155,5,5,121.29
93,0,82380.0,30895,1204,2,31,749.0
94,1,27240.0,7557,1204,5,3,66.78
95,1,32760.0,27579,1204,18,0,78.12
96,1,32760.0,27579,1204,9,43,1122.27
97,1,41580.0,14370,1231,2,13,294.68
98,1,51120.0,28134,1231,2,25,583.74
99,1,22140.0,15899,1425,2,126,2841.16
100,1,28980.0,19182,1425,5,5,119.78
101,1,40200.0,8507,1425,2,25,572.81
102,1,56640.0,31543,1425,5,6,138.92
103,0,81300.0,41113,3121,2,36,885.19
104,1,2520.0,44964,3121,2,34,832.88
105,1,45840.0,28528,754,2,25,555.96
106,1,24840.0,12702,1206,2,26,615.77
107,1,25080.0,5536,1206,2,23,539.41
108,1,51660.0,22090,464,2,7,156.12
109,1,58920.0,46854,1535,2,25,591.54
110,1,49740.0,6925,1071,2,27,627.04
111,1,63600.0,31543,1071,5,6,144.01
112,1,15840.0,23339,3497,5,3,79.42
113,1,27000.0,6930,3497,5,5,120.01
114,1,39240.0,8200,3497,2,33,748.72
115,1,52260.0,12459,3126,5,5,108.93
116,1,61440.0,23339,3497,5,3,74.84
117,1,21420.0,6752,3591,5,6,151.61
118,1,21780.0,47905,3591,2,26,593.11
119,1,59640.0,31543,3591,2,24,548.4
120,1,63300.0,6266,3591,2,14,317.34
121,1,36060.0,31452,954,2,33,784.27
122,1,15300.0,40719,448,2,25,550.76
123,1,18360.0,6960,448,5,1,25.83
124,1,19500.0,40719,448,2,22,471.53
125,1,27300.0,30837,448,5,5,103.54
126,1,27660.0,6960,448,5,2,53.28
127,1,28800.0,7471,448,5,4,92.92
128,1,30720.0,19870,448,5,5,104.25
129,1,31980.0,40719,448,2,25,535.8
130,1,34020.0,30837,448,5,4,93.13
131,1,38040.0,38931,448,2,15,332.45
132,1,57360.0,38508,448,5,6,129.13
133,1,62880.0,48079,448,2,20,430.74
134,1,15540.0,30837,373,2,34,796.05
135,1,22320.0,30837,373,5,3,72.03
136,1,23400.0,8200,373,5,5,112.33
137,1,23940.0,32379,373,5,0,11.2
138,1,25200.0,11453,373,5,5,112.33
139,1,36420.0,11453,373,5,2,56.59
140,1,37020.0,34780,373,2,91,2146.3
141,1,53460.0,21016,3589,2,23,538.32
142,1,54540.0,12595,3589,5,5,116.39
143,1,33840.0,45968,3319,2,26,623.32
144,1,36900.0,8957,3319,5,1,28.73
145,1,48480.0,48079,3319,2,24,564.82
146,1,48480.0,48079,3319,15,0,43.56
147,1,52440.0,33585,3319,2,36,846.52
148,1,52440.0,33585,3319,23,1,123.91
149,1,25620.0,22275,3319,2,35,839.09
150,1,32880.0,35872,3319,5,3,72.03
151,1,24240.0,7525,150,5,4,101.46
152,1,66000.0,18831,1410,5,1,29.11
153,1,66360.0,10810,1410,2,31,757.27
154,1,42360.0,31214,236,2,30,646.17
155,1,50760.0,22123,236,2,25,554.09
156,1,51180.0,28974,236,2,21,459.89
157,1,17580.0,30837,3534,2,10,224.79
158,1,22020.0,21664,3534,5,6,140.51
159,1,32340.0,7773,3534,2,35,828.63
160,1,35400.0,20709,3534,2,27,638.87
161,1,57420.0,15692,260,2,25,608.74
162,1,51420.0,17057,236,2,25,554.09
163,1,54960.0,28527,236,2,27,599.08
164,1,55260.0,6896,236,5,7,154.56
165,1,59340.0,25266,3667,2,11,274.76
166,1,21660.0,45137,744,5,1,16.38
167,1,26400.0,7654,3574,5,4,86.19
168,1,33480.0,31543,3574,2,27,635.31
169,1,44400.0,46532,930,5,5,124.91
170,1,33420.0,27026,1568,2,18,411.9
171,1,38940.0,27026,1568,2,15,353.05
172,1,38940.0,27026,1568,2,5,105.92
173,1,51540.0,46647,3211,9,46,1040.87
174,1,51540.0,46647,3211,15,0,48.42
175,1,55500.0,7626,3211,5,5,117.28
176,1,32640.0,21783,924,20,47,1090.42
177,1,49980.0,19182,3134,2,20,483.32
178,1,49980.0,19182,3134,23,1,123.91
179,1,57420.0,7796,3134,2,26,632.15
180,1,60540.0,13632,3134,5,7,168.84
181,1,49620.0,45137,597,2,25,561.92
182,1,47220.0,30392,1293,20,29,661.32
183,1,47040.0,8619,3095,5,5,118.56
184,1,37980.0,45176,638,2,24,551.18
185,1,37980.0,45176,638,11,0,73.63
186,1,49200.0,45968,347,2,22,486.72
187,1,48360.0,17942,2963,2,24,565.76
188,1,39660.0,48294,3069,5,1,13.59
189,1,53160.0,16254,546,2,19,407.84
190,1,55080.0,19870,546,2,25,543.94
191,1,55620.0,11597,546,2,21,456.07
192,1,59820.0,16280,546,2,7,156.86
193,1,60840.0,47057,546,2,22,486.97
194,1,67020.0,5425,546,2,17,366.63
195,1,17400.0,11529,105,5,5,109.1
196,1,53340.0,10961,624,2,30,734.98
197,1,42540.0,6158,3774,5,4,99.24
198,1,41040.0,12970,1010,5,5,112.3
199,1,29160.0,5381,345,2,17,376.2
200,1,30540.0,44644,345,2,23,504.3
201,1,42120.0,11189,539,2,22,478.39
202,1,42120.0,11189,539,23,1,47.07
203,1,60000.0,35461,539,2,111,2437.98
204,1,47760.0,16509,345,9,25,613.41
205,1,56220.0,7471,345,5,3,67.28
206,1,61800.0,5381,345,2,33,728.43
207,1,61800.0,5381,345,23,1,123.91
208,1,61980.0,31699,345,2,26,579.94
209,1,62280.0,5381,345,5,2,45.63
210,1,62820.0,5381,345,2,61,1344.79
211,1,40140.0,7168,3490,2,15,339.94
212,1,29160.0,8619,543,5,3,68.55
213,1,47520.0,17320,3689,2,31,754.68
214,1,23100.0,31130,3396,15,0,43.56
215,1,24840.0,5113,3396,5,6,138.2
216,1,24840.0,37123,3566,2,43,1030.21
217,1,27960.0,7654,3566,5,3,63.85
218,1,28800.0,30837,3566,5,4,110.37
219,1,28920.0,14207,3566,5,5,112.92
220,1,30900.0,9476,3566,2,28,667.87
221,1,30900.0,9476,3566,15,0,43.56
222,1,30900.0,9476,3566,23,1,123.91
223,1,24840.0,5113,3396,15,0,38.69
224,1,25020.0,11524,3396,2,30,722.57
225,1,33120.0,1227,3396,2,34,814.08
226,1,36600.0,5443,3396,5,2,58.04
227,1,42120.0,5905,3396,2,28,676.45
228,1,18300.0,6930,473,2,57,1333.96
229,1,36060.0,26583,473,5,1,25.22
230,1,60540.0,28134,473,2,3,59.31
231,1,43980.0,8507,3396,2,30,737.95
232,1,28680.0,19907,2716,2,25,614.08
233,1,53400.0,7471,3394,2,24,521.33
234,1,52140.0,47304,3552,2,30,682.51
235,1,62100.0,11779,850,2,26,601.63
236,1,33660.0,16280,305,2,31,705.3
237,1,41700.0,11235,305,5,7,155.47
238,1,47460.0,30895,305,2,34,763.39
239,1,46020.0,28875,175,2,25,565.01
240,1,31800.0,39690,97,2,17,397.06
241,1,31800.0,39690,97,15,0,28.96
242,1,31800.0,39690,97,12,0,27.94
243,1,55320.0,19907,981,2,27,617.77
244,1,43500.0,3954,4692,317,17,15.2
245,1,55620.0,3334,4692,322,88,86.69
246,1,40620.0,4230,4932,336,0,1.76
247,1,40620.0,4230,4932,317,23,20.67
248,1,48540.0,2635,4932,317,22,20.17
249,1,54780.0,48664,4932,332,43,44.47
250,1,57540.0,31498,4932,322,25,624.22
251,1,43380.0,44480,4565,317,17,388.53
252,1,65040.0,4573,4566,317,15,12.93
253,1,52380.0,5104,4568,317,18,15.89
254,1,41340.0,3579,4545,322,17,16.99
255,1,41340.0,3579,4545,341,1,9.6
256,1,49500.0,4573,4545,336,1,14.66
257,1,49500.0,4573,4545,341,1,9.6
258,1,52140.0,3991,4545,317,20,17.56
259,1,61320.0,2839,4545,317,8,7.35
260,1,42600.0,2738,4694,317,14,12.69
261,1,52440.0,4789,4580,332,36,36.27
262,1,15060.0,3063,5043,322,46,45.58
263,1,34980.0,3367,5043,317,16,14.46
264,1,34980.0,3367,5043,341,1,7.0
265,1,21000.0,3884,5131,317,28,25.58
266,1,22860.0,3125,5131,317,17,15.27
267,1,17460.0,2464,4909,317,23,20.56
268,1,46860.0,48126,4909,317,15,13.77
269,1,63840.0,2464,4909,317,14,13.0
270,1,43380.0,48664,5128,341,1,8.08
271,1,39840.0,3014,5134,322,36,34.86
272,1,39840.0,3014,5134,352,1,3.78
273,1,53520.0,2947,5134,322,61,59.83
274,1,24720.0,3655,5129,317,13,12.05
275,1,41580.0,2584,5129,317,24,21.17
276,1,49560.0,4767,5129,322,46,45.1
277,1,49560.0,4767,5129,341,1,7.12
278,1,58380.0,6392,3505,5,4,104.66
279,1,58380.0,6392,3505,15,0,41.12
280,1,63600.0,27840,3505,2,32,738.48
281,1,67320.0,39273,3505,5,2,53.74
282,1,75660.0,25266,3505,2,5,112.38
283,1,50040.0,19902,3634,5,4,87.61
284,1,64920.0,46320,3546,5,4,100.6
285,1,68580.0,5563,3546,2,13,304.36
286,1,16020.0,11246,3876,5,5,110.26
287,1,25560.0,16109,3876,15,0,30.42
288,1,27960.0,48018,3876,5,6,132.73
289,1,33060.0,29732,3876,2,46,1046.58
290,1,48720.0,29732,3876,2,41,933.02
291,1,51780.0,12282,1040,5,7,175.78
292,1,19260.0,14788,2739,5,6,146.01
293,1,66960.0,49070,2739,2,15,332.45
294,1,27060.0,31543,3621,5,6,155.49
295,1,28680.0,45176,3621,15,0,24.09
296,1,30120.0,42808,3621,2,25,615.08
297,1,35100.0,5983,3621,2,14,351.87
298,1,35940.0,19131,3621,5,5,132.97
299,1,44880.0,10993,3621,2,25,617.42
300,1,49020.0,28134,3621,2,19,455.07
301,1,53220.0,31543,3621,2,20,495.65
302,1,53460.0,5957,3621,31,31,859.01
303,1,54360.0,14370,3621,2,25,596.76
304,1,51360.0,14710,3871,2,19,447.58
305,1,31320.0,24163,4428,5,4,90.99
306,1,31380.0,24455,4428,15,0,43.56
307,1,52920.0,5536,4428,15,0,72.76
308,1,52920.0,5536,4428,23,1,286.24
309,1,41220.0,5425,4276,72,0,33.18
310,1,33600.0,35693,3748,9,28,690.89
311,1,35640.0,37123,3748,2,34,752.9
312,1,37080.0,7654,3748,9,33,802.92
313,1,39060.0,5425,3748,2,23,523.93
314,1,43620.0,21887,3748,2,42,937.64
315,1,46500.0,1057,3748,23,1,123.91
316,1,46500.0,1057,3748,36,1,149.29
317,1,47160.0,11189,3748,2,27,612.33
318,1,47160.0,11189,3748,23,1,123.91
319,1,52800.0,33094,3748,2,21,477.01
320,1,35580.0,48079,2732,5,5,109.1
321,1,15600.0,27026,2417,2,48,1066.97
322,1,15900.0,27026,2417,2,15,336.31
323,1,22680.0,6768,2417,2,25,555.85
324,1,26040.0,12276,2417,2,33,738.51
325,1,27180.0,20529,2417,5,6,131.35
326,1,40980.0,7626,2417,5,6,134.19
327,1,44640.0,39407,2417,2,140,3101.98
328,1,33360.0,17077,3077,5,6,135.71
329,1,49920.0,6990,3077,2,28,650.98
330,1,17700.0,43643,3251,5,5,107.83
331,1,51300.0,21510,3251,2,27,591.98
332,1,19680.0,10717,4342,5,5,116.11
333,1,29160.0,8507,4347,2,25,583.74
334,1,30840.0,8538,4347,5,5,115.97
335,1,45300.0,5536,4343,9,31,815.37
336,1,52140.0,46933,4343,5,2,58.1
337,1,47040.0,29962,4347,2,24,560.39
338,1,47100.0,16358,4347,2,124,2860.56
339,1,65700.0,16358,4347,2,30,700.49
340,1,66360.0,16358,4347,2,122,2810.59
341,1,66720.0,16358,4347,2,36,836.85
342,1,76740.0,25171,4347,5,4,89.35
343,1,61620.0,29648,4348,2,17,415.45
344,1,19980.0,40409,3763,2,19,426.85
345,1,22800.0,33546,3763,2,21,469.8
346,1,48180.0,42579,3763,2,24,531.77
347,1,44160.0,5284,3176,7,0,16.0
348,1,60120.0,33094,3118,2,24,582.87
349,1,72600.0,6470,3118,8,87,2184.49
350,1,22680.0,12528,4253,2,22,496.09
351,1,27600.0,15198,4253,2,11,259.41
352,1,44460.0,23823,4253,2,28,627.38
353,1,20580.0,7471,4431,2,3,62.45
354,1,42180.0,41113,4431,2,43,1015.3
355,1,42840.0,19131,4431,2,20,479.48
356,1,44100.0,5381,4431,2,30,719.22
357,1,44520.0,41947,4431,5,5,118.08
358,1,18180.0,14584,5253,2,27,624.38
359,1,25500.0,8200,5253,5,5,119.69
360,1,46740.0,5983,4431,15,0,43.56
361,1,51300.0,46325,4431,2,13,312.14
362,1,53640.0,5982,4431,8,27,704.78
363,1,58680.0,22994,4431,11,0,55.5
364,1,47760.0,6768,141,5,1,32.73
365,1,48900.0,20030,141,2,26,581.31
366,1,51900.0,46707,141,5,6,131.31
367,1,42900.0,9428,3013,2,36,833.25
368,1,44880.0,8619,3013,5,3,59.93
369,1,45540.0,42861,3013,20,25,590.29
370,1,47700.0,17163,799,5,4,102.69
371,1,63180.0,16701,799,5,5,121.07
372,1,71520.0,7630,799,5,5,124.05
373,1,46440.0,46987,366,2,19,438.96
374,1,58560.0,5413,256,2,20,457.69
375,1,12240.0,44865,2801,2,22,478.64
376,1,12960.0,44865,2801,2,31,676.89
377,1,54840.0,17395,2801,2,47,1035.56
378,1,43740.0,6768,407,5,1,33.36
379,1,44580.0,30868,407,2,24,552.65
380,1,45240.0,6768,407,2,31,726.96
381,1,53220.0,46707,5432,15,0,24.09
382,1,53580.0,11246,5432,5,3,59.05
383,1,41040.0,10812,265,2,25,575.94
384,1,41100.0,10812,265,2,40,917.0
385,1,52500.0,10812,265,2,36,807.34
386,1,48180.0,5381,3496,2,30,683.63
387,1,53760.0,6896,1226,5,1,22.01
388,1,30300.0,3282,5189,317,22,19.75
389,1,49500.0,2510,5189,332,24,25.28
390,1,66540.0,5005,5198,317,8,7.44
391,1,52980.0,3251,4857,317,7,6.04
392,1,21240.0,3505,4588,317,7,6.29
393,1,28920.0,3505,4588,317,47,42.51
394,1,33180.0,3628,4588,317,16,14.13
395,1,25140.0,2738,5337,317,18,16.57
396,1,54480.0,3206,5337,317,13,11.45
397,1,58380.0,4789,5337,317,14,13.01
398,1,27000.0,3991,4593,317,18,16.52
399,1,46260.0,4410,4593,317,18,16.08
400,1,33060.0,48664,5300,317,6,5.44
401,1,33540.0,96,5300,322,29,28.17
402,1,36600.0,3170,5300,317,8,7.22
403,1,41520.0,4819,5300,317,21,19.36
404,1,41520.0,4819,5300,336,0,1.76
405,1,41820.0,96,5300,317,18,16.43
406,1,43860.0,96,5300,317,18,16.63
407,1,44280.0,96,5300,317,23,20.38
408,1,30300.0,2947,5298,317,12,10.99
409,1,49440.0,3014,5298,322,43,42.4
410,1,54960.0,4443,5298,317,101,90.39
411,1,29940.0,2947,5298,322,27,26.61
412,1,35760.0,3014,5298,317,12,10.4
413,1,52380.0,3014,5298,317,4,3.64
414,1,41580.0,272,5261,322,62,59.76
415,0,34380.0,44480,3683,2,36,810.46
416,0,34980.0,6990,3683,2,21,474.73
417,0,35040.0,46987,3683,2,22,500.49
418,1,55560.0,31543,4035,72,0,75.3
419,1,32460.0,31543,1107,5,4,108.34
420,1,32640.0,31543,1107,15,0,43.56
421,1,47220.0,29167,1107,5,4,108.37
422,1,50820.0,24700,1107,9,19,470.34
423,1,51060.0,5474,1107,5,6,148.26
424,1,53100.0,19907,1107,24,0,11.95
425,1,53100.0,19907,1107,5,6,156.81
426,1,58560.0,31543,1107,2,8,187.42
427,1,57420.0,14801,336,2,26,598.97
428,1,57420.0,14801,336,23,1,81.64
429,1,57420.0,14801,336,36,2,490.33
430,1,56760.0,8182,3012,2,24,570.72
431,1,76500.0,24700,104,2,14,312.19
432,1,29100.0,44480,2805,2,35,766.85
433,1,53280.0,6933,2805,20,15,333.34
434,1,47820.0,10782,4255,2,25,579.71
435,1,49980.0,19870,3330,2,22,499.63
436,1,54120.0,28910,1446,2,23,508.23
437,1,60840.0,46707,1446,2,25,555.61
438,1,56820.0,33094,833,2,30,709.85
439,1,77340.0,11246,225,5,9,199.11
440,1,83400.0,43758,3712,2,21,515.22
441,2,0.0,44802,3712,2,8,189.14
442,2,0.0,44802,3712,25,0,127.14
443,1,56220.0,5585,3806,2,20,479.48
444,1,59220.0,14370,3806,2,35,827.1
445,1,54480.0,9632,691,5,2,55.13
446,1,60000.0,13380,3072,20,27,624.96
447,1,54960.0,44480,3001,2,22,485.82
448,1,58740.0,5476,3001,2,21,470.8
449,1,58740.0,5476,3001,36,2,268.45
450,1,51720.0,28358,1454,11,0,19.24
451,1,51720.0,28358,1454,2,29,652.67
452,1,52620.0,7962,360,5,3,76.4
453,1,59760.0,30895,360,2,41,909.01
454,1,54600.0,26623,1036,2,19,414.64
455,1,54360.0,28910,939,2,10,241.61
456,1,57660.0,46707,939,2,24,567.79
457,1,52020.0,12459,1340,5,5,125.06
458,1,66000.0,33505,3101,2,19,454.54
459,1,58140.0,36057,3788,2,38,855.41
460,1,58920.0,15788,1386,2,41,986.99
461,1,65820.0,48079,1386,5,5,114.74
462,1,60480.0,6549,585,15,0,32.85
463,1,66780.0,38508,755,2,23,551.59
464,1,61860.0,17320,3477,2,31,714.85
465,1,65460.0,31543,3477,2,32,730.61
466,1,35640.0,30123,2941,2,46,1061.97
467,1,66420.0,6925,722,2,32,777.16
468,1,68760.0,8507,3271,5,5,121.54
469,1,56040.0,6220,1119,2,76,1774.63
470,1,58680.0,40705,168,2,31,699.05
471,1,58800.0,33094,362,2,25,623.38
472,1,62880.0,13417,3379,9,27,658.24
473,1,59880.0,13030,3509,2,22,491.97
474,2,16680.0,14773,1180,2,26,584.05
475,2,20640.0,8832,2721,5,2,54.11
476,2,20640.0,8832,2721,7,0,8.26
477,2,14040.0,40118,238,2,12,274.39
478,1,82320.0,48078,566,22,22,212.82
479,2,15420.0,44642,530,5,5,106.18
480,2,16920.0,17182,530,2,28,637.03
481,2,16920.0,17182,530,24,0,9.44
482,2,16920.0,17182,530,40,2,49.77
483,2,16140.0,32379,3581,2,25,549.47
484,2,18240.0,39463,3581,5,4,81.83
485,2,26160.0,33964,1682,9,63,1445.97
486,2,26220.0,27426,3014,2,30,704.36
487,1,63960.0,9627,3538,2,19,426.66
488,2,22200.0,39782,3877,5,3,62.45
489,2,19320.0,7626,5313,5,4,96.2
490,2,22200.0,23944,5313,18,1,39.78
491,2,22200.0,23944,5313,2,23,543.75
492,2,22200.0,23944,5313,44,1,142.04
493,2,19800.0,47152,1278,2,25,568.13
494,2,20760.0,24229,1168,2,39,881.2
495,2,21300.0,5328,1119,5,5,113.17
496,2,26280.0,5328,1119,5,5,115.52
497,2,19800.0,31543,2513,2,34,812.37
498,2,26280.0,9091,2513,2,28,680.01
499,2,27840.0,5328,5410,2,17,400.88
500,2,21900.0,14076,1133,2,24,565.7
501,2,23040.0,34089,1133,2,13,294.21
502,2,24360.0,13355,1133,5,4,98.23
503,2,24360.0,13355,1133,15,0,53.29
504,1,79920.0,42861,2968,2,7,162.64
505,2,23940.0,12051,2968,15,0,36.26
506,2,27900.0,35608,2968,15,0,36.26
507,1,60780.0,48795,658,2,27,623.39
508,2,19800.0,46707,658,2,26,594.94
509,2,24120.0,10896,658,5,3,80.79
510,2,25680.0,37435,4440,2,26,624.38
511,2,27900.0,39690,97,5,4,103.34
512,2,27960.0,28951,4440,2,7,156.27
513,1,68400.0,42579,3780,5,7,165.4
514,2,6780.0,18917,3780,2,7,167.26
515,2,10800.0,18129,1210,5,6,140.78
516,2,27120.0,35570,1543,2,25,611.4
517,2,29820.0,6990,1543,2,19,457.41
518,2,29820.0,6266,5338,2,23,518.19
519,2,29820.0,6266,5338,36,1,75.33
520,2,2640.0,14499,1122,2,38,899.8
521,2,29340.0,12702,1122,2,24,600.85
522,1,71220.0,38508,3378,2,28,627.73
523,1,73980.0,46987,3378,2,27,591.45
524,2,29700.0,33929,3378,2,22,484.1
525,2,29820.0,10784,2969,2,25,571.47
526,2,29880.0,28720,1122,2,31,752.15
527,2,29940.0,48294,339,16,1,30.04
528,2,29940.0,48294,339,44,1,39.18
529,2,25800.0,33567,3175,2,26,571.32
530,1,65100.0,19350,1534,5,6,145.95
531,1,67920.0,7828,1534,2,37,887.63
532,1,68940.0,32564,1534,5,7,171.83
533,2,30540.0,12459,3065,72,0,24.12
534,2,22620.0,13030,1866,2,34,764.34
535,1,52380.0,20897,1491,9,41,988.94
536,2,13320.0,23984,1491,5,5,116.21
537,2,30600.0,12702,944,2,24,551.4
538,2,31800.0,47918,944,2,15,362.42
539,2,31620.0,47172,487,2,9,212.02
540,2,22440.0,44347,643,2,10,249.76
541,2,31620.0,7729,643,2,31,739.2
542,2,31620.0,7729,643,11,0,17.85
543,1,70680.0,42223,3443,2,27,618.76
544,2,21600.0,27321,3443,5,5,126.56
545,2,31800.0,35155,3443,2,20,471.89
546,2,31860.0,22989,1944,15,0,38.69
547,2,31860.0,5476,278,2,25,567.98
548,2,23760.0,47057,3009,2,28,625.73
549,2,34080.0,6220,3388,2,114,2591.93
550,1,54420.0,7266,2718,5,5,114.56
551,1,54420.0,7266,2718,12,0,8.89
552,1,68820.0,7626,2718,5,5,122.74
553,1,61500.0,12735,2984,2,18,416.77
554,1,61500.0,12735,2984,15,0,31.39
555,1,63660.0,17298,2984,5,4,104.75
556,2,24120.0,43485,3419,2,21,481.57
557,2,25920.0,30036,1445,2,25,562.2
558,2,27840.0,26147,1445,2,41,924.31
559,2,31500.0,19182,2340,2,33,749.93
560,2,32100.0,31543,2340,2,26,593.47
561,2,36300.0,32029,1271,15,0,24.09
562,2,36420.0,40601,2902,2,34,836.34
563,2,36180.0,7471,279,2,23,540.82
564,2,29640.0,24301,3013,20,23,543.29
565,2,33420.0,24700,3868,5,2,45.87
566,2,33780.0,7471,457,2,13,294.55
567,2,36960.0,5983,457,5,6,138.06
568,2,35520.0,21312,3404,2,134,3090.45
569,2,31920.0,46038,397,15,0,43.56
570,2,36840.0,29464,397,15,0,28.96
571,2,33840.0,8309,1133,2,24,553.12
572,2,32700.0,41113,3947,2,37,863.66
573,2,36600.0,19182,3947,5,2,39.61
574,2,24660.0,46036,691,20,27,614.96
575,2,26460.0,43883,2552,2,28,642.24
576,2,30720.0,19131,2552,2,14,326.89
577,2,26340.0,19131,2964,5,3,80.01
578,2,29340.0,47057,267,2,22,481.19
579,2,32280.0,679,267,2,107,92.26
580,2,16620.0,10701,651,2,22,508.54
581,2,39540.0,31391,651,2,35,843.33
582,1,58500.0,25171,312,5,6,139.94
583,1,60300.0,19907,312,2,34,798.01
584,2,16020.0,24704,312,5,4,92.28
585,2,39660.0,8168,312,2,37,871.68
586,2,26760.0,6056,1010,7,0,33.86
587,2,24120.0,8901,3547,48,16,492.31
588,2,26700.0,30467,3547,2,20,468.24
589,2,39840.0,27321,214,2,106,2386.16
590,2,29340.0,27014,3562,2,13,307.2
591,2,32340.0,19907,3562,2,33,778.84
592,2,30060.0,41691,1083,2,41,998.07
593,2,32280.0,18917,1083,5,1,26.44
594,2,42660.0,44154,1083,9,68,1714.4
595,2,42780.0,5982,708,11,0,26.5
596,2,40980.0,12459,1161,2,52,1164.23
597,2,41700.0,12459,1161,2,42,934.3
598,2,42000.0,12459,1161,2,30,670.3
599,2,42480.0,12459,1161,2,45,1014.05
600,2,42720.0,12459,1161,2,34,755.3
601,2,39420.0,38679,1122,5,5,112.74
602,2,38400.0,19182,3289,2,28,645.52
603,2,42660.0,7216,3289,5,4,97.67
604,2,42900.0,7216,3289,11,0,9.76
605,2,42900.0,7216,3289,12,0,9.4
606,2,23760.0,8594,3380,5,5,119.24
607,2,9780.0,7962,1172,2,79,1794.39
608,2,27720.0,27026,1172,2,16,355.02
609,2,28800.0,11471,1173,2,26,564.01
610,2,29760.0,26780,2426,5,6,133.01
611,2,35820.0,19455,3445,7,0,21.06
612,1,31680.0,34922,3922,2,30,672.55
613,1,51000.0,38508,3922,2,29,633.19
614,1,67260.0,30618,3307,5,4,98.2
615,2,46620.0,20709,3307,2,10,232.25
616,2,42660.0,8619,834,2,29,649.98
617,2,44280.0,8619,834,2,25,560.33
618,2,46800.0,8619,834,2,23,504.3
619,2,46200.0,6266,3513,2,25,586.58
620,2,46200.0,6266,3513,15,0,41.12
621,2,46860.0,5476,3513,5,6,140.67
622,2,46860.0,5476,3513,15,0,53.29
623,2,34740.0,30816,2642,5,5,118.42
624,2,44340.0,12776,2642,2,24,531.33
625,2,46260.0,5513,530,2,25,579.96
626,2,50160.0,16734,530,5,5,116.88
627,2,50160.0,20447,1395,5,2,58.19
628,2,18240.0,8935,854,2,35,806.31
629,2,50220.0,30895,854,2,20,460.75
630,2,35640.0,5328,3806,5,5,125.52
631,2,50280.0,45868,3806,5,1,29.1
632,2,31260.0,41064,803,9,59,1372.6
633,2,31260.0,41064,803,11,0,34.86
634,2,31260.0,41064,803,7,0,49.22
635,2,32580.0,10784,803,15,0,53.29
636,2,49500.0,19907,803,2,23,525.99
637,1,72240.0,18831,2099,5,9,212.03
638,2,50460.0,46890,2099,5,5,134.6
639,2,47100.0,5983,264,2,23,497.27
640,2,50220.0,20709,264,2,0,6.09
641,2,50580.0,20709,264,2,18,397.94
642,2,43140.0,31543,1534,15,0,60.59
643,2,31500.0,19182,3002,2,14,312.32
644,2,53580.0,17057,3002,2,17,385.27
645,2,45660.0,5425,2440,2,27,660.75
646,2,45660.0,5425,2440,25,0,150.39
647,2,41700.0,45582,836,2,36,848.61
648,2,53520.0,6990,3453,2,11,263.34
649,2,42960.0,31531,3505,2,14,337.41
650,2,43680.0,18751,3505,2,18,422.26
651,2,49080.0,29594,1166,5,6,134.58
652,2,27960.0,11597,3694,5,5,120.72
653,2,54060.0,17298,3694,5,5,123.46
654,2,29220.0,28535,89,2,37,805.97
655,2,29220.0,28535,89,5,1,26.39
656,2,57120.0,11751,1200,5,5,107.33
657,2,34380.0,23670,3907,2,16,370.38
658,2,58620.0,23078,3907,5,3,72.73
659,2,50940.0,33094,3780,2,23,532.55
660,2,56640.0,15618,3780,5,7,155.53
661,2,50880.0,34528,3317,5,7,160.2
662,2,55380.0,33094,3317,2,10,224.76
663,2,35820.0,16701,2912,2,22,515.13
664,2,40920.0,48079,2912,5,1,14.57
665,2,38460.0,46987,1276,2,27,594.35
666,2,58800.0,16220,3138,15,0,72.76
667,2,58860.0,12064,3138,2,27,587.33
668,2,58860.0,12064,3138,23,1,123.91
669,2,59700.0,38675,3138,2,22,491.03
670,1,66360.0,12385,1558,31,36,1001.2
671,2,44640.0,1057,1558,2,28,695.87
672,2,43080.0,34882,3089,2,30,678.73
673,2,42600.0,38057,1886,2,15,335.29
674,2,43440.0,48294,1886,9,21,470.34
675,2,52560.0,41875,1886,9,38,873.14
676,2,30840.0,11078,1535,2,19,447.98
677,2,59100.0,16522,2705,2,37,911.35
678,2,33360.0,10819,2171,5,6,145.96
679,2,41940.0,20605,2988,5,6,133.36
680,2,42060.0,43671,3656,2,25,622.85
681,2,53820.0,24700,3475,2,3,63.03
682,2,55440.0,24700,3475,5,1,20.75
683,2,46500.0,5328,3173,2,30,687.38
684,2,46500.0,5328,3173,11,0,20.08
685,2,52800.0,35570,3173,2,35,787.96
686,2,61260.0,23861,3173,5,1,32.13
687,2,63060.0,26658,3173,2,137,3090.39
688,2,52980.0,28134,563,2,24,529.74
689,2,63060.0,46987,563,2,27,593.57
690,2,42180.0,14955,92,2,23,507.67
691,2,13500.0,7626,378,19,12,292.06
692,2,56760.0,15581,378,5,5,109.25
693,2,31800.0,15692,168,2,22,493.43
694,2,52740.0,35570,981,2,8,183.24
695,2,58320.0,41817,981,2,19,423.91
696,2,63060.0,7471,981,12,0,19.05
697,2,63060.0,7471,981,36,1,198.6
698,2,47100.0,18751,2966,2,14,312.19
699,2,360.0,41113,5368,2,33,758.86
700,2,14580.0,48793,5368,2,28,652.98
701,2,65460.0,35801,5368,2,15,348.25
702,2,14820.0,34580,485,2,69,1558.37
703,2,20880.0,12064,485,5,2,56.32
704,2,30420.0,28134,485,2,26,592.86
705,2,44580.0,19350,621,15,0,72.76
706,2,58200.0,12702,621,15,0,43.56
707,2,58200.0,12702,621,2,28,646.2
708,2,59760.0,47057,621,2,27,639.46
709,2,32160.0,10784,485,5,6,142.26
710,2,34740.0,5328,485,2,27,616.95
711,2,54540.0,30816,485,5,5,125.8
712,2,13020.0,12459,747,2,25,572.07
713,2,19680.0,15842,747,9,52,1294.06
714,2,66780.0,6155,960,2,28,655.08
715,2,66780.0,6155,960,11,0,35.98
716,2,51240.0,31543,3056,5,5,113.02
717,2,47940.0,6822,1293,20,29,662.42
718,2,62220.0,15718,3317,5,3,58.5
719,2,37140.0,15338,474,5,5,109.14
720,2,55680.0,44480,474,2,31,682.33
721,2,59940.0,36195,474,2,25,544.53
722,2,64440.0,46199,768,11,0,16.46
723,2,39060.0,19131,64,31,30,817.19
724,2,39120.0,19131,64,11,0,35.98
725,2,39660.0,6718,64,2,27,634.8
726,2,60120.0,19131,64,2,22,530.24
727,2,41760.0,6266,636,2,22,499.8
728,2,48480.0,42861,1178,2,21,468.49
729,1,79380.0,44865,3114,2,84,1924.35
730,2,16980.0,31825,3114,2,101,2328.72
731,2,11040.0,17701,65,2,33,777.1
732,2,41640.0,33239,65,31,23,618.64
733,2,17640.0,38727,3115,2,36,857.07
734,2,17640.0,38727,3115,24,0,10.63
735,2,29640.0,38727,3115,2,11,258.31
736,2,44880.0,34393,1337,2,25,574.9
737,2,60720.0,33094,3121,2,42,1039.14
738,2,61680.0,27038,3121,2,27,666.73
739,2,68700.0,651,3121,2,31,771.85
740,2,68760.0,19870,3121,2,28,677.44
741,2,51120.0,16767,1205,9,38,996.08
742,2,51960.0,12702,1205,2,26,618.04
743,2,61080.0,24700,1205,2,5,125.03
744,2,45600.0,5328,1187,5,5,116.03
745,2,31320.0,42579,1206,5,5,134.28
746,2,44040.0,15375,1206,9,42,1099.42
747,2,45000.0,44480,1206,2,22,533.96
748,2,34500.0,42461,678,2,21,488.5
749,1,70320.0,46707,1440,2,24,545.41
750,2,23820.0,48294,1440,5,4,87.29
751,2,57060.0,19182,748,8,43,1110.65
752,2,38040.0,28134,1426,2,25,569.13
753,2,59100.0,39670,748,2,10,228.44
754,2,42840.0,6925,1153,2,35,815.05
755,2,34560.0,23953,3483,2,25,575.09
756,2,48720.0,7061,3483,2,20,472.14
757,2,48120.0,11597,869,5,4,86.36
758,2,33660.0,45671,555,5,6,128.83
759,2,61980.0,45671,555,5,6,131.51
760,2,47340.0,7626,1191,5,5,124.05
761,2,27240.0,46036,1154,2,17,387.3
762,2,43560.0,25805,354,5,6,132.29
763,1,58140.0,11189,1174,2,14,320.78
764,1,60240.0,47554,1174,2,63,1426.08
765,2,56880.0,30111,1174,2,25,573.03
766,2,56880.0,30111,1174,7,0,22.4
767,2,29820.0,5476,259,2,24,556.24
768,2,22980.0,6155,3923,2,26,613.49
769,2,46020.0,20902,3923,2,11,251.73
770,2,65640.0,24700,3258,5,1,29.11
771,1,70320.0,18831,3576,5,1,14.92
772,1,70320.0,18831,3576,36,1,164.36
773,2,42540.0,36380,491,5,5,108.28
774,2,42060.0,7628,2516,5,6,143.29
775,2,34800.0,16358,1353,2,51,1192.45
776,2,63420.0,7630,1353,5,5,120.1
777,2,33540.0,49788,5274,2,26,614.8
778,2,15240.0,12064,389,2,66,1440.62
779,2,31200.0,7962,389,5,4,82.67
780,2,58080.0,24700,409,5,1,25.49
781,2,22980.0,32379,398,5,1,26.05
782,2,31740.0,5585,1291,5,4,91.1
783,2,26820.0,40511,113,2,13,295.09
784,2,34200.0,19907,113,2,23,511.32
785,2,39840.0,7626,1075,5,1,29.6
786,2,42000.0,7626,1075,5,5,118.41
787,2,26700.0,5328,1033,5,5,107.51
788,2,39720.0,15788,1033,5,3,66.35
789,2,39720.0,15788,1033,12,0,8.64
790,2,53880.0,27321,935,5,5,124.49
791,2,36840.0,31256,441,2,14,350.78
792,2,36840.0,31256,441,15,0,53.29
793,2,20400.0,12073,1523,2,20,455.32
794,2,43080.0,25986,1523,2,28,639.31
795,2,21960.0,21914,2622,2,17,402.25
796,2,71340.0,30733,2622,2,21,483.66
797,2,23580.0,24858,2728,20,30,654.19
798,2,32640.0,7471,2728,20,24,524.6
799,2,26340.0,6718,3329,2,18,430.69
800,2,36360.0,38508,3329,2,32,756.99
801,2,42420.0,22994,3329,2,25,597.19
802,2,73980.0,7626,3807,5,4,88.21
803,2,32520.0,28951,148,2,37,847.67
804,2,31200.0,31543,1570,2,23,512.57
805,2,56400.0,11560,1570,23,1,66.28
806,2,60780.0,15254,1570,5,3,69.8
807,2,52500.0,13550,2231,15,0,53.29
808,2,42480.0,47979,2074,2,81,1942.89
809,2,45420.0,34803,106,2,18,421.89
810,2,42420.0,18575,1229,23,1,33.62
811,2,42420.0,18575,1229,18,1,29.66
812,2,42420.0,18575,1229,20,22,500.93
813,2,32040.0,11597,1371,2,24,535.26
814,2,30960.0,19182,640,5,6,155.66
815,2,61320.0,15825,640,19,15,378.12
816,2,57120.0,11159,522,2,16,371.69
817,2,40800.0,5983,3383,2,24,577.84
818,2,40500.0,27757,1271,9,38,882.88
819,2,40500.0,27757,1271,18,0,21.7
820,2,62400.0,48294,1271,5,2,56.76
821,2,49680.0,22458,1179,19,12,297.45
822,2,51660.0,33094,1157,2,35,797.57
823,2,47880.0,22994,1248,15,0,38.69
824,2,59280.0,12711,575,5,4,93.92
825,2,27120.0,34089,3389,5,4,89.3
826,2,52800.0,44638,325,5,4,81.17
827,2,38940.0,5381,184,2,25,591.54
828,2,42840.0,47708,649,5,6,144.4
829,2,57660.0,19182,892,2,34,774.38
830,2,57660.0,19182,892,11,0,26.5
831,2,39480.0,6768,3248,2,34,810.87
832,2,68400.0,19182,3152,2,27,624.45
833,2,68580.0,7626,3387,5,5,114.56
834,2,62880.0,19131,3388,5,4,98.58
835,2,42000.0,48490,3281,22,20,200.52
836,2,75180.0,30895,640,2,17,405.43
837,2,45060.0,17163,5338,2,39,872.93
838,2,58080.0,30895,94,2,20,460.75
839,2,33180.0,13880,1655,5,2,56.1
840,2,33600.0,10355,1655,25,0,200.51
841,2,44940.0,5476,1655,5,6,153.49
842,2,24240.0,21887,2296,2,49,1154.22
843,2,46800.0,26545,1314,2,25,574.81
844,2,45060.0,19182,3846,2,30,675.11
845,2,54720.0,12064,3800,5,5,120.23
846,2,31560.0,5340,2568,2,10,233.0
847,2,62220.0,13943,2304,5,5,114.37
848,2,34380.0,11238,2376,2,35,793.33
849,2,37740.0,47418,2595,2,26,597.34
850,2,51720.0,7626,2595,19,14,345.83
851,2,54960.0,19870,2595,2,26,605.62
852,2,54960.0,19870,2595,15,0,21.66
853,2,33900.0,44808,3880,2,46,963.67
854,2,45660.0,32153,3880,5,6,138.03
855,2,540.0,2581,3616,2,62,60.29
856,2,18240.0,25664,3864,2,25,579.5
857,2,20160.0,42727,3864,2,20,460.75
858,2,44100.0,42727,3864,2,41,921.5
859,2,37080.0,7938,3372,9,154,3600.84
860,2,40920.0,5381,4409,2,25,553.71
861,2,56760.0,42861,438,2,27,593.09
862,2,30060.0,33094,5481,2,14,312.25
863,2,60060.0,18788,726,2,24,551.65
864,2,51000.0,33897,3052,2,26,543.73
865,2,59460.0,22477,3380,2,31,694.74
866,2,33060.0,5476,3164,5,5,111.25
867,2,26520.0,40358,2639,2,16,374.37
868,2,26820.0,6266,2639,9,39,1033.3
869,2,26820.0,6266,2639,11,0,35.98
870,2,31800.0,15215,2639,5,4,88.69
871,2,33480.0,44644,2639,9,34,892.11
872,2,42480.0,19907,2639,2,24,582.87
873,2,64860.0,44480,145,5,4,103.57
874,2,54780.0,20620,3370,2,5,118.31
875,2,42540.0,6888,776,5,3,69.64
876,2,63780.0,43812,2542,22,26,285.41
877,2,58380.0,22029,3491,16,1,21.14
878,2,58380.0,22029,3491,2,20,451.57
879,2,34980.0,13880,2989,72,0,64.33
880,2,33180.0,7626,3763,5,4,87.05
881,2,33780.0,15783,3763,2,9,187.8
882,2,34560.0,11189,3763,5,5,109.98
883,2,46680.0,42579,3763,5,4,94.99
884,2,42480.0,27929,742,2,18,396.44
885,2,48000.0,42861,569,5,5,127.55
886,2,47640.0,19182,488,19,23,601.3
887,2,33960.0,3889,4598,322,59,57.48
888,2,34260.0,4758,4593,317,18,16.5
889,2,36120.0,43852,4593,317,17,396.19
890,2,46980.0,4206,4592,317,15,13.26
891,2,34320.0,48664,5170,317,29,25.73
892,2,23340.0,5049,5173,317,23,20.65
893,2,68700.0,31622,3010,5,4,104.82
894,2,53220.0,8712,3856,2,10,239.74
895,2,56880.0,28951,2336,15,0,101.47
896,2,54300.0,40583,2799,2,31,685.07
897,2,28320.0,7828,2805,2,21,467.84
898,2,43020.0,16593,2805,20,19,433.0
899,2,49740.0,47428,2805,5,5,102.22
900,2,49860.0,14612,104,2,25,561.22
901,2,61260.0,39820,3470,2,13,315.41
902,2,56400.0,5251,1341,2,95,2150.79
903,2,64980.0,26256,1341,5,5,109.66
904,2,51660.0,15788,3323,5,6,152.68
905,2,62520.0,46707,3323,5,5,123.65
906,2,58320.0,19182,344,2,23,533.58
907,2,58320.0,19182,344,15,0,38.69
908,2,72060.0,44802,3323,5,10,232.26
909,3,11460.0,23339,184,5,3,66.11
910,3,26040.0,49148,763,5,5,122.28
911,3,14100.0,12064,853,2,101,2303.75
912,3,16920.0,27026,853,2,25,575.94
913,3,17100.0,27026,853,2,42,989.74
914,3,26100.0,14076,853,11,0,24.82
915,2,83580.0,11126,3712,2,16,379.99
916,2,83580.0,11126,3712,25,0,127.14
917,2,73860.0,44480,339,5,5,126.35
918,3,16500.0,9091,339,2,51,1198.7
919,2,62400.0,17266,3693,2,25,553.16
920,2,68820.0,28134,3693,2,25,545.76
921,3,26160.0,6823,3693,2,24,537.92
922,3,22020.0,5433,3622,5,4,104.22
923,3,26520.0,5983,272,2,22,524.84
924,3,22800.0,9564,876,5,7,170.31
925,3,26700.0,47152,669,2,39,865.72
926,3,30120.0,14092,3581,2,16,350.56
927,3,30300.0,27238,3541,2,7,162.67
928,3,23940.0,8507,3400,5,4,81.17
929,3,30480.0,24886,709,5,5,118.19
930,3,15960.0,19655,3950,2,15,328.38
931,3,30180.0,7881,2709,2,24,604.09
932,2,64080.0,47172,2643,2,38,849.14
933,3,19740.0,19907,2643,5,5,108.33
934,3,30780.0,38508,2915,2,25,573.28
935,3,25140.0,23494,3900,5,4,92.97
936,3,29100.0,43052,3900,2,34,733.94
937,2,59160.0,42861,3921,2,27,614.83
938,3,34800.0,49838,3921,2,31,696.43
939,3,11160.0,27314,1627,2,25,572.81
940,3,21660.0,18129,2716,2,20,496.3
941,2,66600.0,7881,2301,5,5,104.79
942,3,34320.0,42861,2301,2,15,332.23
943,2,61320.0,5983,805,5,5,124.48
944,2,61320.0,5983,805,11,0,22.03
945,3,31380.0,14364,198,2,10,234.12
946,3,32280.0,26545,198,2,25,586.83
947,3,32700.0,16819,198,9,50,1208.64
948,3,34380.0,22481,1003,19,15,378.67
949,3,31680.0,33094,1539,2,7,157.86
950,3,33300.0,6925,1418,2,34,755.42
951,3,34980.0,32780,1418,2,35,773.95
952,3,35400.0,19035,1418,5,4,102.4
953,3,35400.0,19035,1418,11,0,4.74
954,3,38280.0,12776,1418,2,13,290.3
955,3,35220.0,19350,152,5,6,130.92
956,2,25500.0,28819,3647,5,4,87.4
957,2,54180.0,42579,3647,2,21,468.52
958,3,34560.0,11520,3877,5,6,142.84
959,3,38580.0,5443,796,2,30,704.23
960,3,38580.0,24829,1386,2,18,424.88
961,3,38580.0,24829,1386,15,0,28.96
962,3,29940.0,6266,3410,2,27,628.72
963,2,64440.0,43008,260,2,28,675.89
964,2,79980.0,10784,260,2,34,836.62
965,3,22200.0,10331,264,2,84,1823.33
966,3,29940.0,41113,2415,2,35,828.16
967,3,36900.0,19182,2415,5,6,154.25
968,3,43140.0,6266,3477,2,22,509.38
969,3,28380.0,12776,3694,2,32,701.87
970,3,30720.0,18058,3694,2,25,557.64
971,3,33540.0,14370,3694,2,24,528.73
972,3,43140.0,48425,3694,2,22,477.85
973,3,43020.0,11597,3379,2,24,559.49
974,3,38520.0,30837,2663,5,3,71.28
975,3,43080.0,13163,2663,2,13,305.86
976,3,24900.0,10248,3194,9,29,683.31
977,3,24900.0,10248,3194,12,0,8.89
978,3,31020.0,31256,3194,2,73,1680.67
979,3,33600.0,31256,3194,9,32,755.23
980,3,43380.0,14076,3415,2,34,771.82
981,2,31800.0,45176,2659,2,27,589.42
982,3,39540.0,25026,1886,2,30,675.52
983,3,41040.0,24700,1886,9,8,190.39
984,2,62640.0,32813,5466,5,3,71.48
985,3,44520.0,30868,5466,5,10,222.76
986,3,47340.0,20383,5466,5,2,39.5
987,3,35100.0,30895,2884,2,20,437.03
988,3,37380.0,19870,2884,2,50,1155.78
989,3,44400.0,48213,1312,2,13,279.38
990,3,47580.0,48079,1312,5,4,85.88
991,3,47580.0,38508,3101,5,5,131.28
992,3,47940.0,18917,3113,5,5,131.18
993,3,28500.0,15925,3071,2,28,664.43
994,2,69600.0,21336,2442,2,24,585.77
995,3,34680.0,8546,2442,2,13,312.0
996,3,46620.0,12021,3750,2,27,612.86
997,3,42300.0,15618,438,2,29,635.22
998,3,44640.0,47057,438,2,14,302.34
999,2,27840.0,22994,3899,2,23,522.21
1000,2,45480.0,25986,3899,2,38,870.93
