client_id,district_id,year,month,client_date,gender
1,18,59,11,12,1
2,1,34,1,3,0
3,1,29,9,8,1
4,5,45,11,0,0
5,5,49,6,2,1
6,12,8,8,21,0
7,15,18,0,24,0
8,51,27,1,20,1
9,60,24,9,15,0
10,57,32,4,0,0
11,57,39,7,21,1
12,40,70,1,19,0
13,54,63,4,28,1
14,76,31,5,21,1
15,21,7,7,27,1
16,21,8,1,24,0
17,76,23,9,12,0
18,76,20,3,4,1
19,47,31,11,27,0
20,46,68,0,3,0
21,12,41,9,28,1
22,1,58,9,10,1
23,1,62,4,28,0
24,43,28,6,28,1
25,21,28,3,22,1
26,74,58,3,19,1
27,54,55,2,25,1
28,1,34,8,28,0
29,30,40,8,10,1
30,74,46,9,8,1
31,68,51,1,8,0
32,52,69,6,27,0
33,73,37,11,3,1
36,7,67,6,16,1
37,7,59,7,9,0
38,36,62,6,22,1
39,68,57,0,24,0
40,5,46,0,21,1
41,22,57,7,26,0
42,68,24,7,16,0
43,75,9,9,27,0
44,38,66,0,10,1
45,20,41,7,25,0
46,19,29,0,29,1
47,76,23,6,13,0
48,16,29,1,8,0
49,72,48,4,10,1
50,39,67,6,29,1
51,36,68,11,1,1
52,32,13,11,11,0
53,64,66,4,4,0
55,45,37,8,17,1
56,21,49,2,30,0
57,21,50,11,16,1
58,1,16,3,28,1
59,1,46,1,17,0
60,67,69,1,18,0
61,16,37,7,5,1
62,77,21,11,7,0
63,4,48,5,3,0
64,20,15,3,21,0
65,50,32,4,26,1
66,1,40,10,9,1
67,29,21,10,10,1
68,43,35,11,13,0
70,70,14,11,21,0
71,70,16,1,5,1
72,47,12,0,12,0
73,22,13,1,19,0
74,22,14,6,25,1
75,64,66,8,18,1
76,36,56,9,0,1
77,1,45,1,17,1
78,16,33,5,12,1
79,37,58,2,9,1
80,64,68,1,24,1
81,8,65,3,28,0
82,8,68,11,24,1
83,1,67,11,24,1
84,1,68,4,4,0
85,1,50,7,26,0
86,1,58,6,19,1
87,72,35,10,16,1
89,1,40,4,4,1
90,52,64,7,16,0
91,63,29,7,6,0
92,74,55,5,11,1
93,3,14,1,15,0
94,43,36,8,8,0
95,43,41,7,2,1
96,74,61,1,28,0
97,26,54,10,27,0
98,33,62,4,3,1
99,33,62,0,25,0
100,44,31,7,10,1
101,68,32,0,22,0
102,74,47,8,9,1
103,74,44,6,10,0
105,31,69,4,25,0
106,68,57,11,29,1
107,1,61,5,22,0
108,17,52,8,12,0
110,2,56,3,12,1
112,1,24,0,24,0
113,1,29,7,14,1
114,74,58,5,23,1
115,74,58,11,23,0
116,74,31,0,27,0
117,74,25,8,19,1
118,55,11,6,18,0
119,55,11,1,27,1
120,1,65,4,9,0
121,41,67,9,28,1
122,35,52,10,12,1
123,11,58,1,11,0
124,44,56,8,20,0
125,37,25,9,30,0
126,37,18,8,26,1
127,21,39,11,26,1
128,63,62,3,3,1
129,64,36,4,30,1
130,53,31,1,13,0
131,53,66,0,30,1
132,36,42,0,25,0
134,6,21,0,17,0
135,6,27,8,9,1
136,55,10,0,25,1
137,60,12,8,13,0
138,54,61,9,20,1
139,8,48,6,24,1
140,8,50,5,5,0
141,31,14,10,1,0
142,68,26,5,20,0
143,27,67,6,8,0
144,65,47,11,5,0
145,55,67,1,13,0
146,31,50,11,18,1
147,21,22,10,1,1
148,21,29,11,24,0
149,55,37,5,26,0
150,2,69,8,26,1
151,51,60,8,22,1
152,29,34,11,1,1
153,13,70,1,11,1
154,74,22,7,26,0
155,74,28,2,12,1
156,54,19,6,21,1
157,52,32,6,8,1
158,40,34,6,2,1
159,40,27,8,9,0
160,64,31,3,25,1
161,34,32,9,6,1
162,65,30,9,16,0
163,74,22,5,11,0
164,70,51,3,3,1
165,22,57,10,7,0
166,22,50,9,21,1
167,38,67,3,17,1
168,24,65,10,4,1
169,38,42,8,11,0
170,38,35,5,15,1
171,51,18,5,24,0
172,51,24,9,4,1
173,21,7,11,7,1
174,10,67,10,9,0
175,31,49,6,12,0
176,4,18,2,10,0
178,8,49,11,21,0
179,43,69,11,28,0
180,73,71,0,18,0
181,76,56,6,5,0
182,76,48,6,12,1
183,1,67,2,18,1
184,1,61,5,4,0
185,77,43,4,29,0
186,46,50,1,21,1
187,58,31,7,22,0
188,64,49,8,1,0
189,11,8,7,9,0
190,37,36,9,30,1
191,37,43,8,2,0
192,70,60,1,27,0
193,1,51,4,0,0
194,28,13,11,19,1
195,74,8,10,17,0
196,74,16,5,24,1
197,30,22,3,24,0
198,60,65,6,13,0
199,29,12,5,20,0
200,29,17,0,12,1
201,17,19,7,18,1
202,29,65,10,20,1
203,31,51,5,9,0
204,31,56,5,16,1
205,4,31,5,14,1
206,59,52,3,12,1
207,46,21,4,19,0
208,13,29,5,24,1
209,13,24,7,19,0
210,66,28,10,29,0
211,66,34,5,27,1
212,52,64,1,9,0
215,71,56,8,23,0
216,1,49,0,29,0
217,59,63,11,21,1
218,1,69,0,22,1
219,60,53,3,1,1
221,21,66,1,24,1
222,47,61,5,28,1
223,43,41,1,26,1
224,77,44,4,10,0
225,32,25,4,9,0
226,1,31,5,15,0
227,52,15,11,17,1
228,48,45,2,15,1
229,76,58,6,21,0
230,74,56,2,9,1
231,41,30,1,17,0
232,55,10,5,16,1
233,69,47,11,2,1
234,69,44,5,20,0
235,44,32,7,27,1
236,70,50,8,0,0
237,70,58,1,21,1
238,6,50,10,27,1
239,1,63,8,9,1
240,34,18,5,16,1
241,70,48,0,22,0
242,17,50,7,0,1
243,63,43,1,9,0
246,67,59,11,27,1
247,1,46,4,7,0
248,61,58,11,11,1
249,61,59,4,4,0
250,8,68,10,24,1
251,54,65,2,2,1
252,37,58,8,0,1
253,48,36,4,11,1
254,28,52,4,29,0
255,27,40,9,10,1
256,73,52,1,26,1
257,22,31,10,3,1
258,22,26,4,30,0
259,31,55,5,7,0
260,31,51,1,23,1
261,38,26,11,6,1
262,77,34,10,24,0
263,68,51,4,19,0
264,28,67,7,21,0
265,72,22,0,6,1
266,19,56,7,27,1
267,37,56,5,11,0
268,39,71,4,1,1
269,15,12,11,2,1
270,46,36,2,7,0
271,46,34,6,26,1
272,70,33,9,24,1
273,27,61,4,14,1
274,17,59,10,24,1
275,1,7,10,11,1
276,1,46,5,10,0
277,1,50,10,27,1
278,22,61,11,26,1
279,22,59,4,15,0
280,45,58,11,17,1
282,73,27,1,23,1
283,73,22,10,3,0
284,10,63,7,5,0
285,72,43,5,2,0
286,72,41,3,17,1
287,50,69,8,8,0
288,6,51,3,20,0
289,54,47,2,26,0
290,72,48,0,11,0
291,72,44,3,26,1
292,15,47,8,5,1
293,69,32,8,26,0
294,58,57,2,20,0
295,12,28,2,26,0
296,65,63,2,0,0
297,65,13,2,14,1
298,65,10,5,12,0
300,1,46,6,29,1
301,28,31,0,9,0
302,56,60,1,22,0
303,74,35,4,5,0
304,19,23,2,10,1
305,46,27,5,7,0
308,68,65,5,11,1
309,37,58,11,13,1
310,11,39,3,15,0
311,64,19,8,15,1
312,2,13,6,2,0
313,24,31,4,10,1
314,24,34,2,21,0
315,54,56,4,0,0
316,75,44,3,27,0
317,64,46,9,5,1
318,15,32,3,1,1
319,19,18,3,3,1
320,19,23,10,11,0
321,47,32,9,23,1
322,38,22,1,0,0
323,38,27,3,3,1
324,3,49,11,2,0
325,3,49,1,20,0
326,27,56,8,17,1
327,27,57,9,12,0
328,1,7,0,23,1
329,11,53,11,2,0
330,65,33,7,4,1
331,1,31,2,1,0
332,29,67,6,24,0
333,38,60,9,18,0
334,32,58,9,30,0
335,73,56,6,21,1
336,39,53,1,10,1
337,39,46,4,7,0
338,8,40,5,18,1
339,1,55,6,29,0
340,1,59,7,18,1
341,69,66,2,15,0
342,69,61,5,29,1
343,44,8,10,18,0
344,54,52,6,15,1
345,17,42,11,6,0
346,17,49,10,1,1
347,71,48,11,12,0
348,71,42,0,23,1
349,39,16,4,26,1
350,25,14,3,1,1
351,1,62,4,0,0
352,56,29,7,26,0
353,7,54,9,25,0
354,49,11,3,26,1
355,49,19,4,30,0
356,1,68,11,6,1
357,1,68,2,29,0
358,7,48,5,25,1
359,66,59,1,15,0
360,49,32,3,26,0
361,74,66,4,24,1
362,35,39,3,26,1
363,35,31,6,0,0
364,54,31,11,4,1
365,1,19,0,8,0
366,1,25,10,9,1
367,60,52,8,2,1
368,60,57,9,13,0
369,7,19,10,5,1
370,71,45,0,4,1
371,4,31,6,15,0
372,34,21,3,2,0
373,16,25,1,27,0
374,26,56,5,13,0
375,61,58,8,28,1
376,14,62,0,7,1
378,50,67,4,14,0
379,50,72,9,12,1
380,41,62,0,18,0
381,73,66,0,25,1
382,73,67,5,29,0
383,15,28,4,16,1
384,15,24,9,7,0
385,45,37,2,23,0
386,62,69,7,20,0
387,76,16,5,5,0
388,36,39,9,29,1
389,47,63,5,29,1
390,47,66,0,26,1
391,47,22,4,21,1
392,74,39,3,0,1
393,74,45,7,30,0
394,52,13,4,17,1
395,52,8,6,4,0
396,1,9,4,1,0
397,75,19,2,26,0
398,61,14,2,25,1
399,45,41,3,13,0
400,1,22,11,26,0
401,1,17,10,18,1
402,3,32,11,24,0
403,42,62,4,25,1
404,42,56,3,19,0
405,65,23,9,18,1
406,36,66,4,14,0
407,73,64,4,26,1
408,35,67,1,21,1
409,74,14,5,17,0
410,62,51,11,19,0
411,17,30,3,13,1
412,17,33,3,16,0
413,49,61,10,17,1
414,46,36,9,18,1
415,46,34,3,0,0
416,1,21,9,6,1
417,1,19,5,9,0
418,28,55,9,12,0
419,64,59,9,6,1
420,18,67,2,12,0
421,54,54,6,30,0
422,69,35,11,6,0
423,37,46,5,22,0
424,1,36,9,7,0
425,25,37,1,11,0
426,72,26,5,0,0
427,72,30,8,13,1
428,47,8,10,15,1
429,50,70,0,19,1
430,39,9,6,27,0
431,24,16,9,0,1
432,59,41,2,25,1
433,62,44,1,6,0
434,70,32,0,29,1
435,20,56,9,22,0
436,2,44,5,14,0
437,11,9,0,16,1
438,32,27,8,27,0
439,51,57,8,11,1
440,15,59,6,6,1
441,1,48,8,13,0
442,1,60,11,15,1
443,1,60,11,19,0
444,74,49,7,0,1
445,1,36,3,26,1
446,1,41,2,18,0
447,23,35,8,3,0
448,77,59,7,14,1
450,25,42,10,26,0
451,12,68,3,13,0
452,55,42,9,21,1
453,67,58,6,15,0
454,38,38,5,14,1
455,68,9,6,25,0
456,25,29,1,27,0
457,70,39,8,25,0
458,68,50,6,23,0
459,32,56,6,22,1
461,68,59,7,12,1
462,14,59,11,20,0
463,38,33,3,4,0
464,24,48,6,29,1
465,5,41,8,0,0
466,1,36,10,18,1
467,1,39,3,16,0
468,72,48,3,26,0
469,59,59,9,12,1
470,30,43,3,20,1
471,44,66,0,10,0
472,36,70,11,26,0
473,1,28,8,24,1
474,46,38,4,30,0
476,1,36,5,0,1
477,1,43,6,19,0
478,21,67,5,20,0
479,11,36,7,19,0
480,11,35,0,23,1
481,69,16,0,21,0
482,69,23,0,21,1
483,1,33,5,18,0
484,28,48,8,12,1
485,32,67,4,15,0
486,68,33,3,11,0
487,1,11,3,0,1
488,1,6,7,1,0
489,41,29,9,6,0
490,55,39,9,22,0
491,63,55,7,4,0
492,72,24,9,25,0
493,41,31,5,3,1
494,1,69,4,18,0
495,49,26,3,6,1
496,70,40,4,20,1
497,74,42,1,1,0
498,74,37,0,14,1
499,18,24,6,7,1
500,1,60,0,5,0
501,62,26,9,27,0
502,6,8,11,7,0
503,73,48,6,23,0
504,36,68,7,0,0
505,13,66,11,20,0
506,75,35,7,15,0
507,75,43,10,15,0
508,53,60,3,27,0
509,73,69,4,1,0
510,12,65,3,14,0
511,9,48,1,17,0
512,60,54,7,2,1
513,8,63,0,10,1
514,8,57,10,14,0
515,1,21,4,25,0
516,1,19,3,26,1
517,63,54,6,24,0
518,54,68,3,27,1
519,18,69,3,12,0
520,46,36,8,26,1
521,69,64,11,24,0
522,1,45,2,3,1
523,38,11,11,16,0
524,30,52,0,1,1
525,30,58,7,13,0
526,43,53,1,0,0
527,43,55,7,17,1
528,37,66,1,10,0
529,69,67,10,4,0
530,29,46,8,26,1
531,27,65,9,3,0
532,27,69,8,2,1
533,54,30,4,18,1
534,74,46,6,21,0
535,26,26,8,8,0
536,47,28,7,24,0
537,1,24,0,15,0
538,5,37,4,9,1
540,19,10,6,27,0
541,19,16,2,8,1
542,59,10,1,8,1
543,11,47,3,14,1
544,63,37,10,15,0
545,75,62,9,10,1
546,7,42,7,24,0
547,54,38,2,30,0
548,49,26,11,3,0
550,7,50,10,29,0
551,47,65,6,4,1
552,1,23,4,7,1
553,1,30,3,6,0
554,30,14,3,18,1
555,30,15,9,20,0
556,29,35,6,7,0
557,51,28,6,16,0
558,43,9,6,4,1
559,32,61,8,4,1
560,71,56,11,15,1
561,74,51,10,9,1
562,49,64,8,21,1
563,72,50,8,8,1
564,72,44,0,23,0
565,64,48,6,2,1
566,47,35,2,4,1
567,47,39,4,1,0
568,8,49,6,18,1
569,73,51,5,14,0
570,61,30,0,30,1
571,3,13,8,26,0
572,3,9,7,3,1
573,69,56,7,9,0
574,1,61,11,24,0
575,58,59,3,3,0
576,58,63,4,11,1
577,1,52,11,4,1
578,23,66,6,6,1
579,72,22,4,30,1
581,70,38,1,3,1
582,1,39,8,25,0
583,75,54,0,0,1
584,33,65,4,12,1
585,40,31,1,20,1
586,40,36,10,2,0
587,25,34,6,7,1
588,61,49,9,19,1
589,45,50,8,16,0
590,44,38,1,14,0
591,65,63,9,28,1
592,26,54,6,17,0
593,60,43,6,9,1
596,69,37,9,23,0
597,55,32,1,21,0
598,1,59,11,30,0
599,1,66,4,17,1
601,56,55,2,11,0
602,56,54,0,15,1
603,13,55,2,8,1
604,1,54,6,30,1
605,1,59,7,26,1
606,10,38,0,24,1
607,64,53,2,29,0
608,67,61,7,30,0
609,52,51,8,1,0
610,74,68,7,9,1
611,36,41,9,12,0
612,36,49,10,9,1
613,1,66,7,9,1
614,14,36,1,2,1
615,68,38,8,12,1
616,58,64,0,0,0
617,70,63,2,13,0
618,57,21,2,15,1
619,6,9,8,6,0
620,6,7,1,12,1
621,54,28,2,16,0
622,74,20,10,22,1
623,24,14,8,3,0
624,24,21,6,25,1
625,60,67,10,23,1
626,9,69,3,12,0
627,17,61,3,10,0
628,17,59,4,26,1
629,16,65,2,9,0
630,61,41,2,2,0
631,70,45,2,21,1
632,67,35,2,15,0
633,67,27,5,11,1
635,17,16,5,28,1
636,17,24,1,16,0
637,39,59,11,14,1
638,54,50,1,2,1
639,31,67,7,1,0
640,26,68,3,14,0
641,40,51,6,3,1
642,40,52,9,24,0
643,1,38,5,12,1
644,35,50,3,22,1
645,14,14,11,20,0
646,34,11,8,28,1
647,34,18,3,5,0
648,70,24,8,27,1
649,13,67,4,1,1
651,54,65,0,26,1
652,61,27,11,7,0
653,1,19,10,20,1
654,64,31,4,16,1
655,32,31,11,9,0
656,1,45,5,5,0
657,8,15,6,9,1
658,8,15,11,20,0
659,24,54,11,6,0
660,16,12,2,21,0
661,16,8,0,14,1
662,5,34,7,6,0
663,24,12,0,19,0
664,77,69,2,18,1
665,62,21,3,4,1
666,26,71,4,22,0
667,26,70,6,19,1
668,1,31,11,24,1
669,12,45,11,18,1
670,1,48,0,20,0
671,10,60,1,26,1
672,46,18,10,8,1
673,36,28,9,28,0
674,11,16,0,10,1
675,50,64,10,11,0
676,70,42,1,6,0
677,5,52,4,23,0
678,39,22,4,27,1
679,8,29,2,18,0
680,8,29,4,8,1
681,15,66,0,14,0
682,18,68,9,20,0
683,76,34,7,28,1
684,3,65,3,9,1
685,72,19,11,12,1
686,32,60,9,2,1
687,32,64,0,27,0
688,1,43,4,3,0
689,70,53,7,1,0
690,38,31,10,6,0
691,38,33,0,12,1
692,74,25,0,10,1
693,74,24,2,16,0
694,29,25,1,27,0
695,28,44,5,26,0
696,28,41,11,0,1
697,1,63,4,0,0
698,75,43,1,26,0
699,26,11,3,21,1
700,12,18,10,19,0
702,31,57,10,6,1
703,4,48,3,25,0
704,54,64,4,0,0
705,19,27,11,9,0
706,1,37,7,4,0
707,1,30,11,13,0
708,50,66,10,26,1
709,1,23,11,28,0
710,23,14,10,27,0
711,48,52,7,15,1
712,54,51,11,3,0
713,20,69,2,28,1
714,31,59,9,7,0
715,1,41,0,14,1
716,1,43,11,3,1
717,54,57,4,1,0
718,54,49,1,27,1
719,46,63,7,8,0
720,29,43,8,5,0
721,43,29,1,14,0
722,62,59,10,24,1
723,12,46,6,25,1
724,65,42,1,1,1
725,75,45,11,10,0
726,16,24,1,12,0
727,32,19,6,19,1
728,32,21,0,19,0
729,63,58,2,16,1
730,63,62,7,13,0
731,74,68,0,21,1
732,74,67,6,4,0
733,46,67,6,27,0
734,46,74,0,13,1
735,1,62,10,25,0
736,1,66,3,25,1
737,74,41,10,3,0
738,25,9,2,25,0
739,72,31,3,15,0
740,55,12,10,6,0
741,74,30,6,8,0
742,1,40,9,14,1
743,1,30,1,16,0
744,26,29,6,17,0
745,52,55,1,13,1
746,52,51,3,15,0
747,24,42,7,19,1
748,25,25,9,14,0
749,25,22,6,28,1
750,70,45,8,28,1
751,70,48,2,8,0
752,72,33,11,19,0
753,72,29,8,23,1
754,63,36,5,3,1
755,72,36,10,20,0
756,31,9,4,12,0
757,71,59,11,19,1
758,68,50,6,25,1
759,29,44,4,19,0
760,57,25,7,24,1
762,21,26,3,19,0
763,75,16,7,23,1
764,49,44,9,12,1
765,65,58,11,30,0
766,1,15,6,2,1
767,1,12,5,15,0
768,32,20,8,22,1
769,40,66,11,14,0
772,64,33,11,9,0
773,4,24,9,29,0
774,70,62,2,2,0
775,51,29,10,29,1
776,1,42,4,2,1
777,1,50,4,19,0
778,13,29,5,3,0
779,69,33,5,11,1
780,3,13,1,25,0
781,72,34,8,19,0
782,5,52,2,17,1
783,27,60,2,24,1
784,27,53,11,27,0
785,63,23,8,8,0
786,53,67,8,5,0
787,3,36,11,7,0
788,47,63,8,2,0
789,4,20,8,20,0
790,63,56,4,8,1
791,68,39,8,28,1
793,21,67,1,3,0
794,21,68,6,15,1
796,1,8,7,29,0
797,8,37,0,26,0
798,27,29,1,11,1
799,27,25,1,18,0
803,35,40,1,14,0
804,35,45,0,22,1
806,60,69,3,21,0
807,53,58,9,20,1
808,31,52,10,27,0
809,49,8,9,14,0
810,58,34,8,23,1
811,58,29,4,27,0
812,39,29,11,5,0
813,70,53,0,28,0
814,19,48,9,0,0
815,22,53,9,26,1
816,17,47,1,0,1
818,54,55,3,26,0
819,74,47,6,7,0
820,74,49,10,5,1
821,49,37,4,11,0
822,37,48,4,7,1
823,41,45,9,23,0
824,27,41,8,4,0
825,74,66,3,1,0
826,1,67,0,22,0
827,10,54,8,3,1
828,10,47,11,9,0
829,24,46,4,18,0
830,69,37,7,26,0
831,2,37,4,1,0
832,67,12,11,22,1
833,5,49,5,10,0
834,54,11,11,16,0
835,28,32,9,19,1
836,28,37,5,13,0
837,71,63,9,13,0
838,71,57,1,3,1
839,47,44,4,17,1
840,20,26,3,25,0
841,69,70,1,9,0
842,12,22,6,2,1
843,54,46,8,2,1
844,22,34,0,13,0
845,22,42,0,29,1
846,35,38,11,0,0
847,49,68,11,24,0
849,26,28,5,5,1
850,19,58,8,20,0
851,25,8,5,15,0
852,25,5,5,3,1
853,70,38,5,1,0
854,72,30,10,1,1
855,58,19,0,27,0
856,23,8,0,21,0
857,32,37,1,20,0
858,47,48,2,28,1
859,1,57,6,28,1
860,1,56,11,7,0
861,1,45,8,12,1
862,30,41,0,4,0
863,54,57,10,28,1
864,11,42,2,26,0
865,11,35,10,2,1
866,38,64,10,23,1
870,70,46,4,5,0
871,76,63,2,10,0
872,35,52,1,21,0
873,60,33,0,4,0
874,14,41,8,4,1
875,14,45,11,6,0
876,1,49,10,24,0
877,5,16,0,20,1
878,5,9,3,16,0
879,38,32,11,7,1
880,49,49,1,16,0
881,5,64,1,21,1
882,70,22,8,8,1
883,75,9,0,5,1
884,75,7,9,13,0
885,34,12,1,7,0
886,34,37,1,1,0
887,66,62,10,27,1
888,28,62,9,25,0
889,54,70,9,23,1
890,77,8,2,29,0
891,33,20,0,30,0
892,42,11,4,23,1
893,43,24,9,22,1
894,75,23,7,17,0
895,39,59,6,2,0
896,36,62,3,23,1
897,36,70,2,24,0
898,38,32,3,26,1
899,38,33,1,12,0
900,73,66,3,9,0
901,39,8,11,20,0
902,23,39,7,14,0
903,31,23,2,5,0
904,1,21,1,7,0
905,38,29,9,22,0
906,65,67,5,15,0
907,51,37,2,10,0
908,51,50,2,6,1
909,23,64,8,6,0
910,1,50,8,26,0
911,43,28,10,27,0
912,76,9,9,28,0
913,1,27,10,17,0
914,1,10,0,18,1
915,12,64,4,2,0
916,3,47,5,28,0
917,25,62,8,15,1
918,26,53,11,22,0
921,7,43,1,12,1
922,22,61,7,15,1
923,22,67,7,21,0
924,1,42,6,11,0
925,54,48,7,12,0
926,1,70,0,21,0
927,1,63,9,25,0
928,66,40,9,9,1
929,30,24,3,22,0
930,68,48,7,24,1
931,16,57,5,6,0
932,3,36,8,26,0
933,33,67,2,10,1
934,33,71,7,18,0
935,42,35,4,16,1
936,42,32,6,29,0
937,1,20,10,13,0
938,59,33,7,6,1
939,21,41,7,2,0
940,53,49,7,10,0
941,10,24,9,4,0
942,12,20,8,1,1
943,12,25,8,25,0
944,39,59,11,17,0
945,39,66,0,9,1
946,54,40,7,5,0
948,49,13,3,21,0
949,3,65,6,26,0
950,76,54,3,11,1
951,76,49,8,16,0
952,63,40,4,0,1
953,25,26,9,16,0
954,1,31,9,19,1
955,57,59,0,27,0
956,1,55,9,20,0
957,56,30,11,22,1
958,56,31,4,3,0
959,11,51,8,11,1
960,16,46,3,12,1
961,15,20,9,3,1
962,19,55,1,18,0
963,64,55,11,16,1
964,10,42,9,20,1
965,13,61,11,0,1
966,13,67,8,1,0
967,76,68,5,19,0
968,69,46,1,16,0
970,36,46,2,28,0
971,46,8,0,0,1
972,46,6,4,5,0
973,14,59,9,5,1
974,14,52,5,23,0
975,1,48,6,11,1
976,16,44,10,18,1
977,76,15,4,9,1
978,56,57,5,8,1
979,56,55,10,17,0
980,40,50,8,29,0
981,5,49,5,27,0
984,20,38,6,2,0
985,20,36,0,12,1
986,74,44,4,15,0
987,60,41,4,19,0
988,40,28,9,0,1
989,40,22,7,14,0
990,71,50,11,23,0
991,32,30,5,26,0
992,19,37,4,20,0
993,44,58,9,30,1
994,36,60,3,26,0
995,36,62,9,29,1
996,1,69,5,25,1
997,59,39,10,10,0
998,59,42,5,27,1
999,74,55,8,0,1
1000,74,50,9,26,0
1001,44,36,3,13,0
1002,42,33,2,7,1
1003,31,26,9,30,1
1004,3,46,8,24,0
1006,46,31,5,27,1
1007,46,27,0,4,0
1008,6,45,6,5,0
1009,33,51,3,26,1
1010,33,44,7,15,0
1011,16,28,6,12,0
1012,70,55,1,12,1
1013,70,62,2,11,0
1014,1,20,1,7,0
1015,62,23,2,12,0
1016,62,29,6,20,1
1017,6,32,1,11,1
1018,53,34,1,27,0
1019,14,35,11,21,1
1020,72,66,4,9,1
1021,2,66,7,4,0
1022,31,29,6,22,0
1023,1,27,11,27,0
1024,25,45,2,28,0
1025,15,53,6,7,0
1026,57,68,7,11,0
1027,1,29,10,3,1
1028,1,23,9,1,0
1029,1,43,2,15,1
1030,1,36,9,10,0
1031,2,57,11,10,1
1032,1,27,9,29,1
1033,1,26,9,13,0
1034,52,63,10,10,1
1035,13,60,2,27,1
1036,13,65,11,5,0
1037,1,54,10,0,1
1038,69,50,8,22,1
1039,70,69,9,10,1
1040,1,49,5,16,0
1041,72,50,6,4,0
1042,17,55,8,24,1
1043,17,52,10,15,0
1044,9,60,8,12,1
1045,60,36,11,23,1
1046,1,64,7,23,0
1047,16,52,6,10,1
1048,70,63,9,2,1
1049,1,31,10,10,0
1050,27,60,6,0,1
1051,73,60,7,25,1
1052,56,53,2,10,0
1053,56,47,5,2,1
1054,63,13,7,19,0
1055,4,8,4,16,0
1056,1,52,5,18,0
1057,52,28,1,20,0
1058,9,64,7,0,1
1059,26,49,5,2,0
1060,26,46,11,16,1
1062,16,64,0,7,0
1063,16,65,5,11,1
1064,1,40,1,2,1
1065,2,46,10,25,0
1066,1,29,9,17,0
1067,1,41,4,13,0
1068,13,15,9,19,1
1069,54,27,1,20,1
1070,54,27,11,1,0
1071,43,14,0,24,0
1072,60,55,11,7,1
1073,34,13,3,9,0
1074,34,17,7,24,1
1075,65,23,5,3,1
1076,53,68,4,10,1
1077,46,9,5,22,0
1078,24,67,11,14,1
1079,3,50,6,14,0
1080,54,39,9,5,1
1081,71,59,11,15,0
1082,9,56,1,22,0
1083,48,26,11,14,0
1084,48,33,3,8,1
1085,60,21,11,18,1
1086,74,62,4,3,0
1087,74,67,6,29,1
1088,47,58,7,22,1
1089,1,28,11,8,0
1090,35,28,5,19,1
1091,59,29,5,26,1
1092,41,51,6,19,1
1093,62,65,6,27,1
1094,30,49,9,3,1
1095,30,43,1,15,0
1096,1,15,2,2,1
1097,1,19,8,1,0
1098,60,37,8,9,1
1099,65,68,10,20,1
1100,59,40,6,3,0
1101,74,35,5,21,0
1102,72,24,0,28,0
1103,1,40,7,17,0
1104,1,44,1,8,1
1105,56,31,0,2,0
1106,56,29,1,24,1
1107,60,50,3,25,0
1108,62,44,11,21,1
1109,58,20,8,0,1
1110,10,17,2,23,1
1111,61,68,5,3,0
1112,13,19,6,24,1
1113,11,65,7,19,0
1114,59,69,5,17,0
1115,36,9,7,23,1
1116,69,62,3,18,1
1117,20,65,10,0,1
1118,20,58,10,2,0
1119,54,69,0,4,1
1120,41,62,9,20,1
1121,59,28,2,1,0
1122,20,10,1,17,0
1123,20,11,7,25,1
1124,21,17,3,11,0
1125,9,23,2,29,1
1126,9,24,9,22,0
1127,23,63,10,11,0
1128,7,19,6,15,0
1129,43,20,8,23,0
1130,70,29,10,25,1
1131,55,36,9,27,1
1132,55,37,2,20,0
1133,37,47,8,14,1
1134,37,48,9,0,0
1135,8,41,6,20,0
1136,9,65,8,17,1
1137,1,66,2,4,1
1138,70,59,8,29,1
1139,70,62,8,21,0
1140,18,35,1,23,0
1141,21,30,3,21,1
1142,59,35,10,18,1
1143,59,35,4,14,0
1145,58,57,8,13,1
1146,54,54,10,13,0
1147,3,19,4,11,0
1148,41,30,4,14,0
1149,14,65,8,24,1
1150,74,34,5,23,1
1151,59,62,2,5,0
1152,74,70,2,11,0
1153,70,69,10,14,1
1154,72,13,0,30,0
1155,72,11,6,9,1
1156,1,22,10,10,1
1157,4,47,11,29,1
1158,1,43,7,20,1
1159,64,33,1,2,0
1160,64,27,6,27,1
1161,7,62,4,24,0
1162,26,64,1,18,1
1163,20,53,7,27,0
1164,15,48,8,13,1
1165,15,31,9,1,1
1166,74,48,5,26,0
1167,74,43,2,16,1
1168,19,67,4,30,0
1169,18,30,0,23,1
1170,12,66,3,27,0
1171,46,63,2,27,1
1172,54,12,5,12,1
1173,54,11,5,1,0
1174,29,59,2,12,1
1175,1,14,9,24,0
1176,1,7,7,30,1
1177,77,28,5,20,1
1178,1,60,9,3,1
1179,1,19,9,4,1
1180,21,33,9,5,0
1181,1,28,10,11,0
1182,66,35,9,15,1
1183,54,31,10,28,0
1186,2,36,7,4,1
1187,32,50,8,5,1
1188,32,57,8,18,0
1189,74,21,1,14,1
1190,15,65,3,11,1
1191,15,66,5,1,0
1192,10,14,0,0,1
1193,19,15,0,28,0
1194,17,28,5,13,1
1195,39,28,0,21,1
1196,22,32,3,15,0
1197,6,55,9,1,1
1198,72,64,1,16,1
1199,64,65,9,23,1
1200,47,20,10,16,1
1201,54,34,8,9,0
1202,47,69,9,10,1
1204,77,63,10,8,1
1206,50,46,5,20,0
1207,28,28,8,16,1
1208,70,64,8,0,1
1209,36,46,3,8,1
1210,6,50,9,11,0
1211,1,67,6,13,0
1212,13,16,8,18,1
1213,1,55,3,27,0
1214,61,29,10,14,0
1215,45,33,4,5,0
1216,65,34,5,11,1
1217,59,26,3,16,0
1218,74,69,4,26,0
1219,1,33,6,30,0
1220,40,42,11,15,1
1221,14,62,4,17,1
1222,7,28,10,29,1
1223,14,44,7,12,1
1224,56,27,4,11,0
1225,42,35,7,20,0
1226,33,40,3,13,1
1227,33,44,9,1,0
1228,21,38,7,27,1
1229,19,60,1,1,0
1231,20,54,8,26,1
1232,20,48,3,12,0
1233,68,31,9,21,0
1234,23,64,0,14,0
1235,23,68,6,11,1
1236,26,56,3,27,1
1237,57,12,10,6,0
1238,74,24,8,0,0
1239,11,65,8,8,1
1240,32,65,7,23,1
1241,73,31,11,16,1
1242,73,33,7,20,1
1243,11,63,9,4,1
1244,1,53,4,1,0
1245,64,68,7,12,0
1246,70,51,10,18,0
1247,70,58,9,8,1
1248,19,60,5,23,0
1250,43,41,7,0,1
1251,1,48,4,29,0
1252,1,42,7,18,1
1253,14,56,7,27,1
1254,3,28,7,30,1
1255,1,55,7,6,1
1256,46,44,10,12,1
1257,35,17,8,0,1
1258,35,13,8,19,0
1259,18,55,8,28,0
1260,57,34,0,2,1
1261,57,40,8,27,0
1262,35,41,3,2,0
1263,35,48,1,24,1
1264,61,65,9,2,1
1265,57,47,11,20,1
1266,71,41,10,23,1
1267,29,43,1,10,1
1268,29,38,2,29,0
1269,1,37,11,30,1
1270,13,19,4,15,0
1271,47,24,10,28,0
1272,8,33,3,14,0
1273,6,67,5,14,0
1274,44,65,0,24,0
1275,1,40,9,9,1
1276,68,31,3,25,1
1277,70,20,3,6,0
1278,72,67,8,11,0
1279,16,45,6,10,0
1280,34,41,4,7,0
1281,34,38,11,27,1
1282,52,25,10,26,0
1283,66,28,1,8,1
1284,66,32,7,3,0
1285,62,28,10,25,0
1286,52,39,2,12,1
1287,65,33,7,8,1
1288,73,61,4,19,0
1289,59,35,8,17,0
1290,35,65,0,28,0
1291,1,53,3,17,1
1292,14,66,3,27,0
1293,1,16,0,28,0
1294,1,19,4,28,1
1295,74,33,1,8,1
1296,55,48,7,0,1
1297,64,7,0,27,1
1298,64,10,2,14,0
1299,2,9,9,15,1
1300,45,68,9,26,0
1303,42,29,7,15,1
1304,37,25,6,27,0
1305,55,34,3,27,1
1306,32,11,9,7,1
1307,74,42,3,7,0
1308,69,43,1,17,0
1309,1,64,5,16,0
1310,41,66,8,23,1
1311,54,45,11,17,1
1312,35,24,3,2,1
1313,54,59,10,19,0
1314,54,64,5,8,1
1315,34,12,1,25,0
1316,67,35,10,12,1
1317,67,34,4,17,0
1318,47,20,2,9,0
1321,35,66,10,8,1
1322,4,34,8,21,1
1323,70,33,0,5,0
1324,66,45,7,6,1
1325,39,34,8,18,0
1326,55,45,4,11,1
1327,20,52,11,30,1
1328,42,26,5,4,1
1329,26,7,1,15,0
1330,66,57,8,16,0
1331,54,52,10,23,0
1332,5,46,10,26,1
1333,48,38,3,19,0
1334,8,67,1,5,0
1335,1,50,0,24,1
1336,1,51,10,3,0
1337,56,68,2,28,1
1338,56,72,6,25,0
1339,22,48,4,3,0
1340,68,28,2,19,1
1341,69,51,5,16,1
1343,1,28,7,15,1
1344,1,24,1,17,0
1345,32,57,4,21,0
1346,13,43,7,28,0
1347,13,59,2,5,0
1348,13,64,5,6,1
1349,26,57,0,6,1
1350,1,48,3,27,0
1351,1,40,8,23,1
1352,54,60,3,0,1
1353,27,48,1,12,0
1354,64,10,0,13,0
1355,35,65,1,0,1
1356,1,21,8,17,0
1359,1,40,8,3,1
1360,1,35,7,18,0
1361,1,11,8,28,1
1362,1,18,0,2,0
1363,6,68,11,26,1
1364,1,22,11,27,0
1365,1,27,1,22,1
1366,12,69,2,1,1
1367,60,54,9,26,1
1368,60,46,11,29,0
1369,41,67,9,22,0
1370,34,54,0,10,1
1371,49,37,9,21,1
1372,28,65,11,6,1
1373,74,64,1,7,1
1375,69,66,0,26,0
1376,18,47,8,2,0
1377,18,40,6,22,1
1378,74,30,10,24,1
1379,74,26,1,17,0
1380,44,42,6,28,1
1382,18,68,10,22,1
1383,29,71,9,4,0
1384,40,42,3,23,1
1385,22,42,7,29,0
1386,22,45,7,8,1
1387,1,66,1,21,1
1388,5,51,8,5,1
1389,43,16,2,3,1
1390,59,68,4,26,1
1391,41,54,10,21,0
1392,50,21,1,5,0
1393,50,23,4,0,1
1394,49,31,7,21,1
1395,49,30,9,17,0
1396,39,35,2,13,1
1397,66,10,11,24,1
1401,35,70,6,23,0
1402,44,25,10,24,0
1403,44,33,0,1,1
1404,11,57,11,19,1
1406,29,37,10,11,1
1407,29,30,7,3,0
1408,49,58,7,6,0
1409,25,40,3,29,0
1410,18,33,1,2,0
1411,18,28,7,5,1
1412,6,68,10,4,0
1413,11,58,6,15,1
1414,70,63,10,12,1
1416,19,16,11,1,0
1417,27,55,10,11,1
1418,41,63,5,15,1
1419,74,7,0,24,1
1420,74,5,0,19,0
1421,20,45,1,9,1
1422,69,65,1,22,1
1423,69,71,3,10,0
1424,8,41,0,4,0
1425,12,57,7,26,0
1426,12,53,3,29,1
1427,14,54,11,15,1
1428,12,9,3,22,0
1429,12,16,8,3,1
1430,64,71,4,28,1
1431,55,19,10,7,1
1432,16,50,7,16,1
1433,72,48,6,9,1
1434,72,56,2,24,0
1435,52,42,5,24,0
1438,29,52,9,24,1
1439,29,63,8,9,0
1440,1,67,0,16,0
1441,42,20,11,4,1
1442,42,22,3,17,0
1443,29,24,0,24,0
1444,29,31,6,13,1
1445,68,30,6,23,0
1446,70,43,6,28,0
1447,70,41,5,20,1
1448,50,46,9,8,1
1449,41,38,5,28,0
1450,61,58,2,16,1
1452,72,29,4,27,1
1453,29,55,2,28,1
1454,73,14,9,2,0
1455,73,16,8,1,1
1456,70,17,3,23,0
1457,70,23,9,11,1
1458,67,27,3,7,0
1459,4,65,8,7,0
1460,23,22,2,12,1
1461,28,58,11,20,0
1462,49,30,2,1,0
1463,70,25,0,25,1
1464,36,17,3,0,1
1465,36,20,0,5,0
1466,39,42,7,21,0
1467,65,13,8,29,0
1468,77,29,3,15,1
1469,54,55,8,13,1
1470,1,31,4,3,0
1471,1,27,8,14,1
1472,1,56,8,9,1
1473,1,20,11,5,1
1474,45,60,11,14,1
1475,19,21,2,30,0
1476,70,59,10,29,0
1478,4,58,7,20,0
1479,1,45,5,21,0
1480,69,32,4,27,0
1481,62,22,10,22,1
1482,46,39,2,27,1
1483,1,40,4,9,1
1484,1,41,5,17,0
1485,7,67,4,13,0
1486,7,63,8,12,1
1487,48,65,7,26,1
1488,31,50,0,8,0
1489,6,17,0,23,0
1490,42,17,3,19,0
1491,19,71,3,20,0
1492,9,57,4,8,1
1493,1,11,11,28,0
1494,1,4,2,21,1
1495,1,20,1,9,1
1496,1,31,5,7,1
1497,53,37,7,2,1
1498,53,30,1,8,0
1499,74,40,10,28,1
1500,1,70,11,11,0
1501,68,35,0,21,0
1502,68,62,0,23,0
1503,58,11,8,0,0
1504,58,7,0,15,1
1505,65,60,5,24,1
1506,22,20,5,24,0
1507,22,18,10,21,1
1508,67,43,5,29,1
1509,62,31,3,18,1
1510,34,37,0,29,1
1511,13,51,2,5,1
1512,5,31,7,10,1
1513,74,48,7,20,0
1514,68,46,7,1,0
1516,38,35,9,16,1
1517,66,45,9,1,0
1518,3,49,6,27,1
1519,3,48,6,5,0
1520,72,45,10,4,0
1521,5,68,9,9,0
1522,52,57,4,13,1
1523,29,20,7,29,1
1524,30,51,0,12,1
1525,1,32,2,8,0
1526,1,24,2,14,1
1527,49,23,11,17,0
1528,57,53,2,19,0
1529,43,61,5,19,1
1530,74,34,7,5,1
1531,52,49,5,27,1
1532,52,51,9,29,0
1533,55,49,11,21,0
1534,17,41,11,21,1
1535,40,25,9,27,0
1536,37,56,9,12,1
1537,54,68,11,6,0
1539,32,12,10,18,0
1540,36,26,10,6,0
1541,36,22,2,5,1
1542,31,8,11,7,0
1543,31,16,5,1,1
1546,28,19,3,12,0
1547,28,16,11,19,1
1548,70,12,2,3,0
1549,70,17,10,13,1
1550,8,35,10,20,1
1554,55,33,11,14,0
1555,30,39,8,13,0
1556,66,39,3,1,0
1557,35,48,11,13,1
1558,11,16,0,24,1
1559,72,29,9,19,0
1561,1,12,8,15,1
1562,1,8,7,13,0
1563,3,67,7,5,0
1564,40,36,5,24,1
1565,71,49,4,18,0
1566,15,55,9,19,1
1567,50,19,3,18,0
1568,50,16,5,28,1
1569,54,45,6,16,1
1570,54,47,5,16,0
1571,7,56,9,14,1
1572,1,52,11,11,1
1574,18,68,1,17,0
1575,55,12,9,5,1
1576,55,8,4,1,0
1577,23,33,3,18,0
1578,40,60,7,14,1
1579,27,52,9,12,0
1580,1,57,5,17,1
1581,56,52,3,14,1
1582,54,23,1,13,0
1583,1,61,0,7,1
1584,1,51,0,28,1
1585,60,24,6,19,0
1586,60,23,0,11,1
1587,23,17,4,4,0
1588,45,39,9,28,0
1589,48,40,10,26,1
1590,13,29,7,9,1
1591,42,42,6,6,1
1592,56,17,3,10,0
1593,56,14,4,30,1
1594,56,28,8,28,0
1595,56,43,11,15,1
1596,58,67,9,21,1
1597,60,45,4,9,0
1598,67,14,3,24,0
1599,43,53,9,7,0
1600,43,54,5,14,1
1601,42,58,2,28,1
1602,42,57,11,29,0
1603,26,57,7,26,0
1604,26,58,6,20,1
1605,52,69,8,20,1
1606,65,71,8,1,0
1607,8,30,4,25,1
1608,53,30,10,10,0
1609,53,33,4,29,1
1610,68,31,3,22,1
1611,59,52,11,1,1
1612,59,48,5,29,0
1613,50,50,0,14,0
1614,21,27,4,17,0
1615,74,41,3,27,1
1616,54,27,4,22,0
1617,5,39,3,29,1
1618,17,68,11,6,1
1619,74,31,0,26,1
1620,74,25,4,14,0
1621,76,41,3,4,1
1622,52,39,9,11,0
1623,36,52,6,8,0
1624,9,54,8,9,0
1625,9,62,6,11,1
1628,12,46,2,24,1
1629,28,55,8,0,0
1630,28,53,1,18,1
1631,74,65,3,29,0
1632,8,32,1,19,1
1633,55,61,7,27,1
1634,55,58,10,9,0
1635,75,19,8,1,1
1636,75,21,8,11,0
1637,21,32,9,19,0
1638,40,43,0,29,1
1639,1,48,4,0,1
1640,51,42,5,12,1
1641,31,12,0,27,1
1642,1,48,9,9,1
1643,39,65,3,16,1
1644,56,65,5,5,0
1645,39,50,2,9,1
1646,8,55,2,16,0
1647,71,67,2,25,1
1648,46,41,2,11,0
1649,46,39,2,15,1
1650,1,42,2,28,0
1651,11,55,6,9,1
1653,42,33,5,18,0
1654,60,52,11,7,0
1655,74,61,1,3,0
1656,22,57,5,17,1
1657,32,24,9,1,0
1658,52,18,7,20,1
1659,1,26,11,14,1
1660,1,71,11,10,1
1661,47,42,3,15,1
1662,53,56,8,6,0
1663,19,46,3,28,0
1664,64,7,10,9,1
1665,64,1,2,1,0
1666,1,30,7,30,0
1667,1,29,7,12,1
1668,20,38,7,16,1
1669,47,41,9,24,0
1670,53,50,4,6,0
1671,57,20,8,14,1
1672,57,17,0,6,0
1673,48,61,6,8,0
1674,11,9,9,26,1
1675,74,29,1,14,0
1676,53,42,1,2,0
1677,53,35,8,6,1
1679,67,31,3,16,1
1680,29,64,2,27,1
1681,34,29,10,24,0
1682,69,45,8,6,0
1683,15,40,11,23,1
1684,15,35,9,24,0
1685,61,33,3,20,1
1686,1,36,10,7,1
1687,1,36,1,26,0
1688,32,12,7,9,0
1689,1,25,11,3,0
1690,46,36,7,16,1
1691,21,67,1,7,1
1692,62,61,1,6,0
1693,45,69,6,5,1
1694,45,68,11,26,0
1696,1,12,2,20,1
1697,55,53,0,9,1
1698,55,56,10,20,0
1699,17,44,2,10,0
1700,7,38,2,8,0
1701,7,34,5,10,1
1702,53,62,3,6,1
1703,50,7,0,10,0
1704,50,3,9,2,1
1705,19,35,6,0,1
1706,19,33,6,18,0
1707,10,40,1,17,0
1709,74,41,11,12,1
1710,54,33,1,10,0
1711,64,51,5,13,1
1712,64,53,0,0,0
1713,65,24,3,20,0
1714,58,34,4,21,0
1717,73,68,2,6,1
1718,75,27,6,26,0
1719,35,59,7,8,0
1720,33,23,1,23,1
1721,33,23,6,1,0
1722,68,22,9,0,0
1723,71,70,1,27,1
1724,68,23,9,20,1
1725,76,48,0,17,1
1726,76,41,5,2,0
1727,32,40,0,20,0
1728,32,35,7,17,1
1729,76,36,4,15,0
1730,40,21,11,14,0
1731,17,57,10,29,1
1733,57,63,6,19,1
1734,26,64,10,9,0
1735,26,65,4,30,1
1736,41,68,3,16,1
1737,27,44,6,29,0
1738,27,52,0,24,1
1741,70,21,6,1,0
1742,1,43,5,5,0
1743,3,48,6,26,0
1744,50,58,11,27,1
1745,23,48,9,17,1
1746,11,48,8,9,1
1747,11,45,1,19,0
1748,64,65,11,30,0
1749,50,17,10,16,1
1750,23,53,11,30,0
1751,54,48,0,23,0
1752,70,67,10,22,0
1753,60,68,1,25,1
1754,57,68,4,28,0
1755,65,54,7,17,1
1756,1,25,6,7,0
1757,1,26,8,29,1
1758,35,36,10,12,0
1759,63,12,0,15,1
1760,77,12,2,6,0
1761,45,37,3,22,0
1762,61,45,11,29,0
1763,46,56,11,6,0
1764,66,60,6,8,0
1765,9,64,7,2,0
1768,29,40,3,26,0
1769,12,38,7,4,0
1770,12,40,9,14,1
1771,54,16,9,19,1
1772,73,68,8,20,1
1774,32,60,9,4,1
1775,73,32,11,7,0
1776,30,43,9,23,1
1777,69,52,0,7,1
1778,69,57,8,1,0
1779,37,24,10,25,0
1780,54,43,11,8,1
1781,67,13,7,15,0
1782,19,37,11,23,0
1783,1,35,9,4,1
1784,2,69,10,1,1
1785,39,64,10,24,0
1786,63,23,5,24,1
1787,63,20,10,27,0
1788,1,39,2,22,0
1789,61,22,7,6,1
1790,1,42,4,27,0
1791,5,55,4,11,1
1792,54,64,8,0,0
1793,41,34,2,16,1
1794,54,29,2,29,1
1795,38,49,1,27,1
1796,10,27,10,22,0
1797,10,30,10,3,1
1798,70,22,6,7,0
1799,36,48,5,25,0
1800,63,32,8,27,1
1801,66,59,0,0,0
1802,66,53,9,15,1
1803,25,35,4,11,1
1806,5,41,0,2,0
1807,47,24,5,29,0
1808,47,22,5,25,1
1809,24,20,4,11,0
1810,41,8,5,29,0
1811,1,28,2,28,0
1812,36,36,4,16,1
1813,36,38,8,27,0
1814,57,29,2,11,0
1815,16,66,1,23,1
1816,62,40,6,23,0
1817,47,42,11,5,1
1818,47,45,9,1,0
1819,43,68,3,19,1
1820,50,17,10,19,1
1821,1,30,3,23,0
1822,71,11,8,12,1
1823,1,67,7,6,1
1824,69,49,7,2,0
1825,51,63,3,23,1
1826,13,26,8,11,0
1827,13,30,7,15,1
1828,69,51,10,13,0
1829,51,31,7,15,1
1830,33,41,1,2,0
1831,51,65,9,8,0
1832,1,55,6,30,1
1833,30,55,10,14,0
1834,7,16,1,18,0
1835,7,17,2,10,1
1836,36,33,2,6,1
1837,67,46,0,12,0
1838,67,48,10,26,1
1839,5,25,11,17,1
1840,5,24,9,27,0
1841,67,42,2,22,1
1842,9,32,8,12,0
1843,48,28,0,24,1
1844,74,11,1,2,1
1845,74,7,10,13,0
1846,48,69,11,11,0
1847,52,68,0,29,1
1848,6,13,6,1,1
1849,57,11,8,23,1
1850,52,31,6,4,1
1851,31,64,8,11,1
1852,50,51,8,4,0
1853,1,54,7,17,0
1854,70,21,4,26,1
1856,54,57,7,21,1
1857,54,53,2,15,0
1860,1,53,9,30,1
1861,29,46,6,14,0
1862,50,66,9,8,1
1863,54,41,1,15,0
1864,22,37,2,13,0
1865,22,38,5,8,1
1866,64,31,5,10,1
1867,1,33,8,23,1
1868,60,69,1,15,0
1869,1,22,1,13,1
1870,1,24,3,28,0
1871,1,69,1,19,1
1872,52,52,0,23,1
1873,52,57,9,25,0
1874,1,35,9,19,0
1875,15,65,9,18,0
1876,1,40,6,0,0
1877,47,46,7,20,1
1878,47,52,8,1,0
1879,21,33,3,1,1
1880,1,63,7,7,0
1881,72,23,0,23,0
1882,72,21,4,23,1
1883,18,50,9,26,1
1884,59,65,0,25,1
1885,47,59,0,6,1
1886,34,9,3,6,0
1887,54,15,6,14,0
1888,66,7,8,23,1
1889,32,46,6,27,1
1890,14,44,7,13,1
1891,62,48,2,3,1
1892,66,17,2,25,0
1893,66,23,1,10,1
1894,1,36,10,4,1
1895,47,54,10,2,1
1896,48,71,1,7,0
1897,36,58,2,6,1
1898,73,50,7,0,0
1899,10,30,6,2,0
1900,23,54,10,21,0
1901,23,51,10,6,1
1903,1,28,7,29,1
1904,66,30,1,21,0
1905,72,38,4,17,1
1906,63,11,6,6,0
1907,75,17,8,7,1
1908,33,9,0,16,0
1909,35,33,2,15,1
1910,67,35,10,7,0
1911,48,27,3,20,1
1912,57,61,1,25,0
1913,69,57,3,14,0
1914,39,31,5,19,1
1915,39,28,8,8,0
1916,28,15,6,18,0
1917,69,58,2,12,1
1919,30,38,4,3,0
1920,42,64,7,6,0
1921,1,35,9,25,1
1922,1,38,3,2,0
1923,1,47,4,6,1
1924,67,27,4,28,0
1925,37,27,5,22,0
1926,37,24,1,7,1
1927,77,41,3,25,0
1928,77,41,7,13,1
1929,65,44,7,14,1
1930,38,23,1,20,1
1931,16,31,10,13,1
1932,15,29,0,20,1
1934,70,22,10,20,1
1935,68,18,4,11,1
1936,15,44,9,15,1
1937,15,49,2,26,0
1938,57,28,8,29,1
1939,1,14,7,13,0
1940,1,12,0,21,1
1941,10,10,6,11,1
1942,10,4,4,9,0
1943,39,15,1,10,0
1944,31,46,0,21,1
1945,54,43,5,2,0
1946,72,24,6,18,0
1947,23,70,1,7,0
1948,71,28,1,18,1
1949,71,31,5,22,0
1950,26,18,6,5,0
1951,41,60,3,28,0
1952,52,60,2,8,1
1953,52,54,8,21,0
1954,69,41,6,27,0
1955,66,60,9,27,1
1956,1,14,6,8,1
1957,63,61,2,3,0
1958,63,66,10,20,1
1959,1,9,11,25,0
1960,22,35,7,22,0
1961,31,9,5,3,1
1962,6,39,10,17,0
1963,38,34,5,11,0
1964,17,20,7,4,0
1965,75,28,7,9,0
1966,19,37,6,0,1
1967,1,52,10,14,1
1968,1,49,7,12,0
1969,53,15,7,25,1
1970,1,36,10,4,1
1971,3,58,2,13,1
1972,1,35,3,28,1
1973,60,20,8,12,1
1974,10,7,6,13,0
1975,10,4,8,26,1
1976,72,7,9,11,0
1977,10,24,9,24,1
1978,18,41,4,21,1
1979,51,15,2,18,1
1980,77,48,3,29,0
1981,19,59,8,21,1
1982,53,66,6,7,0
1983,53,71,1,4,1
1984,1,15,7,28,0
1985,6,26,11,12,0
1986,6,31,7,12,1
1988,13,41,4,3,0
1989,50,28,0,12,1
1990,50,32,10,24,0
1991,64,7,10,8,0
1993,1,64,5,20,0
1994,1,56,6,5,1
1995,50,30,3,9,1
1996,1,26,2,19,0
1997,1,66,10,8,1
1998,40,67,11,14,1
1999,74,71,1,9,1
2000,39,31,4,8,1
2001,34,66,7,4,1
2002,70,7,10,25,1
2003,70,10,5,14,0
2004,1,63,1,2,1
2005,30,68,9,2,0
2006,41,51,7,21,1
2007,41,47,8,12,0
2008,47,29,5,6,0
2009,12,25,0,15,0
2010,37,41,7,11,0
2011,46,14,10,17,1
2012,46,12,5,26,0
2013,1,29,6,9,1
2015,1,57,10,14,1
2016,55,23,9,8,0
2017,55,20,0,22,1
2018,56,34,7,24,1
2019,73,21,8,27,0
2020,73,14,11,19,1
2021,67,8,11,7,0
2022,56,28,10,11,0
2023,56,20,8,1,1
2024,62,23,3,14,0
2025,39,30,11,30,0
2026,39,23,11,2,1
2027,12,19,0,21,0
2028,12,13,9,16,1
2029,5,12,8,18,1
2030,5,69,7,3,1
2031,54,15,11,14,0
2032,1,32,2,20,0
2033,1,26,6,1,1
2034,13,15,5,11,0
2035,13,17,6,26,1
2037,69,37,7,25,1
2038,1,69,2,28,1
2039,68,58,0,19,1
2040,59,33,7,6,0
2041,68,45,7,10,0
2042,49,71,6,3,0
2043,77,43,8,14,1
2044,32,50,8,17,1
2045,28,45,7,21,0
2046,28,41,7,25,1
2047,11,32,6,24,1
2048,23,17,5,2,1
2049,70,16,1,19,0
2050,70,21,4,22,1
2051,74,7,11,6,1
2052,74,3,4,18,0
2053,16,7,1,6,0
2054,48,37,11,5,0
2055,56,65,7,30,1
2056,1,67,11,8,0
2057,6,65,0,1,1
2058,76,60,2,1,0
2059,43,61,5,29,0
2060,43,60,5,3,1
2061,63,42,6,26,0
2062,63,43,4,21,1
2063,68,39,8,25,1
2064,53,15,6,29,0
2065,64,67,7,19,0
2066,1,61,9,26,0
2067,56,68,9,19,0
2068,72,19,4,23,1
2069,70,12,0,0,1
2070,70,61,6,22,1
2071,1,62,11,18,0
2072,75,33,1,8,1
2073,22,45,1,7,0
2074,24,50,8,15,1
2075,74,11,0,28,0
2076,63,46,1,6,1
2077,44,19,2,0,1
2078,10,67,7,2,1
2079,72,14,4,28,1
2080,60,52,11,25,0
2081,46,61,10,5,1
2082,67,22,1,3,0
2083,71,32,2,11,0
2084,1,18,1,15,1
2085,1,17,10,27,0
2086,35,43,9,28,1
2087,68,66,8,28,0
2088,32,37,7,25,1
2089,70,56,5,8,1
2090,70,59,9,6,0
2091,48,17,0,16,1
2092,72,34,2,20,0
2093,48,59,5,23,0
2094,48,64,8,5,1
2095,9,63,3,29,0
2096,74,63,8,5,1
2097,53,25,10,10,0
2098,53,28,4,27,1
2099,1,7,0,15,0
2100,33,20,8,28,1
2101,33,24,5,23,0
2102,51,30,4,26,0
2103,18,33,1,3,1
2104,37,37,0,7,0
2105,42,36,6,17,1
2106,74,10,2,20,1
2107,74,12,3,17,0
2108,77,34,3,20,1
2109,15,39,4,13,1
2110,3,56,10,2,1
2111,57,13,4,28,1
2112,21,16,8,14,0
2113,68,26,3,3,0
2114,51,7,7,20,0
2115,51,3,2,0,1
2116,76,19,5,13,0
2117,53,34,1,27,0
2118,1,59,10,11,0
2119,30,49,4,17,1
2121,64,68,8,24,0
2122,1,59,6,16,1
2123,53,71,4,16,0
2124,68,38,0,13,1
2125,71,64,3,11,0
2126,52,64,2,27,1
2128,38,44,7,12,1
2129,75,51,11,6,0
2130,21,34,9,28,1
2131,39,64,1,10,1
2132,39,58,1,5,0
2133,53,10,10,27,1
2134,53,6,11,13,0
2135,24,29,7,7,1
2136,28,29,6,23,1
2137,73,51,10,8,1
2138,68,69,11,18,0
2139,18,21,2,5,1
2140,18,15,9,17,0
2141,28,40,8,5,0
2142,21,30,11,19,1
2143,21,37,10,11,0
2144,15,49,0,27,1
2145,39,57,11,23,1
2146,65,62,0,3,0
2147,69,52,7,13,1
2148,31,42,6,19,1
2149,33,12,3,8,1
2150,61,30,3,16,0
2151,61,34,11,29,1
2152,17,18,8,6,1
2153,36,38,4,15,1
2154,60,46,10,27,1
2155,15,47,5,9,0
2156,33,55,11,26,1
2157,11,34,10,16,0
2158,10,70,4,5,0
2159,74,19,0,22,1
2160,70,34,4,30,0
2161,1,9,2,5,1
2162,1,2,8,11,0
2163,52,7,3,7,0
2164,47,30,9,28,0
2165,47,34,2,1,1
2166,30,36,6,21,1
2167,1,70,11,12,0
2168,46,52,6,11,1
2169,46,60,0,0,0
2170,70,31,3,29,0
2171,1,47,10,27,0
2172,7,18,7,20,1
2173,56,40,11,16,1
2174,74,41,7,7,1
2175,53,31,0,2,1
2176,18,35,6,15,0
2177,24,31,4,29,1
2178,46,28,7,8,0
2179,9,28,9,26,1
2180,51,61,9,16,1
2181,46,57,6,21,0
2182,75,18,11,0,1
2183,75,20,7,20,0
2184,24,59,6,6,0
2185,20,46,5,19,1
2186,48,31,6,25,1
2187,40,22,2,11,0
2188,40,14,7,24,1
2189,21,51,10,14,1
2190,28,63,9,21,0
2191,28,68,7,3,1
2192,1,45,3,11,1
2193,1,41,6,25,0
2194,50,50,7,21,1
2195,68,31,8,12,1
2196,31,44,1,15,1
2197,47,51,11,9,1
2198,17,9,1,21,1
2199,17,0,11,8,0
2200,66,42,6,30,0
2201,44,18,1,22,0
2202,44,17,7,16,1
2203,10,28,9,0,0
2204,54,35,7,18,1
2205,55,41,11,11,0
2206,10,53,5,3,1
2207,70,50,1,16,1
2208,70,48,0,8,0
2209,30,16,5,12,1
2210,30,22,3,22,0
2211,3,9,1,23,1
2212,52,61,4,26,0
2213,3,57,10,6,0
2214,5,35,10,6,0
2215,10,14,0,28,0
2216,1,61,6,3,1
2217,1,63,1,19,0
2218,43,57,10,7,0
2219,43,53,10,27,1
2220,20,41,1,16,1
2221,20,34,2,14,0
2222,1,23,7,2,1
2223,70,32,4,23,1
2224,54,21,9,3,0
2225,4,49,10,5,1
2226,74,53,9,8,1
2227,42,64,6,24,0
2228,43,29,2,19,1
2229,68,33,8,6,0
2230,5,58,4,30,0
2231,21,60,9,12,1
2232,36,56,4,26,0
2233,36,53,11,23,1
2235,14,29,3,19,1
2236,44,67,5,26,1
2237,47,47,9,2,0
2238,47,43,1,18,1
2239,6,65,0,8,1
2240,47,21,2,11,1
2241,47,15,11,29,0
2242,1,65,5,4,1
2243,1,69,6,3,0
2246,55,42,7,0,1
2247,35,67,0,12,1
2248,7,64,9,23,0
2249,32,34,11,6,1
2250,34,27,11,7,1
2251,26,60,9,12,1
2252,37,54,10,14,0
2253,37,46,8,8,1
2254,72,16,11,8,1
2255,50,12,7,23,1
2256,70,63,5,4,0
2257,62,68,7,30,1
2258,62,68,10,2,0
2259,19,39,0,1,1
2260,62,51,3,21,1
2261,62,45,10,12,0
2263,1,23,7,16,0
2264,4,32,4,7,0
2265,52,66,8,17,0
2266,16,28,0,22,0
2267,1,55,3,9,1
2268,10,27,11,25,0
2269,48,52,10,9,1
2270,61,49,3,20,1
2271,61,53,10,6,0
2274,9,53,9,13,0
2275,9,54,6,23,1
2276,44,21,3,26,1
2277,1,68,2,24,0
2278,76,10,6,0,0
2279,52,42,10,5,0
2280,10,63,3,23,1
2281,76,67,5,5,1
2282,60,62,2,10,0
2283,1,50,7,8,0
2286,54,55,10,25,1
2287,47,68,9,20,0
2288,32,46,7,22,1
2289,32,43,7,20,0
2290,31,43,4,29,1
2291,6,46,8,18,0
2292,59,10,10,9,0
2293,1,58,10,21,0
2294,32,41,11,26,1
2295,22,28,1,27,1
2296,22,31,5,12,0
2297,48,54,0,17,0
2298,48,58,4,14,1
2299,6,29,1,19,1
2300,35,50,6,6,1
2301,35,49,11,18,0
2302,74,46,0,25,0
2303,61,28,3,0,1
2304,61,28,1,10,0
2305,70,38,5,9,1
2306,70,32,7,20,0
2307,26,12,8,5,0
2308,27,63,9,30,1
2309,15,65,4,12,1
2310,40,28,6,22,0
2311,40,24,9,0,1
2312,11,64,1,14,1
2313,70,69,9,28,0
2314,34,48,11,15,1
2315,34,52,9,7,0
2316,1,59,2,24,0
2317,1,65,1,21,0
2318,20,12,8,18,1
2319,40,59,4,15,1
2320,60,40,4,22,0
2321,68,57,0,11,1
2322,15,17,5,10,0
2323,48,31,5,28,1
2324,27,67,6,15,0
2325,2,44,1,2,1
2326,72,34,11,13,1
2327,73,8,9,26,0
2328,24,57,9,1,0
2329,18,62,0,1,0
2330,40,37,10,16,1
2331,42,46,4,30,1
2332,60,38,11,21,1
2333,60,38,9,11,0
2335,66,23,2,27,1
2336,12,11,6,16,0
2337,12,6,3,8,1
2338,58,46,6,24,1
2339,58,45,11,5,0
2340,42,42,4,1,0
2341,42,36,6,12,1
2342,70,37,11,17,0
2343,1,48,2,17,0
2344,3,13,3,26,1
2345,33,31,6,18,0
2346,33,36,9,24,1
2347,35,32,11,16,1
2348,35,22,3,23,0
2349,46,57,6,9,1
2350,46,56,5,8,0
2351,38,54,3,16,0
2352,70,66,8,28,1
2353,4,18,8,16,1
2354,1,56,11,20,0
2355,6,37,5,29,1
2356,52,19,6,9,0
2357,52,26,0,9,1
2358,74,35,9,15,1
2359,74,42,6,0,0
2361,9,57,8,23,0
2362,9,63,8,1,1
2363,43,36,5,17,0
2364,56,60,3,25,1
2365,46,42,5,25,1
2366,35,19,0,0,0
2367,35,20,3,4,1
2368,64,32,11,21,1
2369,64,29,11,18,0
2370,41,45,7,20,1
2371,70,45,1,6,1
2372,23,60,3,8,1
2373,15,43,0,18,0
2374,9,57,6,26,0
2375,72,54,6,24,1
2376,72,53,7,18,0
2377,49,39,10,16,0
2378,63,42,2,12,1
2379,33,53,5,18,1
2380,40,16,7,16,0
2381,40,20,9,10,1
2382,62,16,9,24,1
2383,31,36,0,0,1
2384,31,35,11,16,0
2385,13,22,4,4,0
2386,13,23,2,9,1
2387,77,34,6,15,1
2388,42,60,6,28,0
2389,25,13,6,19,0
2390,57,27,4,12,0
2391,1,31,0,23,0
2392,26,44,4,20,0
2393,16,65,7,22,1
2394,5,51,5,3,0
2395,8,42,2,10,0
2396,41,38,7,28,1
2397,46,7,6,13,0
2398,71,44,7,24,1
2399,42,32,4,1,1
2400,19,48,3,9,0
2401,26,37,0,25,1
2402,41,37,9,25,0
2403,1,52,0,24,1
2404,27,66,6,4,1
2405,27,64,7,20,0
2406,49,45,9,5,1
2407,51,64,7,26,0
2408,6,29,3,27,1
2409,54,53,4,26,0
2410,73,62,1,7,1
2411,73,57,7,16,0
2412,20,69,9,25,0
2413,46,50,7,8,0
2414,54,39,6,12,1
2415,54,46,3,23,0
2416,72,43,11,22,1
2417,48,27,5,20,1
2418,1,42,11,26,1
2419,1,43,5,22,1
2420,48,61,5,5,1
2421,48,59,10,9,0
2422,68,65,5,8,1
2423,42,46,6,8,0
2424,54,9,10,9,0
2425,6,66,6,17,1
2426,74,16,5,8,0
2427,74,23,10,29,1
2428,1,35,5,26,1
2429,70,62,10,21,0
2430,5,26,9,27,0
2431,75,55,9,9,0
2432,27,13,2,7,1
2433,32,53,5,18,0
2434,42,34,4,23,1
2435,16,32,9,17,1
2436,25,23,7,5,1
2437,45,25,11,26,0
2438,52,35,8,18,1
2439,52,33,10,25,0
2440,17,24,8,8,0
2441,1,17,9,5,0
2442,1,16,6,7,1
2443,75,38,4,22,0
2444,4,23,7,25,0
2445,54,58,1,25,0
2447,68,61,9,6,0
2448,68,60,6,0,1
2449,1,56,11,27,0
2450,54,64,4,16,1
2451,42,28,11,5,0
2452,64,41,5,6,1
2453,13,13,0,12,0
2454,69,29,8,3,1
2455,72,8,10,3,0
2456,72,12,11,3,1
2457,68,29,7,16,0
2458,68,21,7,8,1
2459,20,63,6,21,1
2460,19,52,0,4,1
2461,64,56,3,1,0
2462,19,23,5,5,0
2463,7,33,11,16,0
2464,30,34,8,0,0
2465,51,62,9,16,0
2467,36,35,4,15,1
2468,71,54,2,17,0
2469,54,46,8,9,1
2470,53,32,5,13,0
2471,53,31,0,4,1
2472,70,65,2,28,1
2473,20,65,9,16,1
2474,42,46,3,5,0
2475,44,71,1,1,1
2476,75,46,1,15,1
2477,75,41,5,13,0
2478,48,29,4,23,1
2479,31,48,2,30,1
2480,46,65,11,7,1
2481,6,37,5,21,0
2482,34,14,0,6,0
2483,34,18,11,29,1
2484,68,58,11,20,0
2485,20,22,4,14,0
2486,76,50,9,4,1
2487,67,56,8,24,1
2488,9,69,8,21,1
2489,64,64,0,27,1
2490,61,50,2,25,1
2491,5,28,2,19,1
2492,5,32,11,12,0
2493,1,51,9,8,0
2494,37,60,0,5,0
2495,58,28,11,13,1
2496,1,61,6,6,0
2497,34,51,3,5,1
2498,37,69,2,11,0
2499,13,33,7,3,0
2500,24,35,7,19,1
2501,70,29,11,3,1
2502,1,24,2,12,1
2503,54,66,8,22,1
2504,61,39,0,8,0
2505,25,49,3,29,1
2506,76,65,8,26,0
2507,37,41,7,25,1
2508,72,54,7,6,1
2509,72,60,1,5,0
2510,72,48,5,9,1
2511,35,64,2,26,1
2512,35,63,6,26,0
2513,41,30,4,7,0
2514,59,46,1,10,0
2515,12,47,5,2,0
2516,33,31,0,4,1
2517,18,13,8,8,0
2518,18,10,4,6,1
2519,29,59,7,5,1
2520,62,33,6,29,0
2521,55,36,2,29,1
2522,74,26,8,7,0
2523,74,26,11,1,1
2524,36,48,6,30,0
2525,36,41,6,9,1
2526,1,53,6,25,0
2527,44,36,6,30,1
2528,25,66,1,15,0
2529,70,28,5,21,0
2530,8,39,1,10,0
2531,5,43,0,23,1
2532,29,26,4,8,0
2533,40,18,6,16,1
2534,1,32,0,9,0
2535,1,34,0,9,0
2536,64,50,9,21,0
2537,73,46,9,9,0
2538,56,69,1,22,0
2539,32,61,0,20,1
2540,46,70,5,25,0
2542,3,33,11,18,0
2543,3,41,7,26,1
2545,9,42,8,27,1
2546,41,50,11,2,1
2547,48,42,9,28,1
2548,48,42,9,5,0
2549,70,12,4,4,1
2550,1,65,9,11,1
2551,70,28,7,10,1
2552,74,53,0,23,1
2553,34,65,10,23,0
2554,64,30,8,19,0
2555,42,52,8,22,0
2556,44,40,1,9,1
2557,7,46,1,17,0
2558,30,48,0,17,0
2559,8,54,2,30,1
2560,70,63,5,19,1
2561,48,34,6,25,0
2562,42,41,10,0,0
2563,74,60,8,7,0
2565,64,35,4,21,0
2566,29,52,2,24,1
2567,64,32,4,29,0
2568,64,27,5,10,1
2569,69,37,3,0,0
2570,69,36,5,18,1
2571,43,68,3,24,1
2572,1,42,9,7,0
2573,1,54,2,9,1
2574,29,21,3,21,1
2576,46,68,4,15,1
2577,70,7,0,6,0
2578,76,43,6,7,0
2579,11,24,0,1,1
2580,11,24,2,6,0
2581,52,42,10,18,1
2582,51,27,11,14,0
2583,75,26,5,16,0
2584,4,33,11,14,1
2585,75,60,7,27,1
2586,8,55,4,13,0
2587,8,62,0,2,1
2588,33,47,4,18,0
2589,21,52,1,16,0
2590,42,53,9,18,1
2591,42,49,1,26,0
2592,1,69,7,30,1
2593,1,66,5,9,0
2594,55,52,6,30,0
2596,31,50,9,7,0
2597,28,58,7,5,1
2598,28,54,9,24,0
2599,1,35,0,8,0
2600,7,12,3,16,1
2601,37,50,6,24,0
2602,37,55,7,19,1
2603,38,61,10,2,1
2604,22,15,6,10,0
2605,22,14,3,16,1
2606,31,32,0,3,0
2607,63,32,2,26,0
2608,58,32,8,14,1
2609,1,66,4,8,0
2610,1,69,4,2,1
2611,77,27,10,8,0
2612,38,64,1,2,0
2613,1,66,9,25,0
2614,72,35,2,13,0
2615,64,34,7,25,1
2616,50,59,6,6,0
2617,50,51,5,25,1
2618,17,31,7,13,0
2619,63,58,6,8,1
2620,63,57,6,17,0
2621,51,45,4,8,0
2622,71,62,5,6,0
2623,16,54,6,15,1
2625,57,61,9,6,0
2626,1,29,1,13,0
2628,1,20,10,4,1
2629,1,20,11,2,0
2630,64,26,7,19,1
2631,18,59,4,20,0
2632,18,52,1,24,1
2633,1,56,6,11,1
2635,67,55,11,9,1
2636,28,7,9,23,0
2637,64,24,5,5,0
2638,1,31,0,6,0
2639,45,39,2,3,1
2640,45,40,0,28,0
2642,22,62,8,3,0
2643,54,35,0,6,1
2644,6,53,2,22,1
2645,67,9,3,21,0
2646,63,26,5,6,1
2647,9,29,2,25,0
2648,9,23,9,9,1
2650,75,64,2,4,0
2651,75,58,10,26,1
2652,41,38,4,8,1
2653,1,39,0,24,0
2654,59,28,9,7,1
2655,44,52,7,11,0
2656,54,44,8,14,0
2657,73,37,6,8,0
2658,11,22,0,20,0
2659,46,30,4,23,0
2661,1,50,9,16,1
2662,1,67,7,28,0
2663,8,65,9,0,0
2666,47,24,6,5,1
2667,9,61,0,0,0
2668,9,64,1,8,1
2669,51,16,4,7,0
2670,45,25,8,12,0
2671,35,61,3,21,1
2672,7,29,2,25,1
2673,65,48,6,15,0
2674,65,41,9,2,1
2675,31,13,0,21,0
2676,61,50,5,0,0
2677,33,11,4,23,0
2678,33,7,4,14,1
2679,1,27,8,29,0
2680,1,34,8,1,1
2681,45,60,0,3,1
2682,45,64,0,13,0
2683,48,18,5,12,1
2684,74,42,1,10,1
2685,73,58,5,20,1
2686,19,40,2,23,1
2687,19,38,7,21,0
2688,60,56,9,23,1
2689,16,12,0,16,0
2690,58,60,11,24,1
2691,47,53,4,16,0
2692,44,14,4,29,0
2693,46,65,7,3,1
2694,15,16,9,5,1
2695,15,18,4,15,0
2696,2,36,8,3,0
2697,2,37,7,13,1
2698,31,59,9,6,1
2699,31,66,1,22,0
2700,34,34,1,21,0
2701,1,41,2,28,0
2702,7,8,1,25,0
2703,2,62,2,11,1
2704,1,38,4,21,1
2705,43,13,3,29,0
2706,3,56,6,1,0
2707,45,58,4,22,0
2708,73,47,7,11,0
2709,26,35,5,13,0
2712,25,45,0,16,0
2713,36,51,8,1,0
2714,6,59,2,5,1
2715,7,46,6,3,0
2716,25,58,6,12,1
2717,46,19,3,27,0
2718,46,21,11,21,1
2719,29,53,9,29,1
2720,1,38,8,4,1
2721,24,39,5,25,1
2724,35,64,2,0,0
2726,1,62,6,27,1
2727,1,57,1,4,0
2728,74,11,7,12,0
2729,1,55,7,27,0
2730,52,36,2,17,0
2731,38,16,11,7,0
2732,57,42,8,15,1
2733,3,16,10,10,1
2734,3,23,10,11,0
2735,64,17,6,30,0
2736,1,47,1,14,1
2738,1,40,3,24,0
2739,13,39,0,25,0
2740,36,56,10,22,1
2741,41,19,10,28,1
2742,65,37,7,26,1
2743,50,28,9,3,1
2744,50,32,1,21,0
2745,54,28,7,6,1
2746,1,60,1,24,0
2747,6,25,9,13,0
2748,6,25,9,5,1
2749,14,10,2,3,1
2750,14,2,6,12,0
2751,68,46,0,23,1
2752,48,60,7,8,0
2754,66,67,4,23,1
2755,1,59,2,22,1
2756,31,8,8,27,1
2758,1,35,6,13,0
2759,2,63,0,25,0
2760,68,64,11,11,1
2761,1,66,8,28,1
2762,29,42,3,22,1
2765,36,70,3,19,1
2766,70,48,8,14,0
2767,70,43,5,3,1
2768,1,53,3,1,0
2769,69,26,4,14,0
2770,1,43,6,7,0
2771,37,9,9,24,0
2772,37,12,0,7,1
2773,49,8,8,12,1
2774,49,10,1,22,0
2775,41,67,6,8,1
2776,31,23,5,6,1
2777,46,59,2,27,1
2778,57,53,4,15,0
2779,29,37,4,3,0
2780,29,36,0,15,1
2781,46,49,10,21,1
2782,31,29,8,12,0
2783,1,29,5,19,0
2784,36,47,6,24,1
2785,22,51,6,28,0
2786,24,40,10,1,0
2787,41,65,9,13,1
2788,49,40,9,20,1
2789,1,40,11,24,1
2790,16,64,1,9,0
2791,60,10,9,9,0
2794,18,54,0,21,0
2795,18,57,3,12,1
2796,15,63,5,24,0
2797,28,39,10,4,0
2798,65,20,5,26,0
2799,4,50,11,1,1
2800,2,38,7,25,0
2801,75,8,1,17,0
2802,1,55,10,28,1
2803,68,20,9,11,0
2804,68,25,10,9,1
2805,73,53,6,12,0
2806,58,44,6,0,1
2808,8,63,2,30,1
2809,33,68,1,13,0
2810,72,60,6,27,0
2811,1,35,11,6,1
2812,55,59,4,1,1
2813,70,30,3,9,0
2814,19,62,1,9,1
2815,35,19,5,29,0
2816,35,27,2,14,1
2817,1,66,1,18,1
2818,54,52,3,11,0
2819,8,69,7,11,0
2820,77,55,11,16,0
2821,45,69,10,0,1
2822,50,47,9,18,0
2823,70,35,11,17,1
2824,39,30,8,4,0
2825,65,47,2,28,0
2826,59,24,0,27,0
2827,63,12,1,12,0
2828,14,38,6,9,1
2829,33,28,11,26,1
2830,51,63,10,13,0
2831,68,69,6,8,1
2832,13,16,6,22,0
2833,13,12,6,8,1
2834,52,38,4,22,0
2835,27,55,0,26,0
2836,38,8,8,20,1
2837,38,16,4,20,0
2838,65,54,2,8,0
2839,72,17,6,4,1
2840,72,23,4,13,0
2841,18,62,3,9,1
2842,74,47,5,16,0
2843,70,55,9,5,1
2844,51,51,10,18,0
2845,7,41,8,1,0
2846,1,58,2,16,1
2847,34,31,6,24,1
2848,34,28,1,19,0
2849,19,17,3,1,0
2850,7,59,7,19,0
2851,54,28,7,9,0
2852,26,31,5,27,1
2853,28,45,3,24,1
2854,16,38,5,0,0
2855,16,46,6,25,1
2856,47,12,10,10,0
2857,33,16,1,2,0
2858,42,15,1,11,1
2859,68,17,8,23,1
2860,28,47,2,30,0
2862,49,53,9,6,1
2863,49,57,2,4,0
2864,51,41,3,8,1
2865,15,37,10,17,0
2866,15,38,9,29,1
2867,1,49,0,22,1
2868,14,22,11,13,0
2869,1,64,7,4,0
2870,29,48,10,27,0
2871,71,56,10,22,1
2872,77,22,9,26,1
2873,16,64,2,23,1
2874,34,61,8,9,0
2875,46,25,7,16,0
2876,1,66,0,6,0
2877,59,21,3,28,0
2878,68,36,3,16,0
2879,40,66,0,9,0
2880,60,41,11,29,0
2881,12,56,2,20,1
2882,70,20,11,13,0
2883,30,42,1,25,0
2884,40,47,9,9,1
2885,1,54,9,3,1
2886,1,47,9,2,0
2887,2,50,0,28,1
2888,1,67,8,8,1
2889,25,32,11,4,0
2890,62,40,9,10,0
2891,62,46,6,22,1
2892,3,30,2,20,1
2893,2,16,10,1,1
2894,70,37,6,24,1
2895,70,66,4,16,1
2896,1,64,4,15,1
2897,40,14,6,17,0
2898,40,9,9,16,1
2899,16,7,4,17,0
2900,18,12,2,21,0
2901,25,28,0,8,1
2902,8,48,6,2,1
2903,8,48,10,25,0
2904,64,35,4,17,1
2905,64,40,6,6,0
2906,5,23,11,15,0
2907,5,21,8,21,1
2908,1,60,1,27,0
2909,26,25,9,8,0
2910,76,25,8,27,0
2911,45,21,8,24,0
2912,45,14,6,27,1
2913,44,51,11,26,0
2915,33,43,1,21,1
2916,1,61,8,29,0
2917,16,29,0,17,0
2918,5,56,4,20,0
2919,5,59,8,7,1
2920,44,51,5,22,1
2921,64,65,11,19,1
2922,43,29,8,6,0
2923,35,66,2,20,1
2924,18,30,1,5,1
2925,18,36,8,7,0
2926,27,23,1,10,0
2927,27,18,11,27,1
2928,38,21,2,1,0
2929,1,47,2,9,0
2930,41,30,2,21,0
2932,1,29,6,10,1
2933,72,31,11,11,0
2934,72,37,3,26,1
2935,61,33,4,1,1
2936,3,34,2,10,1
2937,74,38,6,0,0
2938,8,10,5,0,1
2939,8,7,1,12,0
2940,1,54,9,15,0
2941,38,40,2,11,0
2942,67,55,5,2,1
2943,1,69,5,27,1
2944,71,32,7,22,1
2945,74,10,5,1,0
2946,74,15,0,22,1
2947,19,46,4,17,1
2948,47,67,10,19,0
2949,14,32,8,24,0
2950,46,33,5,5,0
2951,76,39,7,30,1
2952,52,67,0,16,1
2953,3,25,6,6,0
2954,38,48,7,11,1
2955,38,41,6,15,0
2956,23,28,7,5,0
2957,23,67,2,6,0
2958,48,64,4,6,0
2959,54,46,10,18,0
2960,1,17,11,18,0
2961,1,22,11,27,1
2962,1,27,10,9,0
2963,1,28,2,28,1
2964,8,67,10,26,0
2965,30,7,1,6,1
2966,65,44,1,19,0
2967,53,50,0,14,1
2968,40,51,7,23,0
2969,55,12,3,21,0
2970,55,11,3,5,1
2971,1,66,11,2,1
2972,1,65,0,13,0
2974,56,40,6,11,1
2975,33,32,2,17,1
2976,57,11,7,2,1
2977,39,52,1,5,0
2978,33,37,2,4,1
2979,4,50,11,21,1
2980,11,63,5,13,0
2981,16,38,1,4,1
2982,6,62,2,22,1
2983,6,56,6,22,0
2984,60,52,4,23,1
2985,60,49,3,12,0
2986,14,41,4,14,0
2987,14,35,5,0,1
2988,33,50,4,20,0
2989,17,38,1,0,1
2990,32,27,3,1,1
2991,32,30,6,30,0
2992,11,55,4,6,0
2994,18,52,6,21,0
2995,35,30,5,14,1
2996,1,54,0,28,0
2997,1,30,2,8,1
2998,1,50,3,1,0
2999,74,68,2,23,1
3000,41,17,3,1,1
3001,1,47,9,6,0
3002,42,44,4,12,1
3003,69,62,4,11,1
3004,69,60,6,12,0
3005,43,20,5,28,0
3006,22,62,7,7,1
3007,76,53,3,10,0
3008,73,8,11,18,0
3009,62,46,7,2,1
3010,62,49,0,11,0
3011,74,44,8,18,0
3012,70,44,10,9,1
3013,51,39,2,17,1
3014,51,42,10,4,0
3015,73,41,1,28,0
3016,40,66,7,22,0
3017,2,30,4,13,0
3018,61,67,0,27,0
3019,30,58,8,22,0
3020,32,31,7,26,1
3021,1,50,7,23,0
3022,1,43,8,21,1
3023,16,48,3,3,0
3024,60,18,2,7,0
3025,60,21,11,26,1
3026,22,36,2,24,0
3027,62,48,6,24,0
3028,34,21,3,22,1
3029,43,59,4,7,0
3030,68,65,4,9,1
3031,40,54,8,4,1
3032,40,48,3,9,0
3035,27,53,10,1,0
3036,16,30,2,30,1
3037,64,31,0,3,0
3038,6,35,2,4,1
3039,55,58,5,0,1
3041,4,16,3,23,1
3042,18,57,1,13,1
3043,63,40,10,14,1
3044,36,34,9,6,0
3045,10,39,2,17,1
3046,1,14,0,21,1
3047,45,64,9,0,0
3048,16,12,0,5,1
3049,6,56,3,5,0
3050,6,56,6,30,1
3051,65,17,2,10,0
3054,74,47,3,27,0
3055,51,20,1,22,0
3056,38,48,0,15,1
3057,38,51,2,4,0
3058,49,32,8,28,1
3059,61,66,10,28,0
3060,61,49,4,17,0
3061,61,54,9,4,1
3062,41,19,7,21,1
3063,27,60,0,28,0
3064,42,19,4,4,0
3065,24,10,7,20,1
3066,54,71,2,8,1
3067,57,41,5,20,1
3068,57,43,2,19,0
3069,21,32,9,22,0
3070,46,9,11,11,0
3071,38,56,1,22,1
3072,1,25,3,13,0
3073,1,26,9,22,1
3074,1,47,10,6,0
3075,74,30,4,4,0
3076,57,51,10,16,1
3077,50,23,1,23,1
3078,50,21,0,30,0
3079,67,32,4,18,0
3080,5,40,6,26,1
3081,5,34,2,1,0
3082,52,68,9,16,1
3083,41,60,3,6,0
3084,23,40,7,23,1
3085,62,35,5,28,1
3086,62,37,8,13,0
3087,46,48,8,20,1
3088,40,39,5,10,0
3089,46,63,6,25,0
3090,32,57,10,16,0
3091,15,55,2,2,1
3092,59,56,10,5,1
3093,35,55,1,20,0
3094,48,39,7,17,0
3095,36,42,5,28,0
3096,74,71,1,26,0
3097,48,37,7,21,0
3098,17,27,5,22,0
3099,17,54,10,12,0
3100,2,20,2,29,0
3101,1,30,11,12,0
3102,61,68,1,15,1
3103,64,62,2,6,1
3104,4,71,0,3,1
3105,68,36,7,16,0
3106,72,17,2,2,1
3107,30,49,10,15,0
3108,30,51,1,25,1
3109,7,21,3,20,1
3110,54,20,1,26,0
3111,54,13,1,6,1
3112,24,28,8,11,0
3113,60,60,10,11,1
3114,60,60,1,23,0
3115,72,50,10,29,0
3116,28,40,8,8,0
3117,62,30,5,21,1
3118,62,29,6,8,0
3119,50,25,0,25,1
3120,75,53,5,1,0
3121,57,45,9,17,1
3122,57,48,3,1,0
3123,1,68,6,24,0
3124,5,47,0,1,1
3125,10,11,9,29,1
3126,47,27,0,12,0
3127,1,9,5,17,1
3128,69,33,1,8,1
3129,5,35,7,0,1
3130,19,44,4,30,1
3131,1,24,5,13,1
3132,1,64,2,23,1
3133,31,62,3,19,1
3134,1,27,4,3,0
3135,48,58,0,5,0
3136,1,52,11,17,0
3137,70,36,1,25,0
3138,70,32,7,11,1
3139,46,45,8,22,1
3140,46,48,3,12,0
3141,9,14,10,8,1
3142,68,8,2,17,0
3143,21,33,1,1,1
3144,1,8,7,3,0
3145,1,10,10,3,1
3146,1,37,6,14,0
3147,19,53,3,25,1
3148,3,31,3,3,0
3149,3,24,0,8,1
3150,54,21,6,23,1
3151,1,40,6,26,1
3152,1,25,9,3,0
3153,26,13,5,16,0
3154,26,15,1,20,1
3155,44,62,3,7,1
3156,68,43,10,1,1
3157,1,31,1,25,1
3158,1,29,10,24,1
3159,24,19,9,26,0
3160,20,40,5,28,0
3161,66,69,10,17,0
3162,55,49,4,16,0
3163,1,53,4,25,1
3164,1,51,8,9,0
3165,3,65,8,0,1
3166,31,44,5,13,0
3167,48,32,8,7,1
3170,76,10,1,20,0
3171,76,13,3,25,1
3172,64,40,11,22,0
3173,66,35,3,17,1
3174,66,41,10,15,0
3175,64,39,6,18,1
3176,1,26,6,6,0
3177,24,27,7,11,0
3178,25,58,7,0,1
3179,45,37,2,11,1
3180,45,33,8,29,0
3181,27,32,1,14,0
3182,18,14,3,21,1
3183,70,69,1,23,0
3184,5,48,11,0,1
3185,17,61,10,25,1
3186,1,44,0,13,1
3187,7,41,8,1,0
3188,68,65,4,18,1
3190,1,9,10,0,1
3191,56,64,10,4,1
3192,6,28,6,13,0
3193,28,39,1,21,1
3194,51,64,7,16,1
3195,2,60,5,12,1
3196,72,67,7,13,1
3197,1,47,6,9,0
3198,1,42,2,4,1
3199,1,46,11,17,1
3200,1,43,10,14,0
3201,66,42,7,5,1
3202,56,11,6,18,0
3203,1,48,3,22,1
3204,1,45,2,25,0
3205,1,10,5,24,1
3206,1,10,4,20,0
3207,55,14,11,2,1
3208,27,36,1,5,0
3209,27,28,0,2,1
3210,14,52,7,29,0
3211,17,56,7,6,1
3213,1,30,9,3,0
3214,71,11,4,11,0
3215,64,25,4,5,1
3216,58,48,10,27,0
3217,61,66,4,1,0
3218,49,54,11,15,0
3219,49,48,9,17,1
3220,23,46,1,16,0
3221,23,42,6,15,1
3222,21,66,4,5,0
3225,13,46,2,16,0
3226,1,40,10,21,0
3227,59,39,9,27,1
3228,34,46,1,21,0
3229,50,68,3,17,0
3230,1,71,5,5,1
3231,21,50,5,2,0
3232,5,65,10,4,0
3233,1,69,10,29,0
3234,67,8,7,3,1
3235,46,39,5,11,1
3236,28,49,3,14,1
3239,7,70,10,15,1
3240,67,26,11,9,1
3241,26,23,8,13,0
3242,26,26,2,3,1
3243,71,9,8,29,1
3244,72,22,8,28,0
3245,70,41,11,1,0
3246,66,20,3,19,0
3247,69,47,3,20,1
3248,28,18,7,1,1
3249,17,48,0,19,0
3250,17,51,0,19,1
3251,52,51,11,27,1
3252,52,50,2,25,0
3253,70,35,6,1,0
3254,1,19,1,12,0
3255,8,59,0,3,1
3256,49,65,6,17,0
3257,73,67,4,10,1
3258,74,49,6,29,1
3259,71,39,9,14,0
3260,74,31,8,7,1
3261,74,39,3,9,0
3262,61,30,7,13,1
3264,63,39,9,19,1
3265,47,52,5,10,1
3266,47,49,9,7,0
3267,61,40,7,25,0
3268,1,45,2,30,1
3269,2,63,10,4,0
3270,12,29,0,21,0
3271,58,31,0,2,1
3272,9,9,6,17,1
3273,9,7,0,1,0
3274,26,18,0,21,0
3275,26,13,8,18,1
3276,52,69,2,20,0
3277,42,55,2,25,0
3278,42,51,3,19,1
3279,66,43,7,3,1
3280,66,47,4,30,0
3281,74,39,11,26,0
3282,29,70,8,1,0
3283,10,22,10,22,0
3284,2,25,6,1,0
3285,2,32,8,16,1
3286,74,61,2,14,1
3287,74,67,3,0,0
3288,69,15,0,27,0
3289,75,66,5,8,1
3290,11,58,6,11,1
3291,52,36,0,22,0
3292,18,29,0,20,0
3293,1,42,0,19,1
3294,52,46,2,7,0
3295,40,55,2,12,1
3296,23,58,5,10,0
3297,1,57,3,16,0
3298,5,31,7,4,1
3299,76,50,8,16,1
3300,53,39,5,28,0
3302,52,53,1,16,1
3303,52,54,0,8,0
3304,69,28,7,30,0
3305,41,60,9,10,1
3306,27,37,3,25,0
3307,14,68,6,0,1
3308,15,37,1,15,0
3309,15,31,3,28,1
3310,23,43,1,12,0
3311,51,43,7,24,0
3312,70,60,10,4,1
3313,60,35,1,9,1
3314,24,20,11,17,1
3315,24,23,5,20,0
3316,1,36,11,14,1
3317,1,39,3,23,0
3319,1,68,3,23,1
3320,1,61,1,13,0
3321,13,58,4,29,1
3322,31,37,1,28,0
3323,74,70,1,21,1
3324,26,60,3,12,1
3325,26,52,8,27,0
3326,57,41,11,25,1
3327,20,26,6,3,1
3328,24,55,9,10,0
3329,54,50,2,19,0
3330,54,44,3,14,1
3331,70,59,1,4,1
3332,46,58,10,14,1
3333,10,38,6,23,1
3334,1,56,6,0,0
3335,11,56,1,9,0
3336,64,40,4,29,1
3337,53,41,3,12,0
3338,69,31,10,28,1
3339,31,65,0,28,1
3340,54,65,1,15,0
3341,54,57,11,19,1
3342,73,62,8,28,0
3344,42,50,8,15,0
3345,37,30,0,26,1
3346,37,30,1,24,0
3347,11,25,0,18,0
3348,38,67,1,13,1
3349,42,52,11,20,0
3350,30,39,2,18,0
3351,30,31,8,14,1
3352,23,8,8,11,0
3353,23,8,3,20,1
3354,62,32,9,27,1
3355,38,42,0,14,0
3356,73,63,3,22,0
3357,63,43,6,20,1
3358,16,64,9,6,0
3359,1,34,1,23,0
3360,43,65,7,30,1
3361,40,19,9,1,1
3365,1,55,6,29,1
3366,54,48,1,11,1
3367,54,41,3,22,0
3368,14,41,9,23,1
3369,1,41,3,15,0
3370,25,8,2,27,0
3371,25,8,9,6,1
3372,1,59,9,29,0
3373,5,41,10,28,0
3374,5,49,7,12,1
3375,74,43,10,5,0
3376,11,34,0,18,1
3377,11,27,4,4,0
3378,5,46,3,20,0
3379,5,38,6,0,1
3380,74,67,3,2,1
3381,70,54,8,0,1
3382,54,43,1,27,0
3383,54,45,3,22,1
3384,41,31,7,2,1
3385,11,13,1,12,1
3386,49,29,2,7,1
3387,58,32,7,13,0
3388,53,54,9,25,1
3389,39,56,0,15,1
3390,53,61,10,16,1
3391,42,60,3,6,0
3392,1,64,9,30,1
3393,73,43,7,23,1
3394,66,69,6,3,1
3395,4,51,11,27,0
3396,18,66,2,2,1
3397,24,63,5,7,1
3398,24,58,8,12,0
3399,72,21,1,24,0
3402,74,41,4,1,1
3403,74,46,9,17,0
3404,56,29,9,10,1
3405,40,38,11,14,0
3406,40,36,6,12,1
3407,35,62,3,12,1
3408,35,62,11,19,0
3409,36,8,3,2,0
3410,54,54,1,15,0
3412,57,64,6,17,0
3413,57,58,10,24,1
3414,11,36,9,16,1
3415,54,62,8,29,1
3416,35,67,5,0,0
3417,35,74,2,17,1
3418,70,52,7,6,1
3420,66,68,5,23,0
3421,20,36,2,4,0
3422,1,40,4,1,1
3423,12,60,8,4,1
3424,64,7,10,13,0
3425,70,59,4,6,0
3426,73,67,1,6,0
3427,42,69,5,15,0
3428,42,76,8,26,1
3429,46,30,9,15,0
3430,3,40,8,24,0
3431,70,68,3,4,1
3432,15,62,10,7,0
3433,71,51,8,6,0
3434,71,45,8,19,1
3435,4,34,4,26,1
3436,30,47,1,17,0
3437,30,48,7,7,1
3438,43,31,0,11,0
3439,62,56,0,26,0
3440,1,27,1,12,1
3441,75,47,1,8,0
3443,1,23,11,5,1
3444,57,66,3,5,0
3445,17,68,2,25,1
3446,70,46,9,0,0
3447,54,38,3,20,1
3448,1,43,11,23,0
3449,27,17,2,20,0
3450,25,65,8,11,0
3451,19,63,6,16,0
3452,19,64,7,27,1
3453,56,39,7,1,0
3454,11,38,9,16,1
3455,11,46,1,27,0
3456,54,34,0,20,1
3457,75,12,5,13,1
3458,33,42,5,29,0
3459,14,53,7,29,1
3460,14,54,9,10,0
3461,54,47,1,21,0
3462,54,54,2,17,1
3463,1,68,2,1,1
3464,43,42,0,13,0
3465,30,31,3,16,0
3466,1,25,4,30,1
3467,1,28,11,5,0
3468,68,22,11,30,1
3469,1,64,1,22,1
3470,52,26,3,22,1
3471,1,41,8,28,1
3472,70,35,4,10,1
3473,70,37,4,20,0
3474,32,43,11,7,1
3475,19,46,2,12,0
3476,60,57,0,4,1
3477,37,54,7,27,0
3478,1,15,4,29,0
3479,1,22,8,18,1
3480,15,40,3,9,1
3481,15,46,10,9,0
3482,71,30,1,8,1
3483,70,29,11,1,0
3484,44,61,3,29,0
3485,77,11,4,26,0
3486,77,51,2,8,0
3487,1,48,8,5,0
3488,1,44,9,8,0
3489,76,55,7,12,0
3490,19,9,9,15,0
3491,19,11,10,17,1
3492,8,59,11,26,1
3493,69,54,4,3,1
3494,42,58,6,1,0
3495,64,30,4,9,1
3496,64,38,6,10,0
3497,39,59,8,10,1
3498,77,27,3,0,0
3499,19,58,2,15,0
3500,29,49,5,6,0
3501,51,53,2,20,0
3502,54,41,7,2,0
3503,54,42,0,13,1
3504,40,41,0,24,0
3505,20,66,11,5,0
3506,1,50,7,19,1
3507,32,35,11,1,1
3508,38,59,10,8,0
3509,38,54,1,12,1
3510,13,28,9,25,0
3511,74,52,8,10,0
3512,49,35,4,24,0
3513,70,11,6,19,0
3514,70,7,1,4,1
3515,61,64,0,1,1
3516,58,60,8,6,1
3517,68,42,5,23,1
3518,33,44,8,1,1
3519,74,38,11,14,0
3520,8,17,4,16,1
3521,4,53,6,19,0
3522,57,52,1,1,0
3523,6,53,3,28,0
3524,68,34,10,19,1
3525,15,63,4,20,0
3526,15,66,6,5,1
3527,77,67,7,10,0
3528,73,59,9,5,1
3529,54,62,2,14,0
3530,16,60,8,17,1
3531,43,9,5,13,0
3532,56,24,1,23,0
3533,1,52,11,0,1
3534,50,60,2,20,1
3535,37,62,4,11,0
3536,55,11,7,19,0
3537,51,35,3,15,0
3538,1,33,4,1,1
3539,36,9,7,30,0
3540,51,25,7,3,0
3541,51,23,4,0,1
3542,10,28,8,1,0
3543,10,30,7,18,1
3544,1,50,7,14,1
3545,68,55,10,0,0
3546,3,60,1,27,0
3547,1,13,2,14,1
3548,1,64,4,2,0
3549,5,26,8,7,1
3550,54,58,8,13,1
3552,44,29,10,15,0
3554,22,54,11,20,1
3555,22,57,1,5,0
3556,6,16,10,26,0
3557,6,17,10,23,1
3558,54,17,6,0,1
3559,57,28,9,22,1
3560,57,33,1,1,0
3562,1,20,3,4,0
3563,1,15,10,21,1
3564,62,37,2,22,0
3565,44,51,6,28,0
3566,65,21,1,18,1
3567,1,37,2,8,0
3568,1,30,0,24,0
3569,67,22,3,8,0
3570,15,34,3,26,1
3571,25,59,5,16,0
3572,48,17,11,17,1
3573,8,61,1,8,1
3574,19,35,1,16,1
3575,9,26,9,11,1
3576,1,28,2,14,1
3577,31,31,11,14,1
3578,72,16,9,19,0
3579,72,19,7,6,1
3580,6,18,3,26,1
3581,33,56,11,22,0
3582,38,44,1,16,0
3583,15,31,8,8,1
3584,15,30,2,24,0
3585,29,57,9,1,1
3586,60,32,3,10,0
3587,60,28,11,0,1
3588,76,42,10,3,1
3589,73,50,6,12,1
3590,23,65,8,22,1
3591,74,19,8,27,0
3592,74,14,2,29,1
3594,13,50,4,6,1
3595,28,54,0,0,0
3596,74,64,2,21,0
3597,10,22,7,16,1
3598,66,12,8,10,0
3599,66,20,2,1,1
3600,46,32,6,25,1
3601,19,27,7,2,0
3602,19,29,11,9,1
3603,42,43,5,12,0
3605,71,23,6,23,0
3606,63,47,5,5,0
3607,18,35,6,28,1
3608,66,36,11,8,0
3609,66,44,9,25,1
3610,36,8,4,7,0
3611,30,61,4,26,1
3612,19,51,8,3,1
3613,19,58,1,11,0
3614,43,60,9,8,1
3615,1,63,6,3,0
3616,77,53,3,13,1
3617,51,43,10,29,1
3618,54,42,1,20,0
3619,40,44,7,8,0
3620,21,26,8,13,0
3621,66,28,6,20,0
3622,66,27,3,16,1
3623,28,54,3,19,1
3624,1,71,1,26,1
3627,18,70,5,7,1
3628,11,16,1,25,1
3629,42,36,11,12,0
3630,64,12,10,27,1
3631,64,10,10,18,0
3632,15,32,8,28,1
3633,72,22,9,13,0
3634,1,12,5,24,0
3635,1,10,0,30,1
3636,46,67,4,18,0
3637,64,48,0,9,0
3638,49,32,11,10,1
3639,73,17,3,16,0
3640,75,67,6,23,0
3641,75,68,1,0,1
3642,19,50,7,26,0
3643,26,69,10,10,0
3644,75,40,5,13,0
3645,34,64,1,25,0
3646,33,32,5,15,1
3647,33,37,7,22,0
3648,3,69,0,2,0
3649,10,48,9,24,1
3650,64,7,1,16,0
3651,35,7,9,0,0
3652,1,9,1,19,0
3653,1,6,0,2,1
3654,25,13,2,0,1
3655,59,57,1,5,0
3656,62,14,7,25,1
3657,62,10,4,17,0
3658,58,13,3,4,0
3659,42,19,10,9,1
3660,65,63,6,8,0
3661,51,21,10,24,0
3662,27,20,8,21,0
3663,69,36,5,24,1
3664,69,40,2,18,0
3667,70,60,8,17,0
3668,70,61,11,22,1
3669,10,51,7,21,0
3670,44,69,8,16,1
3671,10,32,6,15,0
3672,10,37,11,5,1
3673,1,40,11,6,1
3674,17,69,10,9,1
3675,70,41,2,17,0
3676,10,54,9,13,1
3677,10,49,8,15,0
3678,1,23,7,11,1
3679,72,20,3,22,0
3680,72,12,3,6,1
3681,1,10,3,25,0
3682,1,13,0,11,1
3683,74,66,1,21,1
3684,16,50,11,30,1
3685,74,63,2,5,0
3686,61,51,9,10,1
3687,49,61,1,5,0
3688,49,64,4,1,1
3689,9,68,6,11,1
3690,44,49,7,1,0
3691,18,54,3,16,0
3693,15,11,2,30,0
3694,15,9,3,28,1
3695,55,23,9,3,0
3696,55,28,3,10,1
3697,9,43,0,15,1
3698,44,60,3,24,0
3699,1,57,7,7,0
3700,1,65,4,23,1
3701,73,43,4,5,1
3702,76,41,10,26,0
3703,17,20,5,14,0
3704,69,51,3,10,0
3705,1,54,5,3,1
3707,74,30,5,23,0
3708,46,47,2,15,1
3709,46,44,4,2,0
3710,59,17,0,24,0
3711,25,57,4,6,0
3712,56,58,4,29,1
3713,41,33,1,22,1
3714,8,42,9,0,1
3716,74,42,3,14,0
3717,71,14,0,29,0
3718,71,18,5,28,1
3719,54,19,7,29,0
3720,54,25,11,6,1
3721,64,43,11,15,1
3722,1,45,3,28,1
3723,18,57,8,0,0
3724,57,14,8,22,1
3727,33,59,0,12,0
3728,66,25,0,5,0
3729,66,30,7,21,1
3730,59,34,7,6,1
3732,66,35,7,26,0
3733,1,35,4,8,1
3734,15,32,11,1,0
3735,18,27,0,16,0
3736,18,21,6,21,1
3737,12,37,3,29,0
3738,1,67,2,30,1
3739,3,45,7,20,1
3740,46,18,10,2,0
3741,16,25,4,3,0
3742,56,50,10,26,1
3743,56,47,10,5,0
3745,2,60,0,18,1
3746,66,64,0,24,0
3747,1,53,11,1,0
3748,59,19,2,4,1
3749,65,32,2,20,1
3750,1,27,9,2,0
3751,33,55,9,11,0
3752,33,50,1,5,1
3753,1,48,3,13,1
3754,1,36,6,12,1
3755,37,40,6,8,1
3756,12,60,9,2,1
3757,5,11,3,15,0
3758,53,52,8,13,1
3759,53,50,9,11,0
3760,18,44,0,3,0
3761,48,64,7,4,0
3762,60,48,1,17,1
3763,38,66,7,11,1
3764,38,67,0,28,0
3765,45,45,0,23,1
3766,1,69,2,9,1
3767,14,25,8,6,0
3768,14,33,2,3,1
3769,54,46,8,9,0
3770,35,14,0,2,1
3771,48,31,2,26,0
3772,48,25,7,22,1
3773,33,53,6,28,1
3774,1,11,9,28,0
3775,46,17,10,26,0
3776,74,67,6,8,0
3777,74,64,8,3,1
3779,6,38,4,14,0
3780,37,66,10,21,0
3781,17,64,2,11,1
3782,1,69,8,9,0
3783,1,57,6,7,1
3784,1,63,10,7,0
3785,66,9,6,17,1
3786,13,9,6,9,0
3787,21,67,4,6,1
3788,56,44,6,4,1
3789,66,53,9,16,0
3790,48,25,7,27,0
3791,72,28,2,17,0
3792,74,61,8,20,0
3793,39,40,5,19,1
3794,37,65,4,5,1
3795,12,71,4,2,0
3796,3,42,5,28,0
3797,3,40,6,13,1
3798,1,43,10,16,1
3799,2,18,2,23,0
3800,38,43,5,14,1
3801,38,37,7,14,0
3802,67,14,6,27,0
3803,1,19,6,14,0
3804,1,22,3,10,1
3805,68,31,11,19,0
3806,54,56,5,26,1
3807,33,36,10,6,1
3808,57,32,0,23,0
3811,6,41,5,19,0
3812,1,56,1,7,0
3813,2,67,7,24,1
3814,1,34,8,12,0
3815,28,58,3,11,1
3816,1,55,0,25,0
3817,77,26,9,20,1
3818,71,31,6,27,0
3819,71,25,4,23,1
3821,22,28,4,15,0
3822,48,42,10,25,0
3823,63,45,11,7,0
3824,41,60,0,6,0
3825,41,54,3,19,1
3826,33,10,2,7,0
3827,33,12,4,4,1
3829,59,61,2,12,0
3830,18,57,1,23,1
3831,11,7,1,10,0
3832,11,14,8,3,1
3833,19,24,2,0,0
3834,1,65,8,11,1
3835,50,20,4,11,1
3836,77,37,10,20,0
3837,39,10,7,21,1
3838,65,18,9,26,0
3839,65,26,6,4,1
3840,50,22,5,11,1
3841,26,8,6,7,0
3842,74,65,5,25,0
3843,4,31,3,20,1
3844,71,52,11,25,1
3845,1,48,4,8,0
3846,27,69,6,10,1
3847,6,48,8,13,1
3848,45,27,7,13,1
3849,1,21,11,10,1
3850,45,46,0,25,1
3851,45,50,10,19,0
3852,10,41,8,11,1
3853,59,69,6,3,1
3854,24,48,7,29,0
3855,29,28,2,19,0
3856,1,33,5,8,1
3857,72,41,11,2,1
3858,18,37,5,13,1
3859,18,30,4,2,0
3860,74,27,3,9,0
3861,11,40,0,26,1
3862,40,36,6,12,1
3863,1,28,9,26,1
3864,1,20,10,16,0
3865,75,66,10,5,0
3866,75,66,6,2,1
3868,66,51,10,13,0
3869,17,35,1,23,1
3870,4,60,7,7,1
3871,4,68,2,24,0
3872,8,19,3,18,0
3873,23,49,11,15,1
3874,61,31,7,9,1
3875,1,19,6,26,1
3876,1,12,4,21,0
3877,38,45,8,12,1
3880,29,50,7,23,1
3881,45,36,4,6,1
3882,45,31,4,9,0
3883,18,54,8,26,0
3884,72,52,10,17,0
3885,70,29,0,16,1
3886,8,54,6,16,1
3887,67,9,0,16,0
3888,67,5,9,26,1
3890,3,47,9,21,0
3891,75,47,11,13,0
3892,1,68,3,18,0
3893,1,58,11,25,0
3894,29,30,0,20,0
3895,29,34,4,2,1
3896,5,12,9,2,0
3897,16,40,2,27,1
3898,57,37,0,16,1
3899,55,8,8,19,1
3900,55,32,8,22,0
3901,55,40,3,11,1
3902,65,38,11,19,1
3903,1,37,2,17,1
3904,29,28,0,14,1
3905,29,24,7,4,0
3906,64,25,11,22,0
3907,1,43,11,8,1
3908,73,18,10,24,0
3909,73,12,8,15,1
3910,37,8,7,22,1
3911,31,41,9,12,1
3912,1,34,2,6,1
3913,8,40,7,0,0
3914,52,9,7,23,1
3915,20,66,0,4,0
3916,47,59,7,26,1
3917,47,56,11,27,0
3918,5,63,0,9,0
3919,35,31,5,16,0
3920,44,14,7,12,1
3921,28,47,0,20,1
3922,1,17,3,7,1
3923,1,24,9,19,0
3924,56,60,0,8,0
3925,45,25,7,13,1
3926,54,61,9,0,0
3927,61,37,1,22,1
3928,77,17,7,7,1
3929,74,46,10,0,0
3930,1,10,0,16,0
3931,1,10,9,14,1
3932,59,28,9,5,0
3933,59,35,8,6,1
3934,12,57,9,14,0
3935,71,28,10,26,0
3936,36,51,3,7,1
3937,36,52,5,8,0
3938,27,69,0,21,0
3939,40,42,10,5,0
3942,53,41,7,12,0
3943,1,34,11,3,0
3944,8,25,0,0,0
3945,8,20,9,24,1
3946,1,64,4,10,0
3947,23,56,4,24,0
3948,44,68,4,22,1
3949,44,63,7,25,0
3950,38,13,2,20,0
3951,38,9,6,21,1
3952,52,54,11,27,1
3953,14,14,5,8,1
3954,64,46,9,30,0
3955,64,49,4,30,1
3956,21,64,5,1,1
3957,21,60,7,11,0
3958,37,35,3,29,1
3959,30,59,6,14,1
3960,8,53,0,5,0
3961,53,32,3,2,1
3962,74,41,10,27,0
3963,76,63,1,6,0
3964,74,31,4,6,0
3965,1,52,4,15,0
3966,1,58,9,6,1
3967,18,49,8,25,1
3968,18,44,5,14,0
3969,4,40,1,18,1
3970,46,69,7,8,1
3971,1,55,1,19,0
3972,1,19,5,0,0
3973,1,71,7,19,1
3974,68,27,7,23,0
3975,1,43,6,18,1
3976,43,56,8,12,0
3977,8,64,8,26,0
3978,18,59,11,14,0
3979,54,17,9,13,1
3980,1,42,6,12,0
3981,19,68,5,15,0
3982,45,8,0,14,1
3983,1,15,4,21,1
3984,1,53,2,12,1
3985,75,68,3,15,1
3987,67,49,10,6,0
3988,53,63,8,3,1
3989,53,69,2,26,0
3990,29,62,1,2,0
3991,11,56,4,16,0
3992,71,37,10,9,1
3993,14,69,2,6,1
3994,21,54,0,30,1
3995,1,37,7,14,1
3996,36,36,6,15,1
3997,13,16,0,4,1
3998,59,39,5,2,1
3999,30,65,0,15,1
4000,40,46,9,21,0
4001,69,45,0,28,0
4002,25,9,5,28,1
4003,8,38,3,22,0
4004,30,46,7,11,1
4006,25,67,4,6,1
4007,23,37,10,6,0
4008,23,40,4,7,1
4009,4,55,5,28,0
4010,4,37,5,16,1
4011,62,46,11,18,1
4012,56,45,9,8,1
4013,1,40,11,5,1
4014,17,69,8,5,0
4015,65,61,11,26,1
4016,13,60,4,24,1
4017,13,53,4,14,0
4018,3,69,8,6,1
4019,11,34,8,15,0
4020,45,42,2,30,1
4021,45,37,11,9,0
4022,1,15,1,9,0
4023,1,14,4,16,1
4024,3,53,9,15,0
4025,3,60,9,6,1
4026,76,34,8,23,1
4027,16,54,5,27,1
4028,16,59,7,7,0
4029,17,56,0,2,0
4030,44,65,8,20,1
4031,67,64,4,21,0
4032,35,53,7,1,1
4033,51,14,9,14,0
4034,58,26,6,16,0
4035,58,19,7,19,1
4036,25,65,6,8,1
4037,1,55,9,21,1
4040,59,50,4,16,1
4041,59,43,0,25,0
4042,1,28,8,3,0
4043,70,42,4,8,1
4044,44,19,3,28,1
4046,1,33,11,17,1
4047,1,26,0,27,0
4048,4,12,10,23,0
4049,4,34,8,12,0
4050,47,37,11,29,0
4051,74,38,9,5,0
4052,74,39,9,16,1
4053,70,18,8,22,1
4054,72,48,1,7,1
4055,74,42,5,0,1
4056,63,41,6,25,1
4057,70,11,5,10,1
4059,54,13,4,10,0
4060,44,43,5,20,1
4061,8,67,11,23,0
4062,71,39,7,7,0
4063,61,55,1,15,1
4064,61,61,1,7,0
4065,73,31,5,26,0
4066,30,25,10,27,1
4067,21,48,6,7,1
4068,11,13,5,24,0
4069,68,48,2,6,0
4070,68,48,4,22,1
4071,45,31,11,14,1
4072,45,30,4,7,0
4073,24,44,1,9,0
4074,24,47,5,7,1
4075,8,33,8,17,1
4076,49,58,10,16,0
4077,68,44,2,5,1
4078,23,40,5,3,0
4079,27,44,5,28,0
4080,21,32,8,25,1
4081,9,67,5,2,0
4082,58,50,0,14,1
4083,74,57,0,29,1
4084,55,46,9,4,0
4085,55,41,11,3,1
4086,63,30,11,21,1
4087,64,35,1,15,1
4088,68,37,11,17,1
4089,68,36,1,26,0
4090,23,60,5,21,0
4091,29,71,8,6,1
4092,14,22,10,10,1
4093,1,35,8,28,0
4094,2,68,11,18,0
4095,25,63,8,13,0
4096,25,69,2,15,1
4098,13,27,2,27,0
4099,12,34,4,2,1
4100,74,44,2,12,0
4101,1,59,4,6,1
4102,4,58,7,14,1
4103,4,54,4,18,0
4104,23,8,3,9,0
4105,16,69,10,14,1
4106,1,25,10,8,0
4107,49,43,8,8,0
4108,43,15,0,25,1
4109,63,42,7,10,0
4112,38,63,10,27,0
4113,76,36,8,8,1
4114,63,53,1,8,0
4115,33,32,2,26,0
4116,36,25,10,23,0
4117,53,7,6,0,1
4118,28,67,5,16,0
4119,62,51,1,19,1
4120,62,50,2,5,0
4121,23,12,1,11,0
4122,39,58,8,17,0
4123,39,55,10,11,1
4124,19,52,10,9,1
4125,31,11,3,16,1
4126,74,64,8,8,0
4127,74,59,4,25,1
4129,75,41,2,30,1
4131,48,65,5,1,0
4132,42,51,9,14,0
4133,42,54,2,21,1
4134,1,43,1,11,1
4136,31,48,0,5,0
4137,21,38,7,29,0
4138,11,57,8,17,1
4139,74,58,6,19,0
4140,70,52,9,3,0
4141,9,59,2,17,0
4142,36,49,5,10,0
4143,27,44,7,23,0
4144,27,44,8,10,1
4145,73,11,11,1,1
4146,9,44,5,12,1
4147,64,61,11,22,0
4148,64,57,1,7,1
4149,1,68,2,6,0
4150,1,66,7,9,1
4151,73,15,6,16,1
4152,73,16,5,6,0
4153,32,45,3,11,0
4154,32,42,9,24,1
4155,1,12,4,12,0
4156,5,51,10,1,1
4157,1,61,4,8,0
4158,35,9,6,9,1
4159,35,2,11,5,0
4160,16,58,5,26,1
4161,22,61,8,8,1
4163,4,40,5,6,0
4164,45,13,9,21,1
4165,53,44,2,12,0
4166,1,36,1,25,0
4167,6,38,4,30,1
4169,58,69,1,18,1
4170,58,72,7,26,0
4171,1,69,4,17,0
4172,1,34,3,28,1
4173,52,67,5,3,1
4174,63,16,1,10,0
4175,13,54,0,5,1
4176,32,11,7,30,0
4177,34,24,11,24,0
4178,32,15,7,30,0
4179,54,9,6,28,0
4180,63,21,5,16,0
4181,76,53,4,14,1
4182,16,30,5,22,0
4183,16,29,10,12,1
4184,8,64,3,25,1
4185,51,53,3,22,1
4186,38,67,9,13,0
4187,25,56,7,27,1
4188,1,65,7,16,0
4189,64,30,11,6,0
4190,17,31,10,16,0
4191,32,46,0,5,1
4192,72,20,10,20,0
4193,8,26,1,27,1
4194,63,29,0,2,1
4195,63,34,6,29,0
4196,55,40,0,15,1
4198,23,43,9,16,1
4199,23,50,11,18,0
4201,3,66,6,18,0
4202,3,59,4,19,1
4203,1,56,0,7,1
4204,1,49,5,2,0
4205,30,24,1,4,0
4206,22,31,9,8,0
4207,70,27,2,1,0
4209,70,22,1,22,1
4210,40,68,8,14,0
4211,22,62,3,16,1
4212,53,34,4,26,0
4213,64,14,5,26,1
4214,64,10,6,2,0
4215,49,41,5,7,1
4217,9,40,5,24,1
4218,48,28,9,5,1
4219,51,33,0,3,1
4220,33,52,8,14,0
4221,63,30,8,25,1
4222,60,17,7,15,0
4223,54,59,4,29,0
4224,42,66,3,2,1
4225,76,66,7,7,0
4226,31,46,3,7,0
4227,51,52,11,23,1
4229,36,50,9,4,0
4230,74,50,10,10,1
4231,1,48,7,7,1
4232,70,60,1,14,0
4233,46,27,1,14,0
4234,70,61,10,7,1
4235,9,64,10,14,1
4236,42,51,0,16,1
4237,16,12,6,30,1
4238,41,60,3,25,1
4239,70,9,11,10,0
4240,46,49,9,20,1
4241,20,39,2,29,1
4242,20,43,3,26,0
4243,7,47,0,25,0
4244,68,11,7,11,1
4245,68,8,8,22,0
4246,36,69,8,8,1
4247,26,64,0,15,1
4248,9,64,4,6,1
4249,52,66,4,20,0
4250,72,50,8,5,1
4251,44,49,3,25,0
4252,44,42,4,27,1
4253,16,25,4,18,1
4254,65,61,2,4,0
4255,66,14,5,27,1
4256,70,46,2,28,0
4257,1,57,5,28,1
4258,44,55,4,10,1
4259,10,38,5,15,1
4260,12,56,5,0,0
4261,34,13,7,3,1
4262,59,14,3,23,1
4263,73,61,5,25,1
4264,74,60,5,20,1
4265,59,67,0,18,0
4266,1,63,0,25,1
4267,24,25,3,20,1
4268,24,17,5,10,0
4269,45,44,8,6,1
4270,58,61,1,4,1
4271,58,53,6,22,0
4272,42,67,7,29,1
4273,18,65,10,28,1
4274,70,26,4,23,1
4275,49,46,5,25,1
4276,74,62,7,4,1
4277,74,68,10,4,0
4278,33,38,10,17,0
4279,51,38,9,12,0
4280,55,33,0,7,1
4281,54,20,3,12,0
4282,3,21,5,8,0
4283,27,13,8,4,0
4284,68,35,10,25,0
4285,68,34,11,27,1
4286,6,54,8,27,1
4287,62,42,9,6,1
4288,70,35,2,7,1
4289,66,70,10,22,0
4290,32,36,2,8,0
4291,58,40,4,6,1
4292,72,41,6,18,0
4293,4,48,11,15,1
4294,4,45,5,21,0
4295,18,49,2,15,0
4296,57,14,10,5,0
4297,57,17,9,15,1
4298,33,9,3,17,0
4299,50,66,8,14,1
4300,1,66,10,14,1
4301,14,45,4,2,1
4302,30,33,0,3,1
4303,21,67,2,4,1
4304,5,34,5,14,1
4305,40,28,5,20,1
4306,40,29,9,16,0
4307,1,66,3,13,0
4308,44,59,0,9,1
4309,39,68,3,25,1
4310,65,14,4,29,1
4311,59,70,3,11,0
4312,72,68,9,19,1
4313,53,57,1,20,1
4314,58,14,4,23,1
4315,74,48,3,24,1
4316,1,32,7,25,1
4317,53,67,9,10,1
4318,43,31,8,10,1
4319,43,35,10,5,0
4320,66,47,10,3,1
4321,19,62,9,17,1
4322,19,59,9,0,0
4323,40,13,2,19,0
4324,40,7,6,21,1
4325,55,36,6,18,0
4326,1,19,8,19,0
4327,1,26,7,22,1
4328,59,65,5,12,1
4329,64,36,4,17,1
4330,33,10,6,1,0
4331,5,48,8,2,0
4332,57,25,0,10,0
4333,1,47,3,19,0
4334,1,43,1,18,1
4335,54,13,11,24,1
4336,19,58,7,1,1
4337,48,55,3,20,0
4338,30,33,9,24,0
4339,59,66,8,14,1
4340,1,38,6,17,1
4341,76,53,4,0,0
4342,63,7,3,6,1
4343,27,18,7,8,1
4344,54,14,5,14,0
4345,18,63,8,28,1
4346,3,62,8,19,1
4347,54,15,5,19,1
4348,3,67,3,16,1
4349,1,48,7,21,1
4350,1,55,7,19,0
4352,72,60,6,23,0
4353,28,68,8,18,1
4354,28,75,7,12,0
4355,1,27,11,28,1
4358,70,31,9,23,0
4359,64,39,7,1,0
4360,19,54,6,9,1
4361,46,44,4,3,0
4362,50,32,8,15,0
4363,50,40,6,0,1
4364,22,66,11,4,0
4365,10,50,4,11,0
4367,14,71,2,29,0
4368,32,66,9,20,1
4369,53,54,5,14,0
4370,59,28,5,27,0
4371,32,57,11,11,0
4372,3,22,9,10,0
4373,51,40,11,19,0
4376,70,43,2,4,0
4377,48,67,0,30,0
4380,1,20,4,12,0
4381,56,48,0,24,0
4382,18,69,9,19,0
4383,21,52,7,0,0
4384,10,62,0,11,1
4385,21,61,9,1,1
4386,53,34,11,26,1
4387,52,35,1,17,0
4388,4,25,8,15,1
4389,10,15,6,0,1
4390,7,61,3,28,1
4393,1,30,8,10,1
4394,64,64,11,29,1
4395,36,47,4,15,1
4396,63,63,10,6,1
4397,63,62,10,25,0
4398,77,47,6,22,0
4399,61,56,10,19,1
4400,54,48,7,28,1
4401,8,57,6,19,0
4402,23,18,3,10,0
4403,36,27,9,18,1
4404,31,40,3,8,1
4405,47,48,3,16,1
4406,1,43,10,0,0
4407,70,64,6,5,0
4408,62,12,4,18,0
4409,62,17,0,21,1
4410,24,65,0,11,1
4411,54,39,0,1,0
4412,54,41,10,25,1
4413,74,66,4,3,0
4414,50,22,5,18,0
4415,4,66,6,8,0
4416,67,59,11,24,0
4417,1,65,3,23,0
4418,28,59,4,18,0
4420,55,46,4,5,0
4421,1,33,5,26,1
4422,76,32,6,30,1
4423,27,7,4,23,0
4424,21,22,4,5,0
4425,21,25,9,14,1
4426,26,58,8,12,1
4427,30,29,10,2,0
4428,38,43,2,8,0
4429,64,34,3,1,0
4430,64,27,5,26,1
4431,58,19,8,29,0
4432,1,53,2,13,1
4433,1,57,1,21,0
4434,64,53,2,28,0
4435,64,54,9,29,1
4436,27,9,3,27,0
4437,70,50,9,25,1
4438,70,46,11,3,0
4439,70,64,2,24,0
4440,33,37,11,25,0
4441,33,32,9,6,1
4442,23,10,3,28,1
4444,77,58,2,27,0
4445,77,53,3,13,1
4446,71,39,9,10,1
4447,71,46,7,15,0
4448,72,31,4,1,1
4449,8,38,10,7,0
4450,67,38,0,4,1
4451,50,16,9,18,1
4452,70,13,5,7,1
4453,61,65,4,28,1
4454,61,65,1,8,0
4455,70,65,6,28,0
4456,30,25,9,22,0
4457,1,32,0,16,0
4458,22,39,11,22,1
4459,1,51,4,20,1
4460,1,46,1,23,0
4461,54,46,3,21,1
4462,1,66,8,12,0
4463,76,12,7,16,0
4464,53,53,10,18,0
4465,74,26,5,1,0
4466,75,11,9,6,1
4467,20,33,10,16,1
4468,20,33,4,3,0
4469,8,62,1,27,1
4471,64,64,5,10,1
4472,74,54,6,24,0
4473,1,33,11,26,0
4474,3,53,11,8,1
4476,3,16,0,12,0
4477,74,46,0,17,0
4478,74,41,4,13,1
4479,2,47,6,23,1
4480,74,52,2,29,0
4481,1,64,5,15,0
4482,56,68,0,16,0
4483,63,55,7,28,1
4484,37,44,3,10,0
4485,36,8,6,19,0
4486,36,3,5,13,1
4487,22,63,7,13,0
4488,22,60,3,2,1
4489,76,37,2,23,0
4490,76,45,1,17,1
4491,2,66,6,12,1
4492,16,54,8,7,1
4493,33,36,9,4,0
4494,54,41,10,8,0
4495,66,68,3,10,0
4496,10,60,1,18,0
4497,10,53,8,13,1
4498,31,20,11,27,0
4499,31,18,8,27,1
4500,17,13,7,11,0
4501,70,36,2,17,1
4502,21,21,0,9,0
4503,21,17,4,27,1
4504,33,54,10,23,1
4505,33,55,6,5,0
4506,11,43,10,29,1
4507,1,59,7,2,0
4508,54,10,10,13,0
4509,54,9,2,11,1
4510,34,27,11,27,1
4511,51,34,3,26,1
4512,1,52,9,18,0
4514,65,29,11,24,0
4515,59,9,8,27,1
4516,1,50,8,26,1
4518,39,41,3,3,1
4519,70,40,9,30,1
4520,1,46,5,27,1
4521,1,32,8,8,0
4522,68,39,10,0,1
4523,68,41,2,8,0
4524,77,46,6,13,0
4525,77,53,6,16,1
4526,70,59,3,23,1
4527,1,52,1,3,1
4528,28,11,0,8,0
4529,37,65,8,15,0
4530,37,73,8,17,1
4531,64,53,5,24,1
4532,39,42,9,8,0
4533,64,69,0,28,0
4534,38,43,11,23,0
4535,1,20,11,2,1
4536,41,36,9,13,0
4539,55,31,11,11,0
4540,69,25,0,15,0
4541,32,60,2,1,1
4542,29,43,1,5,0
4543,1,30,11,0,0
4544,52,44,5,12,1
4545,3,25,0,19,1
4546,23,40,3,19,1
4547,9,32,11,29,1
4548,7,47,0,4,0
4549,10,9,9,29,1
4550,72,31,9,16,1
4551,60,13,3,28,0
4552,60,8,1,27,1
4553,1,34,1,22,1
4554,70,26,6,23,0
4555,52,49,7,6,0
4556,74,59,4,30,0
4557,44,21,9,23,1
4558,44,17,8,26,0
4559,35,47,2,8,1
4560,9,52,9,19,0
4561,40,57,5,28,1
4562,25,54,9,10,0
4563,10,60,6,24,1
4564,10,64,7,24,0
4565,14,37,2,2,0
4567,70,26,1,11,0
4568,70,71,3,25,0
4569,6,60,6,8,1
4570,1,28,10,2,1
4571,1,56,10,6,0
4572,28,25,4,20,1
4573,5,44,9,11,1
4574,20,55,10,11,1
4575,36,53,8,19,1
4576,53,47,5,26,0
4577,64,38,6,24,1
4578,15,65,11,26,0
4579,74,28,6,0,1
4580,30,33,10,23,1
4581,1,45,5,15,1
4582,44,7,9,11,0
4583,61,30,7,23,1
4584,7,38,5,23,1
4585,9,37,8,9,1
4586,9,40,7,12,0
4587,36,67,4,5,1
4588,53,65,10,4,1
4589,2,65,8,14,1
4590,1,25,2,16,0
4591,43,22,7,18,0
4592,1,44,2,28,1
4593,72,21,6,2,0
4594,1,29,10,24,0
4595,1,29,10,28,1
4596,74,62,7,30,1
4597,1,41,4,18,1
4598,25,30,3,11,1
4599,25,36,11,4,0
4600,70,56,2,12,0
4601,1,24,3,1,0
4602,1,23,3,3,1
4603,69,35,6,25,1
4604,67,57,9,1,0
4605,18,69,8,8,1
4606,8,26,9,13,0
4607,74,65,10,15,1
4608,41,34,0,17,0
4609,7,65,11,18,1
4610,34,55,0,1,1
4611,1,42,4,9,1
4612,44,49,8,22,1
4615,56,40,6,30,0
4617,45,66,11,19,0
4618,45,61,2,26,1
4619,77,30,1,19,1
4620,54,29,10,0,1
4621,54,35,1,9,0
4622,50,61,4,24,1
4623,68,56,4,8,0
4624,48,55,4,23,1
4625,48,56,2,3,0
4626,3,36,10,23,1
4627,1,31,2,23,0
4628,1,27,4,30,1
4629,76,12,4,9,0
4630,76,4,8,26,1
4631,8,22,3,0,1
4632,1,17,3,17,0
4633,62,69,9,30,1
4634,67,29,2,8,1
4635,67,25,1,27,0
4636,48,66,8,21,0
4637,61,58,1,12,0
4638,33,57,1,25,1
4639,20,69,4,15,0
4640,75,45,4,6,1
4641,33,47,1,11,0
4642,33,49,7,2,1
4643,1,58,6,20,1
4644,20,20,0,18,0
4647,8,67,7,19,0
4648,33,53,0,23,0
4649,45,17,5,24,1
4650,54,54,6,14,1
4651,2,68,0,23,0
4652,53,51,1,25,0
4653,4,35,11,17,1
4654,2,39,1,14,1
4655,2,36,9,13,0
4656,1,31,8,15,0
4657,15,30,8,12,0
4658,33,24,9,10,0
4659,50,48,3,13,1
4660,60,64,6,5,1
4661,1,33,4,10,1
4662,1,16,1,9,1
4663,72,31,9,28,0
4664,38,10,7,4,0
4665,9,15,7,26,1
4666,9,17,5,11,0
4667,25,30,3,25,0
4668,25,27,5,24,1
4670,51,57,7,13,1
4671,51,61,6,26,0
4672,44,38,7,27,0
4673,69,41,7,15,0
4674,59,67,11,26,1
4675,23,64,9,1,0
4677,3,10,8,28,1
4678,21,57,11,5,0
4679,20,37,0,30,0
4680,72,68,4,23,1
4681,1,38,9,7,1
4682,1,42,7,10,0
4683,51,45,7,1,0
4684,1,42,2,4,1
4685,62,53,6,13,0
4686,39,33,6,1,0
4687,16,36,11,18,1
4688,16,29,8,10,0
4689,50,52,3,25,0
4690,66,51,7,25,1
4691,66,53,0,27,0
4692,76,44,3,5,1
4693,42,32,2,1,0
4694,42,32,3,14,1
4695,52,14,11,10,0
4696,52,22,3,11,1
4697,27,46,8,24,1
4698,45,52,2,30,0
4699,13,52,10,11,1
4700,70,26,5,14,1
4701,22,30,5,27,0
4704,12,44,3,28,1
4705,1,44,8,11,0
4706,58,32,6,10,1
4707,58,29,10,4,0
4708,18,39,6,13,0
4709,54,67,3,15,0
4710,52,50,4,8,1
4711,52,44,6,22,0
4712,37,49,5,5,1
4713,13,7,10,3,1
4714,13,0,7,19,0
4715,15,65,7,11,1
4716,10,22,7,1,1
4717,32,33,7,8,0
4718,2,21,10,21,0
4719,23,26,1,17,0
4720,33,35,4,5,1
4721,65,45,2,20,1
4722,8,61,0,27,0
4723,1,30,1,5,1
4724,53,62,9,13,1
4725,34,34,10,16,0
4726,34,41,6,3,1
4727,74,59,10,22,1
4728,74,59,9,30,0
4729,18,34,6,6,0
4730,68,9,4,3,0
4731,52,62,1,10,1
4732,70,7,2,16,0
4733,1,44,6,16,0
4734,72,14,2,20,0
4735,72,11,9,22,1
4736,56,32,4,27,1
4737,24,70,5,0,1
4739,37,49,2,7,1
4740,28,66,5,11,0
4741,74,18,6,28,1
4742,61,38,3,12,1
4743,61,45,8,24,0
4744,6,18,11,17,0
4745,68,37,7,3,1
4746,39,30,6,19,1
4747,76,11,3,26,1
4748,76,17,0,25,0
4749,57,37,0,18,1
4750,70,51,3,3,0
4751,35,62,0,7,0
4752,7,28,9,8,0
4753,7,23,1,17,1
4754,27,28,11,27,1
4755,71,43,8,4,1
4756,22,39,0,7,1
4757,22,34,9,8,0
4758,50,62,0,8,1
4759,50,69,1,20,0
4760,70,24,2,26,0
4761,70,23,10,27,1
4762,76,60,1,12,1
4763,77,33,1,22,1
4764,54,68,9,14,0
4765,48,24,2,5,0
4766,22,56,4,26,0
4767,26,7,8,20,1
4768,1,49,3,2,1
4769,22,12,0,22,1
4770,22,13,11,12,0
4771,64,50,0,6,1
4772,6,39,0,28,1
4773,33,41,5,12,1
4774,59,40,7,13,0
4775,59,37,6,21,1
4776,1,63,11,21,0
4777,64,18,5,22,1
4778,64,11,2,6,0
4779,52,67,1,9,0
4780,54,61,1,0,1
4781,9,55,7,14,1
4782,25,55,11,27,0
4783,31,67,9,15,1
4784,42,9,11,7,1
4785,42,10,9,5,0
4786,54,27,7,15,0
4787,36,51,2,11,0
4788,39,69,3,26,1
4789,24,29,8,25,1
4790,75,35,1,8,0
4791,51,25,1,14,0
4792,20,46,4,24,1
4793,55,35,1,14,1
4794,20,34,10,15,1
4795,74,14,8,17,1
4796,7,17,2,10,0
4797,59,29,8,2,1
4798,37,51,0,1,1
4799,75,35,2,19,1
4800,75,42,7,13,0
4801,23,67,10,24,0
4802,75,60,6,5,0
4803,45,34,7,6,0
4804,51,19,1,6,1
4805,1,24,2,12,1
4806,19,33,1,0,1
4807,25,37,11,27,0
4808,23,70,10,23,1
4809,19,19,10,0,0
4810,19,24,0,25,1
4811,77,60,2,25,1
4812,1,14,5,25,0
4813,43,57,9,24,0
4814,54,51,1,27,0
4815,15,59,8,16,0
4816,15,63,2,3,1
4817,12,58,8,3,0
4818,1,21,2,12,0
4819,62,53,3,12,0
4820,2,58,8,18,1
4821,35,28,5,7,1
4822,35,34,9,12,0
4823,7,71,3,15,0
4824,54,29,2,4,0
4826,25,66,11,26,1
4831,27,47,7,13,0
4832,56,46,0,8,1
4833,30,60,1,27,1
4836,49,41,11,30,0
4837,56,56,2,12,1
4853,58,28,2,0,0
4861,57,66,10,0,1
4862,1,32,10,22,1
4863,1,63,2,1,1
4877,45,46,1,18,0
4882,36,67,11,20,0
4886,23,68,11,8,0
4892,26,58,2,7,0
4901,72,39,4,7,1
4904,38,50,3,18,1
4906,64,65,9,18,1
4907,64,63,4,30,0
4915,40,52,6,18,0
4916,52,28,0,8,0
4918,11,57,4,5,0
4919,49,40,4,25,1
4923,66,51,6,1,0
4925,45,40,5,17,0
4927,72,44,2,15,1
4928,9,65,1,8,0
4929,74,32,6,29,0
4930,1,70,6,29,0
4937,54,49,10,8,1
4941,60,68,1,24,1
4942,38,48,6,4,0
4944,58,71,3,6,0
4949,54,71,9,19,0
4956,6,35,9,9,0
4959,77,68,3,24,0
4961,54,71,6,30,0
4968,50,27,4,25,0
4969,64,57,6,19,1
4972,70,66,6,12,1
4974,5,51,5,29,1
4975,5,50,9,20,0
4976,36,70,0,17,0
4979,7,26,5,27,0
4989,28,24,8,3,0
4992,55,61,6,13,1
4993,1,62,5,26,1
4994,1,67,5,20,0
5002,65,66,6,16,1
5010,42,39,8,7,1
5012,27,61,8,21,1
5013,1,69,8,14,0
5016,1,35,0,4,1
5028,28,65,3,9,0
5030,1,69,0,14,0
5046,1,26,7,21,0
5050,62,40,0,18,0
5056,67,46,1,3,1
5067,21,64,8,9,1
5072,1,70,2,23,1
5081,1,50,9,30,1
5093,55,38,3,11,1
5107,50,36,9,5,1
5108,50,33,4,21,0
5111,50,48,11,11,0
5117,52,64,2,20,0
5126,43,54,3,2,0
5127,33,64,3,4,1
5128,70,52,11,23,0
5132,51,56,9,20,0
5133,66,48,7,9,1
5134,58,56,6,18,1
5137,5,68,4,4,0
5138,45,63,7,4,1
5141,54,42,4,18,1
5143,77,62,2,8,0
5144,77,55,5,6,1
5145,26,39,9,30,1
5149,15,51,11,17,0
5152,43,64,8,8,1
5159,39,53,11,1,0
5163,43,46,9,27,1
5164,9,60,10,29,0
5171,64,45,8,22,1
5175,63,38,8,17,1
5180,1,32,11,19,0
5189,74,50,0,9,1
5200,33,49,3,22,1
5201,33,43,3,18,0
5203,61,34,8,7,1
5204,47,52,0,21,0
5212,72,35,9,11,1
5213,1,69,9,9,0
5214,47,65,8,11,0
5215,47,62,9,14,1
5217,74,29,6,15,1
5223,2,66,0,10,1
5224,29,38,6,23,0
5232,74,37,3,5,1
5233,66,56,9,29,0
5236,25,67,5,2,0
5237,1,66,7,2,0
5240,74,29,1,16,0
5241,63,67,5,25,0
5243,2,59,3,17,0
5245,38,31,2,17,1
5246,70,71,4,14,0
5247,47,32,3,13,0
5249,5,60,0,4,1
5253,69,35,9,6,1
5254,69,37,8,15,0
5263,1,51,1,26,1
5273,39,48,0,9,0
5275,28,39,4,20,0
5277,44,57,10,6,1
5281,73,30,11,23,0
5283,17,71,2,9,0
5284,51,60,8,23,1
5287,77,60,0,1,0
5308,41,63,6,8,1
5312,71,36,0,7,0
5313,71,36,0,15,1
5318,74,57,2,27,0
5319,74,53,8,22,1
5320,17,40,3,6,1
5321,17,39,1,0,0
5322,73,45,2,12,1
5323,14,65,1,16,1
5325,66,59,8,17,1
5326,66,56,7,11,0
5333,39,56,4,28,1
5334,48,24,11,28,0
5337,1,50,4,1,0
5338,1,55,4,24,1
5347,41,38,2,30,0
5352,40,65,7,17,1
5353,48,56,4,21,1
5354,30,56,0,4,1
5358,54,31,7,30,0
5362,47,28,11,8,0
5364,62,53,2,13,0
5365,62,60,4,0,1
5366,60,60,8,19,1
5367,60,68,5,5,0
5374,63,36,10,25,0
5376,14,59,0,22,0
5379,60,67,2,19,0
5384,73,24,6,20,0
5385,67,63,1,0,0
5389,17,57,7,30,0
5392,16,44,2,27,1
5393,4,44,11,2,0
5395,45,51,5,0,0
5397,72,58,6,29,1
5398,72,56,2,22,0
5399,24,61,11,26,1
5402,30,57,4,28,1
5404,58,65,8,17,1
5409,15,37,2,24,0
5413,33,35,3,9,0
5420,61,24,6,18,0
5433,50,64,8,23,0
5441,18,46,0,24,0
5445,69,41,8,15,0
5450,8,29,7,27,0
5460,63,50,9,0,0
5461,9,57,8,19,1
5462,9,52,8,7,0
5468,68,33,4,26,1
5469,63,68,2,1,1
5472,53,45,4,9,0
5473,70,57,7,8,1
5478,33,34,9,26,0
5487,56,36,8,16,1
5517,57,53,2,12,0
5521,9,62,4,14,1
5526,27,36,2,18,0
5527,27,30,10,27,1
5530,12,42,2,28,0
5531,4,68,4,14,0
5539,74,24,5,4,0
5563,1,65,0,0,0
5565,3,55,11,21,1
5574,9,59,8,11,1
5579,77,40,1,15,0
5580,77,41,2,0,1
5606,4,69,7,5,0
5617,56,47,7,0,1
5618,63,42,2,21,1
5642,70,46,10,3,1
5684,8,44,2,1,1
5699,73,39,9,7,0
5701,2,48,10,21,1
5704,66,64,9,8,1
5722,64,48,9,6,1
5727,54,42,1,23,0
5736,1,42,4,15,0
5753,39,37,4,22,0
5760,66,37,4,7,0
5761,66,30,4,10,1
5774,46,49,0,14,1
5775,46,44,2,9,0
5788,72,51,4,3,0
5801,26,68,11,9,1
5826,15,57,8,8,0
5827,15,64,0,27,1
5858,52,41,6,16,0
5859,52,34,0,28,1
5860,47,53,3,21,0
5866,67,67,3,2,1
5873,5,68,3,5,1
5911,14,24,9,2,0
5928,42,59,8,9,1
5965,50,40,3,9,0
5977,43,68,4,30,0
5978,33,33,0,26,1
6001,60,26,4,0,0
6015,54,62,10,20,0
6033,1,55,4,26,0
6034,20,28,7,14,0
6039,1,47,6,2,1
6040,1,52,3,9,0
6042,53,52,9,11,0
6052,40,38,3,5,0
6067,70,39,2,12,1
6077,54,69,3,29,1
6112,43,47,11,27,1
6114,66,29,1,14,1
6115,13,42,11,24,1
6122,6,57,1,15,1
6144,54,45,11,18,1
6175,72,53,4,16,0
6178,1,29,9,14,1
6183,1,52,10,15,0
6185,58,37,2,4,1
6186,58,41,4,26,0
6191,74,41,11,23,0
6196,68,32,2,8,0
6235,5,29,3,3,0
6255,54,35,0,0,1
6256,54,30,4,20,0
6257,75,31,7,19,1
6272,1,31,9,9,0
6275,13,45,11,29,0
6299,1,25,7,8,0
6301,55,38,2,7,1
6317,77,46,0,26,1
6318,77,39,2,4,0
6342,8,43,5,3,0
6349,72,61,11,2,0
6359,64,65,6,5,0
6363,4,62,9,19,1
6366,49,55,1,20,0
6367,44,59,3,27,0
6383,15,59,0,6,0
6391,34,41,0,29,0
6408,47,45,5,28,0
6417,40,39,0,6,0
6422,28,49,8,22,0
6452,64,31,6,16,0
6468,70,33,1,22,0
6469,4,42,2,15,0
6473,76,29,8,29,1
6474,76,23,10,29,0
6478,3,40,4,19,0
6481,1,47,11,23,1
6485,48,51,4,20,1
6499,44,52,1,0,0
6501,1,59,10,3,0
6511,47,42,7,6,0
6544,66,63,7,3,0
6545,66,67,8,8,1
6546,1,52,7,21,1
6551,24,37,7,11,1
6552,71,44,1,20,0
6567,5,67,10,20,1
6571,72,60,2,23,1
6604,72,37,6,25,0
6610,57,43,5,2,0
6616,1,42,5,17,0
6619,43,32,11,17,1
6644,1,48,8,5,1
6691,43,31,9,14,0
6698,43,41,6,12,1
6729,15,46,11,26,0
6731,13,32,10,25,0
6749,9,32,8,28,1
6750,9,35,5,3,0
6753,15,51,4,22,0
6764,19,33,3,11,0
6789,57,68,2,25,0
6798,61,37,7,2,1
6803,5,69,11,6,1
6804,5,70,5,6,0
6827,59,58,3,27,0
6829,10,52,11,23,1
6844,53,60,8,4,1
6886,66,31,2,12,1
6892,1,40,2,21,1
6893,1,33,0,13,0
6895,42,60,5,23,0
6906,64,38,8,24,0
6922,14,28,3,26,1
6924,17,56,7,22,0
6936,52,48,1,26,1
6944,43,59,2,12,0
6946,74,59,0,28,1
6967,44,42,11,16,0
6978,38,54,3,4,0
6987,1,57,0,28,0
7010,70,56,5,29,0
7011,70,50,3,13,1
7043,77,29,5,29,0
7065,5,60,6,6,1
7100,30,50,8,22,1
7102,75,56,6,19,1
7112,76,50,5,23,0
7127,3,46,8,28,0
7150,45,52,8,15,1
7166,15,53,4,12,0
7186,27,33,5,0,1
7195,50,51,8,10,0
7234,28,54,7,3,0
7241,57,46,8,5,1
7286,47,59,1,9,1
7291,77,29,11,1,1
7299,1,27,8,15,0
7311,56,38,4,17,0
7324,1,52,2,17,1
7325,24,64,0,23,0
7327,49,48,4,21,0
7339,19,63,1,27,1
7348,6,66,9,25,1
7366,29,62,3,11,1
7390,1,26,10,3,0
7411,54,52,0,24,1
7412,54,44,9,16,0
7422,74,47,10,25,0
7423,74,53,8,7,1
7434,34,31,3,3,1
7435,67,46,3,15,1
7521,74,49,1,8,1
7567,5,26,2,14,0
7576,38,51,6,9,0
7586,56,62,0,27,1
7594,64,38,3,6,1
7614,64,66,2,4,0
7632,1,37,0,10,0
7672,26,42,3,4,0
7678,3,51,3,6,0
7683,12,35,3,0,0
7723,48,55,5,13,1
7724,48,57,1,22,0
7727,31,47,5,12,1
7753,70,67,8,22,1
7765,1,47,1,23,1
7772,1,65,11,29,1
7787,34,40,6,9,0
7796,50,64,8,26,1
7797,50,59,6,29,0
7800,16,46,7,29,1
7814,61,65,0,5,1
7815,4,35,0,18,1
7843,6,55,4,10,0
7855,7,53,0,29,1
7862,74,54,9,16,0
7863,72,48,2,11,0
7864,34,24,11,13,0
7914,38,55,9,23,1
7959,1,67,5,28,1
7970,74,56,10,19,0
7980,16,65,7,7,0
8013,43,31,5,21,0
8030,1,56,6,18,0
8064,54,55,10,28,1
8074,61,47,9,6,0
8076,16,39,6,26,1
8089,35,54,3,5,0
8091,5,60,1,9,0
8096,38,68,10,1,1
8105,72,52,2,11,0
8130,62,65,4,7,1
8200,1,33,4,30,1
8217,69,67,7,1,0
8276,43,68,5,7,1
8287,14,25,8,25,0
8295,15,40,0,22,1
8327,48,34,7,30,1
8333,60,55,1,0,0
8342,76,68,6,29,0
8356,3,58,8,3,0
8359,74,68,11,5,0
8362,74,64,8,14,1
8366,41,49,4,20,1
8392,36,55,4,7,1
8393,36,55,4,5,0
8432,38,57,0,5,1
8433,38,50,8,10,0
8463,75,36,8,3,0
8489,75,41,11,26,1
8502,51,32,3,18,0
8506,69,68,11,24,1
8510,55,36,4,23,0
8548,57,34,4,9,1
8568,1,60,11,2,1
8571,54,24,9,25,0
8598,46,46,11,30,1
8610,55,37,4,1,1
8611,55,37,9,25,0
8615,12,28,3,12,1
8636,71,30,10,11,1
8661,1,43,4,10,1
8666,7,60,7,27,1
8667,77,56,1,11,1
8670,5,32,0,6,1
8677,49,44,7,13,0
8678,49,51,6,11,1
8692,71,42,6,6,1
8726,10,42,7,9,0
8737,17,37,3,10,1
8738,17,37,6,9,0
8764,70,29,6,6,1
8777,11,42,3,10,1
9173,1,34,1,3,0
9174,1,29,9,8,1
9196,21,28,3,22,1
9202,68,51,1,8,0
9217,19,29,0,29,1
9226,64,28,11,24,1
9231,29,61,8,23,1
9236,31,45,4,6,1
9250,1,52,0,13,0
9273,39,44,7,25,1
9274,39,47,3,4,0
9276,4,35,10,5,0
9313,9,49,3,16,1
9316,63,47,9,25,1
9340,54,56,7,21,0
9346,43,61,11,9,0
9362,56,62,6,18,1
9366,72,64,5,25,0
9370,59,64,11,19,0
9403,16,63,2,21,0
9417,21,38,2,7,0
9418,1,39,3,9,0
9419,1,39,10,8,1
9427,62,59,10,8,1
9428,62,54,4,8,0
9433,72,34,2,21,1
9450,68,32,9,10,1
9451,68,31,4,4,0
9456,40,30,11,6,1
9457,46,67,8,25,0
9458,46,62,10,20,1
9505,1,47,7,20,0
9546,50,44,10,1,1
9555,13,36,4,14,1
9569,19,39,6,17,1
9582,2,31,3,13,1
9593,74,57,0,27,1
9606,52,38,1,15,0
9611,23,47,4,26,0
9616,74,51,8,18,0
9641,64,34,0,25,0
9642,64,26,8,2,1
9663,19,34,8,23,0
9664,19,33,10,12,1
9670,38,37,4,3,0
9675,60,59,1,18,1
9680,36,66,7,20,0
9702,33,40,10,15,1
9715,35,66,10,29,1
9717,52,41,10,9,1
9718,52,48,1,2,0
9721,34,43,11,4,0
9755,23,40,5,4,1
9760,27,58,1,16,0
9775,70,49,5,22,0
9776,70,50,2,4,1
9798,69,39,2,1,1
9820,59,57,0,20,1
9833,51,53,8,20,0
9834,51,49,2,16,1
9844,55,34,7,2,0
9845,55,32,5,14,1
9846,54,56,6,0,1
9872,9,56,2,16,1
9880,10,59,11,9,1
9914,36,31,11,7,0
9915,27,56,6,9,0
9929,47,56,6,18,1
9930,9,61,5,22,0
9933,74,30,9,14,0
9945,31,57,3,13,1
9946,31,49,3,19,0
9973,24,34,9,2,1
9987,73,39,5,18,1
9995,54,47,6,6,0
9997,67,51,5,6,0
10023,59,62,2,19,1
10040,37,57,9,29,1
10041,37,57,3,16,0
10043,45,54,9,28,0
10046,5,35,8,16,1
10066,64,52,4,22,1
10070,9,63,3,22,0
10075,48,53,6,0,0
10076,26,58,11,24,1
10077,26,62,5,26,0
10090,29,69,2,13,1
10095,1,65,1,5,1
10096,1,67,0,4,0
10145,4,54,6,24,1
10159,50,27,0,5,0
10198,31,65,4,23,0
10199,31,68,7,12,1
10200,13,69,1,15,1
10201,13,74,9,18,0
10209,59,64,9,26,0
10269,70,29,4,10,1
10273,51,47,8,26,1
10274,51,45,9,10,0
10275,77,59,0,24,1
10276,77,65,10,15,0
10282,1,68,5,18,0
10287,48,51,8,2,1
10288,48,48,5,6,0
10303,64,51,3,4,0
10350,29,50,8,13,1
10351,29,47,10,9,0
10355,14,65,6,9,1
10382,20,54,1,16,1
10389,20,32,7,14,1
10459,17,53,7,8,1
10475,51,37,7,27,1
10476,51,39,11,3,0
10479,2,44,9,19,1
10492,70,26,10,10,0
10510,23,34,0,25,1
10511,23,39,0,14,0
10517,54,69,8,11,1
10528,47,41,1,15,1
10543,14,34,1,22,1
10555,1,24,11,14,0
10563,68,38,0,6,0
10564,68,43,2,18,1
10566,74,31,10,8,1
10636,64,60,7,2,0
10639,2,43,0,28,0
10654,46,51,6,15,1
10662,60,38,7,24,1
10702,17,27,4,2,0
10703,17,32,3,27,1
10714,66,35,2,30,1
10746,53,60,7,3,0
10777,70,69,0,26,1
10778,70,65,2,18,0
10798,1,69,2,22,1
10813,1,68,4,12,1
10818,64,61,7,3,0
10828,1,46,10,22,1
10912,15,52,0,8,0
10960,28,31,1,19,0
10963,1,33,5,14,0
10987,62,50,9,2,1
10988,62,53,5,12,0
10997,1,61,1,5,1
10998,1,56,11,18,0
11004,63,36,10,15,0
11008,51,58,4,18,1
11034,1,61,1,18,0
11050,70,46,4,3,1
11063,64,44,10,3,1
11064,64,42,6,8,0
11083,61,42,9,16,0
11093,40,48,0,28,0
11105,70,46,1,0,1
11114,1,41,6,25,0
11121,72,60,3,9,1
11122,72,68,5,9,0
11123,47,37,0,28,0
11126,1,54,0,21,1
11130,1,50,3,7,1
11131,1,46,6,25,0
11136,3,33,6,26,1
11147,5,61,6,11,1
11149,43,54,6,13,0
11195,58,42,11,4,0
11208,10,46,2,4,1
11250,26,35,8,22,1
11252,32,54,11,7,1
11266,9,27,8,24,0
11267,9,25,7,25,1
11271,18,26,11,7,0
11274,64,58,3,13,0
11275,64,52,3,17,1
11286,56,29,10,26,1
11304,28,49,9,19,1
11314,45,25,5,1,0
11319,1,31,3,13,1
11327,72,36,9,20,0
11329,69,50,0,30,1
11331,70,33,11,13,1
11337,29,58,3,2,0
11359,11,61,7,19,0
11360,11,61,3,18,1
11362,51,55,0,10,1
11371,37,30,10,3,1
11372,11,50,8,27,0
11379,74,41,4,27,0
11380,74,40,3,5,1
11381,57,68,6,25,1
11405,68,53,6,28,1
11406,68,59,10,14,0
11409,32,69,4,1,1
11461,70,63,6,7,0
11491,36,47,4,15,1
11497,11,48,6,16,1
11516,59,27,10,8,0
11517,59,29,4,20,1
11545,1,55,0,21,1
11574,1,33,3,19,1
11596,70,29,11,3,1
11598,54,66,8,22,1
11609,59,46,1,10,0
11637,73,40,5,11,0
11638,73,43,7,23,1
11662,76,61,3,2,0
11676,5,32,2,11,1
11683,7,69,0,27,0
11685,64,54,6,22,1
11686,21,37,9,17,1
11687,21,34,0,22,0
11701,9,38,3,13,0
11709,1,50,7,2,0
11710,1,56,5,18,1
11713,59,40,3,10,1
11714,59,34,6,3,0
11732,19,46,4,19,1
11754,62,55,10,2,0
11755,4,34,6,15,1
11768,1,60,8,11,1
11794,31,59,9,6,1
11795,31,66,1,22,0
11804,74,33,11,11,0
11851,65,59,3,1,0
11855,11,46,11,0,0
11857,70,41,7,25,0
11860,70,14,7,29,1
11866,1,26,8,1,0
11867,1,23,10,18,1
11873,38,52,10,19,1
11874,1,58,0,18,0
11875,1,56,5,22,1
11886,61,30,8,12,1
11906,76,33,11,2,0
11907,76,34,10,15,1
11911,8,28,9,23,0
11943,1,50,6,8,0
11947,70,53,4,28,0
11976,54,28,9,26,1
11977,54,33,6,0,0
11978,54,60,9,8,0
11979,54,66,11,8,1
12003,74,65,5,22,0
12050,52,32,4,29,0
12051,52,25,8,29,1
12079,64,61,7,11,1
12092,68,66,4,14,0
12095,47,28,1,26,0
12102,21,57,8,6,1
12133,27,53,5,25,1
12144,2,69,10,22,0
12145,2,71,5,24,1
12163,1,43,5,15,0
12181,1,50,7,18,0
12220,60,60,10,11,1
12221,60,60,1,23,0
12303,24,63,3,4,1
12308,64,67,10,28,0
12324,8,67,2,5,0
12325,8,53,9,29,0
12328,1,33,3,7,1
12344,26,29,5,19,1
12358,17,32,6,4,0
12359,17,24,9,12,1
12376,4,48,1,16,0
12378,76,35,7,26,1
12382,1,44,10,28,0
12383,1,52,4,12,1
12396,62,59,0,16,1
12397,62,62,5,1,0
12416,1,62,4,29,0
12417,1,63,0,2,1
12432,55,54,2,6,0
12464,39,48,11,16,0
12468,22,58,6,3,0
12485,34,54,3,9,1
12490,34,69,7,13,0
12547,70,52,9,12,1
12561,38,55,5,19,0
12568,44,45,2,0,1
12577,62,39,4,4,1
12586,27,36,0,29,0
12599,44,45,0,0,0
12616,27,54,0,25,1
12625,54,47,11,6,0
12643,69,51,6,19,1
12662,14,42,5,0,0
12695,68,68,2,15,0
12726,8,34,7,8,1
12729,36,57,2,20,0
12730,36,53,8,28,1
12738,23,49,9,28,1
12739,23,47,0,16,0
12750,21,29,4,24,1
12754,55,49,7,19,0
12755,55,48,10,0,1
12756,22,38,0,20,1
12802,1,58,7,11,0
12810,39,53,9,13,0
12840,60,28,6,26,0
12843,66,42,4,4,0
12844,45,35,9,14,0
12850,72,44,7,25,0
12851,72,46,8,26,1
12859,1,65,4,20,1
12890,70,47,0,19,1
12908,12,30,2,11,0
12943,55,59,9,11,0
12986,40,62,4,7,1
12991,51,36,0,15,0
13044,52,65,2,0,0
13051,55,54,0,12,0
13071,41,45,1,17,0
13089,16,68,1,13,1
13090,2,69,3,17,1
13095,76,39,2,15,0
13098,1,67,11,14,1
13102,8,38,3,14,0
13113,11,65,10,24,0
13123,56,67,1,16,1
13134,1,51,10,2,1
13151,73,47,11,21,0
13171,19,39,5,25,1
13172,36,27,9,18,0
13190,71,45,10,27,0
13201,31,26,4,16,0
13231,1,48,6,0,0
13246,46,31,0,12,1
13260,72,66,4,26,1
13261,75,33,7,0,0
13262,75,27,1,8,1
13276,76,66,0,19,0
13285,34,24,11,24,0
13290,16,30,5,22,0
13291,16,29,10,12,1
13346,50,45,3,14,0
13380,65,31,8,17,0
13404,48,55,8,24,0
13405,32,47,7,12,0
13406,42,67,3,17,1
13412,1,43,2,19,0
13417,25,40,10,16,1
13447,13,59,4,4,1
13448,13,57,6,7,0
13451,44,44,10,17,1
13468,25,49,9,30,0
13469,25,44,11,7,1
13480,16,42,5,0,0
13490,18,58,4,24,1
13539,63,67,8,6,0
13548,1,65,2,17,0
13556,32,47,6,18,0
13576,72,63,6,6,0
13588,46,63,0,28,0
13590,59,66,7,2,0
13603,46,30,6,27,0
13608,37,52,4,14,1
13620,16,59,6,25,0
13640,28,44,5,8,1
13657,59,52,4,11,1
13658,59,46,3,22,0
13673,39,60,1,19,0
13687,75,48,4,22,0
13690,70,52,4,15,0
13694,1,65,0,19,1
13750,12,69,10,12,1
13751,12,68,6,19,0
13803,1,36,10,13,0
13820,33,37,6,30,1
13845,15,62,1,15,0
13852,5,61,0,25,0
13886,44,43,3,11,1
13912,50,64,10,19,0
13915,77,63,10,22,0
13921,62,59,11,19,1
13923,7,68,1,21,1
13924,54,41,8,8,1
13931,8,31,0,0,0
13955,1,34,9,29,1
13956,1,32,3,5,0
13968,61,57,3,12,0
13971,67,51,9,18,1
13998,74,42,7,11,1
