disp_id,client_id,account_id,disp_type
1,1,1,1
2,2,2,1
3,3,2,0
4,4,3,1
5,5,3,0
6,6,4,1
7,7,5,1
8,8,6,1
9,9,7,1
10,10,8,1
11,11,8,0
12,12,9,1
13,13,10,1
14,14,11,1
15,15,12,1
16,16,12,0
17,17,13,1
18,18,13,0
19,19,14,1
20,20,15,1
21,21,16,1
22,22,17,1
23,23,17,0
24,24,18,1
25,25,19,1
26,26,20,1
27,27,21,1
28,28,22,1
29,29,23,1
30,30,24,1
31,31,25,1
32,32,26,1
33,33,27,1
36,36,29,1
37,37,29,0
38,38,30,1
39,39,31,1
40,40,32,1
41,41,33,1
42,42,34,1
43,43,35,1
44,44,36,1
45,45,37,1
46,46,38,1
47,47,39,1
48,48,40,1
49,49,41,1
50,50,42,1
51,51,43,1
52,52,44,1
53,53,45,1
55,55,47,1
56,56,48,1
57,57,48,0
58,58,49,1
59,59,50,1
60,60,51,1
61,61,52,1
62,62,53,1
63,63,54,1
64,64,55,1
65,65,56,1
66,66,57,1
67,67,58,1
68,68,59,1
70,70,61,1
71,71,61,0
72,72,62,1
73,73,63,1
74,74,63,0
75,75,64,1
76,76,65,1
77,77,66,1
78,78,67,1
79,79,68,1
80,80,69,1
81,81,70,1
82,82,70,0
83,83,71,1
84,84,71,0
85,85,72,1
86,86,72,0
87,87,73,1
89,89,75,1
90,90,76,1
91,91,77,1
92,92,78,1
93,93,79,1
94,94,80,1
95,95,80,0
96,96,81,1
97,97,82,1
98,98,83,1
99,99,83,0
100,100,84,1
101,101,85,1
102,102,86,1
103,103,86,0
105,105,88,1
106,106,89,1
107,107,90,1
108,108,91,1
110,110,93,1
112,112,95,1
113,113,95,0
114,114,96,1
115,115,96,0
116,116,97,1
117,117,97,0
118,118,98,1
119,119,98,0
120,120,99,1
121,121,100,1
122,122,101,1
123,123,102,1
124,124,103,1
125,125,104,1
126,126,104,0
127,127,105,1
128,128,106,1
129,129,107,1
130,130,108,1
131,131,109,1
132,132,110,1
134,134,112,1
135,135,112,0
136,136,113,1
137,137,114,1
138,138,115,1
139,139,116,1
140,140,116,0
141,141,117,1
142,142,118,1
143,143,119,1
144,144,120,1
145,145,121,1
146,146,122,1
147,147,123,1
148,148,123,0
149,149,124,1
150,150,125,1
151,151,126,1
152,152,127,1
153,153,128,1
154,154,129,1
155,155,129,0
156,156,130,1
157,157,131,1
158,158,132,1
159,159,132,0
160,160,133,1
161,161,134,1
162,162,135,1
163,163,136,1
164,164,137,1
165,165,138,1
166,166,138,0
167,167,139,1
168,168,140,1
169,169,141,1
170,170,141,0
171,171,142,1
172,172,142,0
173,173,143,1
174,174,144,1
175,175,145,1
176,176,146,1
178,178,148,1
179,179,149,1
180,180,150,1
181,181,151,1
182,182,151,0
183,183,152,1
184,184,152,0
185,185,153,1
186,186,154,1
187,187,155,1
188,188,156,1
189,189,157,1
190,190,158,1
191,191,158,0
192,192,159,1
193,193,160,1
194,194,161,1
195,195,162,1
196,196,162,0
197,197,163,1
198,198,164,1
199,199,165,1
200,200,165,0
201,201,166,1
202,202,167,1
203,203,168,1
204,204,168,0
205,205,169,1
206,206,170,1
207,207,171,1
208,208,172,1
209,209,172,0
210,210,173,1
211,211,173,0
212,212,174,1
215,215,176,1
216,216,177,1
217,217,178,1
218,218,179,1
219,219,180,1
221,221,181,1
222,222,182,1
223,223,183,1
224,224,184,1
225,225,185,1
226,226,186,1
227,227,187,1
228,228,188,1
229,229,189,1
230,230,190,1
231,231,191,1
232,232,192,1
233,233,193,1
234,234,193,0
235,235,194,1
236,236,195,1
237,237,195,0
238,238,196,1
239,239,197,1
240,240,198,1
241,241,199,1
242,242,200,1
243,243,201,1
246,246,204,1
247,247,205,1
248,248,206,1
249,249,206,0
250,250,207,1
251,251,208,1
252,252,209,1
253,253,210,1
254,254,211,1
255,255,212,1
256,256,213,1
257,257,214,1
258,258,214,0
259,259,215,1
260,260,215,0
261,261,216,1
262,262,217,1
263,263,218,1
264,264,219,1
265,265,220,1
266,266,221,1
267,267,222,1
268,268,223,1
269,269,224,1
270,270,225,1
271,271,225,0
272,272,226,1
273,273,227,1
274,274,228,1
275,275,229,1
276,276,230,1
277,277,230,0
278,278,231,1
279,279,231,0
280,280,232,1
282,282,234,1
283,283,234,0
284,284,235,1
285,285,236,1
286,286,236,0
287,287,237,1
288,288,238,1
289,289,239,1
290,290,240,1
291,291,240,0
292,292,241,1
293,293,242,1
294,294,243,1
295,295,244,1
296,296,245,1
297,297,246,1
298,298,246,0
300,300,248,1
301,301,249,1
302,302,250,1
303,303,251,1
304,304,252,1
305,305,253,1
308,308,255,1
309,309,256,1
310,310,257,1
311,311,258,1
312,312,259,1
313,313,260,1
314,314,260,0
315,315,261,1
316,316,262,1
317,317,263,1
318,318,264,1
319,319,265,1
320,320,265,0
321,321,266,1
322,322,267,1
323,323,267,0
324,324,268,1
325,325,269,1
326,326,270,1
327,327,270,0
328,328,271,1
329,329,272,1
330,330,273,1
331,331,274,1
332,332,275,1
333,333,276,1
334,334,277,1
335,335,278,1
336,336,279,1
337,337,279,0
338,338,280,1
339,339,281,1
340,340,281,0
341,341,282,1
342,342,282,0
343,343,283,1
344,344,284,1
345,345,285,1
346,346,285,0
347,347,286,1
348,348,286,0
349,349,287,1
350,350,288,1
351,351,289,1
352,352,290,1
353,353,291,1
354,354,292,1
355,355,292,0
356,356,293,1
357,357,293,0
358,358,294,1
359,359,295,1
360,360,296,1
361,361,297,1
362,362,298,1
363,363,298,0
364,364,299,1
365,365,300,1
366,366,300,0
367,367,301,1
368,368,301,0
369,369,302,1
370,370,303,1
371,371,304,1
372,372,305,1
373,373,306,1
374,374,307,1
375,375,308,1
376,376,309,1
378,378,311,1
379,379,311,0
380,380,312,1
381,381,313,1
382,382,313,0
383,383,314,1
384,384,314,0
385,385,315,1
386,386,316,1
387,387,317,1
388,388,318,1
389,389,319,1
390,390,320,1
391,391,321,1
392,392,322,1
393,393,322,0
394,394,323,1
395,395,323,0
396,396,324,1
397,397,325,1
398,398,326,1
399,399,327,1
400,400,328,1
401,401,328,0
402,402,329,1
403,403,330,1
404,404,330,0
405,405,331,1
406,406,332,1
407,407,333,1
408,408,334,1
409,409,335,1
410,410,336,1
411,411,337,1
412,412,337,0
413,413,338,1
414,414,339,1
415,415,339,0
416,416,340,1
417,417,340,0
418,418,341,1
419,419,342,1
420,420,343,1
421,421,344,1
422,422,345,1
423,423,346,1
424,424,347,1
425,425,348,1
426,426,349,1
427,427,349,0
428,428,350,1
429,429,351,1
430,430,352,1
431,431,353,1
432,432,354,1
433,433,355,1
434,434,356,1
435,435,357,1
436,436,358,1
437,437,359,1
438,438,360,1
439,439,361,1
440,440,362,1
441,441,363,1
442,442,364,1
443,443,364,0
444,444,365,1
445,445,366,1
446,446,366,0
447,447,367,1
448,448,368,1
450,450,370,1
451,451,371,1
452,452,372,1
453,453,373,1
454,454,374,1
455,455,375,1
456,456,376,1
457,457,377,1
458,458,378,1
459,459,379,1
461,461,381,1
462,462,382,1
463,463,383,1
464,464,384,1
465,465,385,1
466,466,386,1
467,467,386,0
468,468,387,1
469,469,388,1
470,470,389,1
471,471,390,1
472,472,391,1
473,473,392,1
474,474,393,1
476,476,395,1
477,477,395,0
478,478,396,1
479,479,397,1
480,480,397,0
481,481,398,1
482,482,398,0
483,483,399,1
484,484,400,1
485,485,401,1
486,486,402,1
487,487,403,1
488,488,403,0
489,489,404,1
490,490,405,1
491,491,406,1
492,492,407,1
493,493,408,1
494,494,409,1
495,495,410,1
496,496,411,1
497,497,412,1
498,498,412,0
499,499,413,1
500,500,414,1
501,501,415,1
502,502,416,1
503,503,417,1
504,504,418,1
505,505,419,1
506,506,420,1
507,507,421,1
508,508,422,1
509,509,423,1
510,510,424,1
511,511,425,1
512,512,426,1
513,513,427,1
514,514,427,0
515,515,428,1
516,516,428,0
517,517,429,1
518,518,430,1
519,519,431,1
520,520,432,1
521,521,433,1
522,522,434,1
523,523,435,1
524,524,436,1
525,525,436,0
526,526,437,1
527,527,437,0
528,528,438,1
529,529,439,1
530,530,440,1
531,531,441,1
532,532,441,0
533,533,442,1
534,534,443,1
535,535,444,1
536,536,445,1
537,537,446,1
538,538,447,1
540,540,449,1
541,541,449,0
542,542,450,1
543,543,451,1
544,544,452,1
545,545,453,1
546,546,454,1
547,547,455,1
548,548,456,1
550,550,458,1
551,551,459,1
552,552,460,1
553,553,460,0
554,554,461,1
555,555,461,0
556,556,462,1
557,557,463,1
558,558,464,1
559,559,465,1
560,560,466,1
561,561,467,1
562,562,468,1
563,563,469,1
564,564,469,0
565,565,470,1
566,566,471,1
567,567,471,0
568,568,472,1
569,569,473,1
570,570,474,1
571,571,475,1
572,572,475,0
573,573,476,1
574,574,477,1
575,575,478,1
576,576,478,0
577,577,479,1
578,578,480,1
579,579,481,1
581,581,483,1
582,582,484,1
583,583,485,1
584,584,486,1
585,585,487,1
586,586,487,0
587,587,488,1
588,588,489,1
589,589,490,1
590,590,491,1
591,591,492,1
592,592,493,1
593,593,494,1
596,596,496,1
597,597,497,1
598,598,498,1
599,599,498,0
601,601,500,1
602,602,500,0
603,603,501,1
604,604,502,1
605,605,503,1
606,606,504,1
607,607,505,1
608,608,506,1
609,609,507,1
610,610,508,1
611,611,509,1
612,612,509,0
613,613,510,1
614,614,511,1
615,615,512,1
616,616,513,1
617,617,514,1
618,618,515,1
619,619,516,1
620,620,516,0
621,621,517,1
622,622,518,1
623,623,519,1
624,624,519,0
625,625,520,1
626,626,521,1
627,627,522,1
628,628,522,0
629,629,523,1
630,630,524,1
631,631,525,1
632,632,526,1
633,633,526,0
635,635,528,1
636,636,528,0
637,637,529,1
638,638,530,1
639,639,531,1
640,640,532,1
641,641,533,1
642,642,533,0
643,643,534,1
644,644,535,1
645,645,536,1
646,646,537,1
647,647,537,0
648,648,538,1
649,649,539,1
651,651,540,1
652,652,541,1
653,653,542,1
654,654,543,1
655,655,544,1
656,656,545,1
657,657,546,1
658,658,546,0
659,659,547,1
660,660,548,1
661,661,548,0
662,662,549,1
663,663,550,1
664,664,551,1
665,665,552,1
666,666,553,1
667,667,554,1
668,668,555,1
669,669,556,1
670,670,557,1
671,671,558,1
672,672,559,1
673,673,560,1
674,674,561,1
675,675,562,1
676,676,563,1
677,677,564,1
678,678,565,1
679,679,566,1
680,680,566,0
681,681,567,1
682,682,568,1
683,683,569,1
684,684,570,1
685,685,571,1
686,686,572,1
687,687,572,0
688,688,573,1
689,689,574,1
690,690,575,1
691,691,575,0
692,692,576,1
693,693,576,0
694,694,577,1
695,695,578,1
696,696,578,0
697,697,579,1
698,698,580,1
699,699,581,1
700,700,582,1
702,702,584,1
703,703,585,1
704,704,586,1
705,705,587,1
706,706,588,1
707,707,589,1
708,708,590,1
709,709,591,1
710,710,592,1
711,711,593,1
712,712,594,1
713,713,595,1
714,714,596,1
715,715,597,1
716,716,598,1
717,717,599,1
718,718,599,0
719,719,600,1
720,720,601,1
721,721,602,1
722,722,603,1
723,723,604,1
724,724,605,1
725,725,606,1
726,726,607,1
727,727,608,1
728,728,608,0
729,729,609,1
730,730,609,0
731,731,610,1
732,732,610,0
733,733,611,1
734,734,611,0
735,735,612,1
736,736,612,0
737,737,613,1
738,738,614,1
739,739,615,1
740,740,616,1
741,741,617,1
742,742,618,1
743,743,619,1
744,744,620,1
745,745,621,1
746,746,621,0
747,747,622,1
748,748,623,1
749,749,623,0
750,750,624,1
751,751,625,1
752,752,626,1
753,753,626,0
754,754,627,1
755,755,628,1
756,756,629,1
757,757,630,1
758,758,631,1
759,759,632,1
760,760,633,1
762,762,635,1
763,763,636,1
764,764,637,1
765,765,638,1
766,766,639,1
767,767,639,0
768,768,640,1
769,769,641,1
772,772,643,1
773,773,644,1
774,774,645,1
775,775,646,1
776,776,647,1
777,777,647,0
778,778,648,1
779,779,649,1
780,780,650,1
781,781,651,1
782,782,652,1
783,783,653,1
784,784,653,0
785,785,654,1
786,786,655,1
787,787,656,1
788,788,657,1
789,789,658,1
790,790,659,1
791,791,660,1
793,793,662,1
794,794,662,0
796,796,664,1
797,797,665,1
798,798,666,1
799,799,666,0
803,803,669,1
804,804,669,0
806,806,671,1
807,807,672,1
808,808,673,1
809,809,674,1
810,810,675,1
811,811,675,0
812,812,676,1
813,813,677,1
814,814,678,1
815,815,679,1
816,816,680,1
818,818,682,1
819,819,683,1
820,820,683,0
821,821,684,1
822,822,685,1
823,823,686,1
824,824,687,1
825,825,688,1
826,826,689,1
827,827,690,1
828,828,690,0
829,829,691,1
830,830,692,1
831,831,693,1
832,832,694,1
833,833,695,1
834,834,696,1
835,835,697,1
836,836,697,0
837,837,698,1
838,838,698,0
839,839,699,1
840,840,700,1
841,841,701,1
842,842,702,1
843,843,703,1
844,844,704,1
845,845,704,0
846,846,705,1
847,847,706,1
849,849,708,1
850,850,709,1
851,851,710,1
852,852,710,0
853,853,711,1
854,854,712,1
855,855,713,1
856,856,714,1
857,857,715,1
858,858,716,1
859,859,717,1
860,860,717,0
861,861,718,1
862,862,719,1
863,863,720,1
864,864,721,1
865,865,721,0
866,866,722,1
870,870,725,1
871,871,726,1
872,872,727,1
873,873,728,1
874,874,729,1
875,875,729,0
876,876,730,1
877,877,731,1
878,878,731,0
879,879,732,1
880,880,733,1
881,881,734,1
882,882,735,1
883,883,736,1
884,884,736,0
885,885,737,1
886,886,738,1
887,887,739,1
888,888,740,1
889,889,741,1
890,890,742,1
891,891,743,1
892,892,744,1
893,893,745,1
894,894,746,1
895,895,747,1
896,896,748,1
897,897,748,0
898,898,749,1
899,899,749,0
900,900,750,1
901,901,751,1
902,902,752,1
903,903,753,1
904,904,754,1
905,905,755,1
906,906,756,1
907,907,757,1
908,908,758,1
909,909,759,1
910,910,760,1
911,911,761,1
912,912,762,1
913,913,763,1
914,914,764,1
915,915,765,1
916,916,766,1
917,917,767,1
918,918,768,1
921,921,770,1
922,922,771,1
923,923,771,0
924,924,772,1
925,925,773,1
926,926,774,1
927,927,775,1
928,928,776,1
929,929,777,1
930,930,778,1
931,931,779,1
932,932,780,1
933,933,781,1
934,934,781,0
935,935,782,1
936,936,782,0
937,937,783,1
938,938,784,1
939,939,785,1
940,940,786,1
941,941,787,1
942,942,788,1
943,943,788,0
944,944,789,1
945,945,789,0
946,946,790,1
948,948,791,1
949,949,792,1
950,950,793,1
951,951,793,0
952,952,794,1
953,953,795,1
954,954,796,1
955,955,797,1
956,956,798,1
957,957,799,1
958,958,799,0
959,959,800,1
960,960,801,1
961,961,802,1
962,962,803,1
963,963,804,1
964,964,805,1
965,965,806,1
966,966,806,0
967,967,807,1
968,968,808,1
970,970,809,1
971,971,810,1
972,972,810,0
973,973,811,1
974,974,811,0
975,975,812,1
976,976,813,1
977,977,814,1
978,978,815,1
979,979,815,0
980,980,816,1
981,981,817,1
984,984,819,1
985,985,819,0
986,986,820,1
987,987,821,1
988,988,822,1
989,989,822,0
990,990,823,1
991,991,824,1
992,992,825,1
993,993,826,1
994,994,827,1
995,995,827,0
996,996,828,1
997,997,829,1
998,998,829,0
999,999,830,1
1000,1000,830,0
1001,1001,831,1
1002,1002,832,1
1003,1003,833,1
1004,1004,834,1
1006,1006,836,1
1007,1007,836,0
1008,1008,837,1
1009,1009,838,1
1010,1010,838,0
1011,1011,839,1
1012,1012,840,1
1013,1013,840,0
1014,1014,841,1
1015,1015,842,1
1016,1016,842,0
1017,1017,843,1
1018,1018,844,1
1019,1019,845,1
1020,1020,846,1
1021,1021,847,1
1022,1022,848,1
1023,1023,849,1
1024,1024,850,1
1025,1025,851,1
1026,1026,852,1
1027,1027,853,1
1028,1028,853,0
1029,1029,854,1
1030,1030,855,1
1031,1031,856,1
1032,1032,857,1
1033,1033,857,0
1034,1034,858,1
1035,1035,859,1
1036,1036,859,0
1037,1037,860,1
1038,1038,861,1
1039,1039,862,1
1040,1040,863,1
1041,1041,864,1
1042,1042,865,1
1043,1043,865,0
1044,1044,866,1
1045,1045,867,1
1046,1046,868,1
1047,1047,869,1
1048,1048,870,1
1049,1049,871,1
1050,1050,872,1
1051,1051,873,1
1052,1052,874,1
1053,1053,874,0
1054,1054,875,1
1055,1055,876,1
1056,1056,877,1
1057,1057,878,1
1058,1058,879,1
1059,1059,880,1
1060,1060,880,0
1062,1062,882,1
1063,1063,882,0
1064,1064,883,1
1065,1065,884,1
1066,1066,885,1
1067,1067,886,1
1068,1068,887,1
1069,1069,888,1
1070,1070,888,0
1071,1071,889,1
1072,1072,890,1
1073,1073,891,1
1074,1074,891,0
1075,1075,892,1
1076,1076,893,1
1077,1077,894,1
1078,1078,895,1
1079,1079,896,1
1080,1080,897,1
1081,1081,898,1
1082,1082,899,1
1083,1083,900,1
1084,1084,900,0
1085,1085,901,1
1086,1086,902,1
1087,1087,902,0
1088,1088,903,1
1089,1089,904,1
1090,1090,905,1
1091,1091,906,1
1092,1092,907,1
1093,1093,908,1
1094,1094,909,1
1095,1095,909,0
1096,1096,910,1
1097,1097,910,0
1098,1098,911,1
1099,1099,912,1
1100,1100,913,1
1101,1101,914,1
1102,1102,915,1
1103,1103,916,1
1104,1104,916,0
1105,1105,917,1
1106,1106,917,0
1107,1107,918,1
1108,1108,919,1
1109,1109,920,1
1110,1110,921,1
1111,1111,922,1
1112,1112,923,1
1113,1113,924,1
1114,1114,925,1
1115,1115,926,1
1116,1116,927,1
1117,1117,928,1
1118,1118,928,0
1119,1119,929,1
1120,1120,930,1
1121,1121,931,1
1122,1122,932,1
1123,1123,932,0
1124,1124,933,1
1125,1125,934,1
1126,1126,934,0
1127,1127,935,1
1128,1128,936,1
1129,1129,937,1
1130,1130,938,1
1131,1131,939,1
1132,1132,939,0
1133,1133,940,1
1134,1134,940,0
1135,1135,941,1
1136,1136,942,1
1137,1137,943,1
1138,1138,944,1
1139,1139,944,0
1140,1140,945,1
1141,1141,946,1
1142,1142,947,1
1143,1143,947,0
1145,1145,949,1
1146,1146,950,1
1147,1147,951,1
1148,1148,952,1
1149,1149,953,1
1150,1150,954,1
1151,1151,955,1
1152,1152,956,1
1153,1153,957,1
1154,1154,958,1
1155,1155,958,0
1156,1156,959,1
1157,1157,960,1
1158,1158,961,1
1159,1159,962,1
1160,1160,962,0
1161,1161,963,1
1162,1162,964,1
1163,1163,965,1
1164,1164,966,1
1165,1165,967,1
1166,1166,968,1
1167,1167,968,0
1168,1168,969,1
1169,1169,970,1
1170,1170,971,1
1171,1171,972,1
1172,1172,973,1
1173,1173,973,0
1174,1174,974,1
1175,1175,975,1
1176,1176,975,0
1177,1177,976,1
1178,1178,977,1
1179,1179,978,1
1180,1180,979,1
1181,1181,980,1
1182,1182,981,1
1183,1183,982,1
1186,1186,984,1
1187,1187,985,1
1188,1188,985,0
1189,1189,986,1
1190,1190,987,1
1191,1191,987,0
1192,1192,988,1
1193,1193,989,1
1194,1194,990,1
1195,1195,991,1
1196,1196,992,1
1197,1197,993,1
1198,1198,994,1
1199,1199,995,1
1200,1200,996,1
1201,1201,997,1
1202,1202,998,1
1204,1204,1000,1
1206,1206,1002,1
1207,1207,1003,1
1208,1208,1004,1
1209,1209,1005,1
1210,1210,1006,1
1211,1211,1007,1
1212,1212,1008,1
1213,1213,1009,1
1214,1214,1010,1
1215,1215,1011,1
1216,1216,1012,1
1217,1217,1013,1
1218,1218,1014,1
1219,1219,1015,1
1220,1220,1016,1
1221,1221,1017,1
1222,1222,1018,1
1223,1223,1019,1
1224,1224,1020,1
1225,1225,1021,1
1226,1226,1022,1
1227,1227,1022,0
1228,1228,1023,1
1229,1229,1024,1
1231,1231,1026,1
1232,1232,1026,0
1233,1233,1027,1
1234,1234,1028,1
1235,1235,1028,0
1236,1236,1029,1
1237,1237,1030,1
1238,1238,1031,1
1239,1239,1032,1
1240,1240,1033,1
1241,1241,1034,1
1242,1242,1035,1
1243,1243,1036,1
1244,1244,1037,1
1245,1245,1038,1
1246,1246,1039,1
1247,1247,1039,0
1248,1248,1040,1
1250,1250,1042,1
1251,1251,1043,1
1252,1252,1043,0
1253,1253,1044,1
1254,1254,1045,1
1255,1255,1046,1
1256,1256,1047,1
1257,1257,1048,1
1258,1258,1048,0
1259,1259,1049,1
1260,1260,1050,1
1261,1261,1050,0
1262,1262,1051,1
1263,1263,1051,0
1264,1264,1052,1
1265,1265,1053,1
1266,1266,1054,1
1267,1267,1055,1
1268,1268,1055,0
1269,1269,1056,1
1270,1270,1057,1
1271,1271,1058,1
1272,1272,1059,1
1273,1273,1060,1
1274,1274,1061,1
1275,1275,1062,1
1276,1276,1063,1
1277,1277,1064,1
1278,1278,1065,1
1279,1279,1066,1
1280,1280,1067,1
1281,1281,1067,0
1282,1282,1068,1
1283,1283,1069,1
1284,1284,1069,0
1285,1285,1070,1
1286,1286,1071,1
1287,1287,1072,1
1288,1288,1073,1
1289,1289,1074,1
1290,1290,1075,1
1291,1291,1076,1
1292,1292,1077,1
1293,1293,1078,1
1294,1294,1078,0
1295,1295,1079,1
1296,1296,1080,1
1297,1297,1081,1
1298,1298,1081,0
1299,1299,1082,1
1300,1300,1083,1
1303,1303,1085,1
1304,1304,1086,1
1305,1305,1087,1
1306,1306,1088,1
1307,1307,1089,1
1308,1308,1090,1
1309,1309,1091,1
1310,1310,1092,1
1311,1311,1093,1
1312,1312,1094,1
1313,1313,1095,1
1314,1314,1095,0
1315,1315,1096,1
1316,1316,1097,1
1317,1317,1097,0
1318,1318,1098,1
1321,1321,1100,1
1322,1322,1101,1
1323,1323,1102,1
1324,1324,1103,1
1325,1325,1104,1
1326,1326,1105,1
1327,1327,1106,1
1328,1328,1107,1
1329,1329,1108,1
1330,1330,1109,1
1331,1331,1110,1
1332,1332,1111,1
1333,1333,1112,1
1334,1334,1113,1
1335,1335,1114,1
1336,1336,1114,0
1337,1337,1115,1
1338,1338,1115,0
1339,1339,1116,1
1340,1340,1117,1
1341,1341,1118,1
1343,1343,1120,1
1344,1344,1120,0
1345,1345,1121,1
1346,1346,1122,1
1347,1347,1123,1
1348,1348,1123,0
1349,1349,1124,1
1350,1350,1125,1
1351,1351,1125,0
1352,1352,1126,1
1353,1353,1127,1
1354,1354,1128,1
1355,1355,1129,1
1356,1356,1130,1
1359,1359,1132,1
1360,1360,1132,0
1361,1361,1133,1
1362,1362,1133,0
1363,1363,1134,1
1364,1364,1135,1
1365,1365,1135,0
1366,1366,1136,1
1367,1367,1137,1
1368,1368,1137,0
1369,1369,1138,1
1370,1370,1139,1
1371,1371,1140,1
1372,1372,1141,1
1373,1373,1142,1
1375,1375,1144,1
1376,1376,1145,1
1377,1377,1145,0
1378,1378,1146,1
1379,1379,1146,0
1380,1380,1147,1
1382,1382,1149,1
1383,1383,1150,1
1384,1384,1151,1
1385,1385,1152,1
1386,1386,1152,0
1387,1387,1153,1
1388,1388,1154,1
1389,1389,1155,1
1390,1390,1156,1
1391,1391,1157,1
1392,1392,1158,1
1393,1393,1158,0
1394,1394,1159,1
1395,1395,1159,0
1396,1396,1160,1
1397,1397,1161,1
1401,1401,1164,1
1402,1402,1165,1
1403,1403,1165,0
1404,1404,1166,1
1406,1406,1168,1
1407,1407,1168,0
1408,1408,1169,1
1409,1409,1170,1
1410,1410,1171,1
1411,1411,1171,0
1412,1412,1172,1
1413,1413,1173,1
1414,1414,1174,1
1416,1416,1176,1
1417,1417,1177,1
1418,1418,1178,1
1419,1419,1179,1
1420,1420,1179,0
1421,1421,1180,1
1422,1422,1181,1
1423,1423,1181,0
1424,1424,1182,1
1425,1425,1183,1
1426,1426,1183,0
1427,1427,1184,1
1428,1428,1185,1
1429,1429,1185,0
1430,1430,1186,1
1431,1431,1187,1
1432,1432,1188,1
1433,1433,1189,1
1434,1434,1189,0
1435,1435,1190,1
1438,1438,1192,1
1439,1439,1193,1
1440,1440,1194,1
1441,1441,1195,1
1442,1442,1195,0
1443,1443,1196,1
1444,1444,1196,0
1445,1445,1197,1
1446,1446,1198,1
1447,1447,1198,0
1448,1448,1199,1
1449,1449,1200,1
1450,1450,1201,1
1452,1452,1203,1
1453,1453,1204,1
1454,1454,1205,1
1455,1455,1205,0
1456,1456,1206,1
1457,1457,1206,0
1458,1458,1207,1
1459,1459,1208,1
1460,1460,1209,1
1461,1461,1210,1
1462,1462,1211,1
1463,1463,1212,1
1464,1464,1213,1
1465,1465,1213,0
1466,1466,1214,1
1467,1467,1215,1
1468,1468,1216,1
1469,1469,1217,1
1470,1470,1218,1
1471,1471,1218,0
1472,1472,1219,1
1473,1473,1220,1
1474,1474,1221,1
1475,1475,1222,1
1476,1476,1223,1
1478,1478,1225,1
1479,1479,1226,1
1480,1480,1227,1
1481,1481,1228,1
1482,1482,1229,1
1483,1483,1230,1
1484,1484,1230,0
1485,1485,1231,1
1486,1486,1231,0
1487,1487,1232,1
1488,1488,1233,1
1489,1489,1234,1
1490,1490,1235,1
1491,1491,1236,1
1492,1492,1237,1
1493,1493,1238,1
1494,1494,1238,0
1495,1495,1239,1
1496,1496,1240,1
1497,1497,1241,1
1498,1498,1241,0
1499,1499,1242,1
1500,1500,1243,1
1501,1501,1244,1
1502,1502,1245,1
1503,1503,1246,1
1504,1504,1246,0
1505,1505,1247,1
1506,1506,1248,1
1507,1507,1248,0
1508,1508,1249,1
1509,1509,1250,1
1510,1510,1251,1
1511,1511,1252,1
1512,1512,1253,1
1513,1513,1254,1
1514,1514,1255,1
1516,1516,1256,1
1517,1517,1257,1
1518,1518,1258,1
1519,1519,1258,0
1520,1520,1259,1
1521,1521,1260,1
1522,1522,1261,1
1523,1523,1262,1
1524,1524,1263,1
1525,1525,1264,1
1526,1526,1264,0
1527,1527,1265,1
1528,1528,1266,1
1529,1529,1267,1
1530,1530,1268,1
1531,1531,1269,1
1532,1532,1269,0
1533,1533,1270,1
1534,1534,1271,1
1535,1535,1272,1
1536,1536,1273,1
1537,1537,1274,1
1539,1539,1275,1
1540,1540,1276,1
1541,1541,1276,0
1542,1542,1277,1
1543,1543,1277,0
1546,1546,1279,1
1547,1547,1279,0
1548,1548,1280,1
1549,1549,1280,0
1550,1550,1281,1
1554,1554,1284,1
1555,1555,1285,1
1556,1556,1286,1
1557,1557,1287,1
1558,1558,1288,1
1559,1559,1289,1
1561,1561,1291,1
1562,1562,1291,0
1563,1563,1292,1
1564,1564,1293,1
1565,1565,1294,1
1566,1566,1295,1
1567,1567,1296,1
1568,1568,1296,0
1569,1569,1297,1
1570,1570,1297,0
1571,1571,1298,1
1572,1572,1299,1
1574,1574,1301,1
1575,1575,1302,1
1576,1576,1302,0
1577,1577,1303,1
1578,1578,1304,1
1579,1579,1305,1
1580,1580,1306,1
1581,1581,1307,1
1582,1582,1308,1
1583,1583,1309,1
1584,1584,1310,1
1585,1585,1311,1
1586,1586,1311,0
1587,1587,1312,1
1588,1588,1313,1
1589,1589,1314,1
1590,1590,1315,1
1591,1591,1316,1
1592,1592,1317,1
1593,1593,1317,0
1594,1594,1318,1
1595,1595,1319,1
1596,1596,1320,1
1597,1597,1321,1
1598,1598,1322,1
1599,1599,1323,1
1600,1600,1323,0
1601,1601,1324,1
1602,1602,1324,0
1603,1603,1325,1
1604,1604,1325,0
1605,1605,1326,1
1606,1606,1327,1
1607,1607,1328,1
1608,1608,1329,1
1609,1609,1329,0
1610,1610,1330,1
1611,1611,1331,1
1612,1612,1331,0
1613,1613,1332,1
1614,1614,1333,1
1615,1615,1334,1
1616,1616,1335,1
1617,1617,1336,1
1618,1618,1337,1
1619,1619,1338,1
1620,1620,1338,0
1621,1621,1339,1
1622,1622,1340,1
1623,1623,1341,1
1624,1624,1342,1
1625,1625,1342,0
1628,1628,1344,1
1629,1629,1345,1
1630,1630,1345,0
1631,1631,1346,1
1632,1632,1347,1
1633,1633,1348,1
1634,1634,1348,0
1635,1635,1349,1
1636,1636,1349,0
1637,1637,1350,1
1638,1638,1351,1
1639,1639,1352,1
1640,1640,1353,1
1641,1641,1354,1
1642,1642,1355,1
1643,1643,1356,1
1644,1644,1357,1
1645,1645,1358,1
1646,1646,1359,1
1647,1647,1360,1
1648,1648,1361,1
1649,1649,1361,0
1650,1650,1362,1
1651,1651,1363,1
1653,1653,1365,1
1654,1654,1366,1
1655,1655,1367,1
1656,1656,1368,1
1657,1657,1369,1
1658,1658,1370,1
1659,1659,1371,1
1660,1660,1372,1
1661,1661,1373,1
1662,1662,1374,1
1663,1663,1375,1
1664,1664,1376,1
1665,1665,1376,0
1666,1666,1377,1
1667,1667,1377,0
1668,1668,1378,1
1669,1669,1379,1
1670,1670,1380,1
1671,1671,1381,1
1672,1672,1381,0
1673,1673,1382,1
1674,1674,1383,1
1675,1675,1384,1
1676,1676,1385,1
1677,1677,1385,0
1679,1679,1387,1
1680,1680,1388,1
1681,1681,1389,1
1682,1682,1390,1
1683,1683,1391,1
1684,1684,1391,0
1685,1685,1392,1
1686,1686,1393,1
1687,1687,1393,0
1688,1688,1394,1
1689,1689,1395,1
1690,1690,1396,1
1691,1691,1397,1
1692,1692,1398,1
1693,1693,1399,1
1694,1694,1399,0
1696,1696,1401,1
1697,1697,1402,1
1698,1698,1402,0
1699,1699,1403,1
1700,1700,1404,1
1701,1701,1404,0
1702,1702,1405,1
1703,1703,1406,1
1704,1704,1406,0
1705,1705,1407,1
1706,1706,1407,0
1707,1707,1408,1
1709,1709,1410,1
1710,1710,1411,1
1711,1711,1412,1
1712,1712,1412,0
1713,1713,1413,1
1714,1714,1414,1
1717,1717,1416,1
1718,1718,1417,1
1719,1719,1418,1
1720,1720,1419,1
1721,1721,1419,0
1722,1722,1420,1
1723,1723,1421,1
1724,1724,1422,1
1725,1725,1423,1
1726,1726,1423,0
1727,1727,1424,1
1728,1728,1424,0
1729,1729,1425,1
1730,1730,1426,1
1731,1731,1427,1
1733,1733,1429,1
1734,1734,1430,1
1735,1735,1430,0
1736,1736,1431,1
1737,1737,1432,1
1738,1738,1432,0
1741,1741,1434,1
1742,1742,1435,1
1743,1743,1436,1
1744,1744,1437,1
1745,1745,1438,1
1746,1746,1439,1
1747,1747,1439,0
1748,1748,1440,1
1749,1749,1441,1
1750,1750,1442,1
1751,1751,1443,1
1752,1752,1444,1
1753,1753,1445,1
1754,1754,1446,1
1755,1755,1447,1
1756,1756,1448,1
1757,1757,1448,0
1758,1758,1449,1
1759,1759,1450,1
1760,1760,1451,1
1761,1761,1452,1
1762,1762,1453,1
1763,1763,1454,1
1764,1764,1455,1
1765,1765,1456,1
1768,1768,1458,1
1769,1769,1459,1
1770,1770,1459,0
1771,1771,1460,1
1772,1772,1461,1
1774,1774,1463,1
1775,1775,1464,1
1776,1776,1465,1
1777,1777,1466,1
1778,1778,1466,0
1779,1779,1467,1
1780,1780,1468,1
1781,1781,1469,1
1782,1782,1470,1
1783,1783,1471,1
1784,1784,1472,1
1785,1785,1473,1
1786,1786,1474,1
1787,1787,1474,0
1788,1788,1475,1
1789,1789,1476,1
1790,1790,1477,1
1791,1791,1478,1
1792,1792,1479,1
1793,1793,1480,1
1794,1794,1481,1
1795,1795,1482,1
1796,1796,1483,1
1797,1797,1483,0
1798,1798,1484,1
1799,1799,1485,1
1800,1800,1486,1
1801,1801,1487,1
1802,1802,1487,0
1803,1803,1488,1
1806,1806,1490,1
1807,1807,1491,1
1808,1808,1491,0
1809,1809,1492,1
1810,1810,1493,1
1811,1811,1494,1
1812,1812,1495,1
1813,1813,1495,0
1814,1814,1496,1
1815,1815,1497,1
1816,1816,1498,1
1817,1817,1499,1
1818,1818,1499,0
1819,1819,1500,1
1820,1820,1501,1
1821,1821,1502,1
1822,1822,1503,1
1823,1823,1504,1
1824,1824,1505,1
1825,1825,1506,1
1826,1826,1507,1
1827,1827,1507,0
1828,1828,1508,1
1829,1829,1509,1
1830,1830,1510,1
1831,1831,1511,1
1832,1832,1512,1
1833,1833,1513,1
1834,1834,1514,1
1835,1835,1514,0
1836,1836,1515,1
1837,1837,1516,1
1838,1838,1516,0
1839,1839,1517,1
1840,1840,1517,0
1841,1841,1518,1
1842,1842,1519,1
1843,1843,1520,1
1844,1844,1521,1
1845,1845,1521,0
1846,1846,1522,1
1847,1847,1523,1
1848,1848,1524,1
1849,1849,1525,1
1850,1850,1526,1
1851,1851,1527,1
1852,1852,1528,1
1853,1853,1529,1
1854,1854,1530,1
1856,1856,1532,1
1857,1857,1532,0
1860,1860,1534,1
1861,1861,1535,1
1862,1862,1536,1
1863,1863,1537,1
1864,1864,1538,1
1865,1865,1538,0
1866,1866,1539,1
1867,1867,1540,1
1868,1868,1541,1
1869,1869,1542,1
1870,1870,1542,0
1871,1871,1543,1
1872,1872,1544,1
1873,1873,1544,0
1874,1874,1545,1
1875,1875,1546,1
1876,1876,1547,1
1877,1877,1548,1
1878,1878,1548,0
1879,1879,1549,1
1880,1880,1550,1
1881,1881,1551,1
1882,1882,1551,0
1883,1883,1552,1
1884,1884,1553,1
1885,1885,1554,1
1886,1886,1555,1
1887,1887,1556,1
1888,1888,1557,1
1889,1889,1558,1
1890,1890,1559,1
1891,1891,1560,1
1892,1892,1561,1
1893,1893,1561,0
1894,1894,1562,1
1895,1895,1563,1
1896,1896,1564,1
1897,1897,1565,1
1898,1898,1566,1
1899,1899,1567,1
1900,1900,1568,1
1901,1901,1568,0
1903,1903,1570,1
1904,1904,1571,1
1905,1905,1572,1
1906,1906,1573,1
1907,1907,1574,1
1908,1908,1575,1
1909,1909,1576,1
1910,1910,1577,1
1911,1911,1578,1
1912,1912,1579,1
1913,1913,1580,1
1914,1914,1581,1
1915,1915,1581,0
1916,1916,1582,1
1917,1917,1583,1
1919,1919,1584,1
1920,1920,1585,1
1921,1921,1586,1
1922,1922,1586,0
1923,1923,1587,1
1924,1924,1588,1
1925,1925,1589,1
1926,1926,1589,0
1927,1927,1590,1
1928,1928,1590,0
1929,1929,1591,1
1930,1930,1592,1
1931,1931,1593,1
1932,1932,1594,1
1934,1934,1596,1
1935,1935,1597,1
1936,1936,1598,1
1937,1937,1598,0
1938,1938,1599,1
1939,1939,1600,1
1940,1940,1600,0
1941,1941,1601,1
1942,1942,1601,0
1943,1943,1602,1
1944,1944,1603,1
1945,1945,1604,1
1946,1946,1605,1
1947,1947,1606,1
1948,1948,1607,1
1949,1949,1607,0
1950,1950,1608,1
1951,1951,1609,1
1952,1952,1610,1
1953,1953,1610,0
1954,1954,1611,1
1955,1955,1612,1
1956,1956,1613,1
1957,1957,1614,1
1958,1958,1614,0
1959,1959,1615,1
1960,1960,1616,1
1961,1961,1617,1
1962,1962,1618,1
1963,1963,1619,1
1964,1964,1620,1
1965,1965,1621,1
1966,1966,1622,1
1967,1967,1623,1
1968,1968,1623,0
1969,1969,1624,1
1970,1970,1625,1
1971,1971,1626,1
1972,1972,1627,1
1973,1973,1628,1
1974,1974,1629,1
1975,1975,1629,0
1976,1976,1630,1
1977,1977,1631,1
1978,1978,1632,1
1979,1979,1633,1
1980,1980,1634,1
1981,1981,1635,1
1982,1982,1636,1
1983,1983,1636,0
1984,1984,1637,1
1985,1985,1638,1
1986,1986,1638,0
1988,1988,1640,1
1989,1989,1641,1
1990,1990,1641,0
1991,1991,1642,1
1993,1993,1644,1
1994,1994,1644,0
1995,1995,1645,1
1996,1996,1646,1
1997,1997,1647,1
1998,1998,1648,1
1999,1999,1649,1
2000,2000,1650,1
2001,2001,1651,1
2002,2002,1652,1
2003,2003,1652,0
2004,2004,1653,1
2005,2005,1654,1
2006,2006,1655,1
2007,2007,1655,0
2008,2008,1656,1
2009,2009,1657,1
2010,2010,1658,1
2011,2011,1659,1
2012,2012,1659,0
2013,2013,1660,1
2015,2015,1662,1
2016,2016,1663,1
2017,2017,1663,0
2018,2018,1664,1
2019,2019,1665,1
2020,2020,1665,0
2021,2021,1666,1
2022,2022,1667,1
2023,2023,1667,0
2024,2024,1668,1
2025,2025,1669,1
2026,2026,1669,0
2027,2027,1670,1
2028,2028,1670,0
2029,2029,1671,1
2030,2030,1672,1
2031,2031,1673,1
2032,2032,1674,1
2033,2033,1674,0
2034,2034,1675,1
2035,2035,1675,0
2037,2037,1677,1
2038,2038,1678,1
2039,2039,1679,1
2040,2040,1680,1
2041,2041,1681,1
2042,2042,1682,1
2043,2043,1683,1
2044,2044,1684,1
2045,2045,1685,1
2046,2046,1685,0
2047,2047,1686,1
2048,2048,1687,1
2049,2049,1688,1
2050,2050,1688,0
2051,2051,1689,1
2052,2052,1689,0
2053,2053,1690,1
2054,2054,1691,1
2055,2055,1692,1
2056,2056,1693,1
2057,2057,1694,1
2058,2058,1695,1
2059,2059,1696,1
2060,2060,1696,0
2061,2061,1697,1
2062,2062,1697,0
2063,2063,1698,1
2064,2064,1699,1
2065,2065,1700,1
2066,2066,1701,1
2067,2067,1702,1
2068,2068,1703,1
2069,2069,1704,1
2070,2070,1705,1
2071,2071,1706,1
2072,2072,1707,1
2073,2073,1708,1
2074,2074,1709,1
2075,2075,1710,1
2076,2076,1711,1
2077,2077,1712,1
2078,2078,1713,1
2079,2079,1714,1
2080,2080,1715,1
2081,2081,1716,1
2082,2082,1717,1
2083,2083,1718,1
2084,2084,1719,1
2085,2085,1719,0
2086,2086,1720,1
2087,2087,1721,1
2088,2088,1722,1
2089,2089,1723,1
2090,2090,1723,0
2091,2091,1724,1
2092,2092,1725,1
2093,2093,1726,1
2094,2094,1726,0
2095,2095,1727,1
2096,2096,1728,1
2097,2097,1729,1
2098,2098,1729,0
2099,2099,1730,1
2100,2100,1731,1
2101,2101,1731,0
2102,2102,1732,1
2103,2103,1733,1
2104,2104,1734,1
2105,2105,1735,1
2106,2106,1736,1
2107,2107,1736,0
2108,2108,1737,1
2109,2109,1738,1
2110,2110,1739,1
2111,2111,1740,1
2112,2112,1741,1
2113,2113,1742,1
2114,2114,1743,1
2115,2115,1743,0
2116,2116,1744,1
2117,2117,1745,1
2118,2118,1746,1
2119,2119,1747,1
2121,2121,1749,1
2122,2122,1750,1
2123,2123,1751,1
2124,2124,1752,1
2125,2125,1753,1
2126,2126,1754,1
2128,2128,1756,1
2129,2129,1757,1
2130,2130,1758,1
2131,2131,1759,1
2132,2132,1759,0
2133,2133,1760,1
2134,2134,1760,0
2135,2135,1761,1
2136,2136,1762,1
2137,2137,1763,1
2138,2138,1764,1
2139,2139,1765,1
2140,2140,1765,0
2141,2141,1766,1
2142,2142,1767,1
2143,2143,1767,0
2144,2144,1768,1
2145,2145,1769,1
2146,2146,1770,1
2147,2147,1771,1
2148,2148,1772,1
2149,2149,1773,1
2150,2150,1774,1
2151,2151,1774,0
2152,2152,1775,1
2153,2153,1776,1
2154,2154,1777,1
2155,2155,1778,1
2156,2156,1779,1
2157,2157,1780,1
2158,2158,1781,1
2159,2159,1782,1
2160,2160,1783,1
2161,2161,1784,1
2162,2162,1784,0
2163,2163,1785,1
2164,2164,1786,1
2165,2165,1786,0
2166,2166,1787,1
2167,2167,1788,1
2168,2168,1789,1
2169,2169,1789,0
2170,2170,1790,1
2171,2171,1791,1
2172,2172,1792,1
2173,2173,1793,1
2174,2174,1794,1
2175,2175,1795,1
2176,2176,1796,1
2177,2177,1797,1
2178,2178,1798,1
2179,2179,1799,1
2180,2180,1800,1
2181,2181,1801,1
2182,2182,1802,1
2183,2183,1802,0
2184,2184,1803,1
2185,2185,1804,1
2186,2186,1805,1
2187,2187,1806,1
2188,2188,1806,0
2189,2189,1807,1
2190,2190,1808,1
2191,2191,1808,0
2192,2192,1809,1
2193,2193,1809,0
2194,2194,1810,1
2195,2195,1811,1
2196,2196,1812,1
2197,2197,1813,1
2198,2198,1814,1
2199,2199,1814,0
2200,2200,1815,1
2201,2201,1816,1
2202,2202,1816,0
2203,2203,1817,1
2204,2204,1818,1
2205,2205,1819,1
2206,2206,1820,1
2207,2207,1821,1
2208,2208,1821,0
2209,2209,1822,1
2210,2210,1822,0
2211,2211,1823,1
2212,2212,1824,1
2213,2213,1825,1
2214,2214,1826,1
2215,2215,1827,1
2216,2216,1828,1
2217,2217,1828,0
2218,2218,1829,1
2219,2219,1829,0
2220,2220,1830,1
2221,2221,1830,0
2222,2222,1831,1
2223,2223,1832,1
2224,2224,1833,1
2225,2225,1834,1
2226,2226,1835,1
2227,2227,1836,1
2228,2228,1837,1
2229,2229,1838,1
2230,2230,1839,1
2231,2231,1840,1
2232,2232,1841,1
2233,2233,1841,0
2235,2235,1843,1
2236,2236,1844,1
2237,2237,1845,1
2238,2238,1845,0
2239,2239,1846,1
2240,2240,1847,1
2241,2241,1847,0
2242,2242,1848,1
2243,2243,1848,0
2246,2246,1851,1
2247,2247,1852,1
2248,2248,1853,1
2249,2249,1854,1
2250,2250,1855,1
2251,2251,1856,1
2252,2252,1857,1
2253,2253,1857,0
2254,2254,1858,1
2255,2255,1859,1
2256,2256,1860,1
2257,2257,1861,1
2258,2258,1861,0
2259,2259,1862,1
2260,2260,1863,1
2261,2261,1863,0
2263,2263,1865,1
2264,2264,1866,1
2265,2265,1867,1
2266,2266,1868,1
2267,2267,1869,1
2268,2268,1870,1
2269,2269,1871,1
2270,2270,1872,1
2271,2271,1872,0
2274,2274,1874,1
2275,2275,1874,0
2276,2276,1875,1
2277,2277,1876,1
2278,2278,1877,1
2279,2279,1878,1
2280,2280,1879,1
2281,2281,1880,1
2282,2282,1881,1
2283,2283,1882,1
2286,2286,1884,1
2287,2287,1885,1
2288,2288,1886,1
2289,2289,1886,0
2290,2290,1887,1
2291,2291,1888,1
2292,2292,1889,1
2293,2293,1890,1
2294,2294,1891,1
2295,2295,1892,1
2296,2296,1892,0
2297,2297,1893,1
2298,2298,1893,0
2299,2299,1894,1
2300,2300,1895,1
2301,2301,1895,0
2302,2302,1896,1
2303,2303,1897,1
2304,2304,1897,0
2305,2305,1898,1
2306,2306,1898,0
2307,2307,1899,1
2308,2308,1900,1
2309,2309,1901,1
2310,2310,1902,1
2311,2311,1902,0
2312,2312,1903,1
2313,2313,1904,1
2314,2314,1905,1
2315,2315,1905,0
2316,2316,1906,1
2317,2317,1907,1
2318,2318,1908,1
2319,2319,1909,1
2320,2320,1910,1
2321,2321,1911,1
2322,2322,1912,1
2323,2323,1913,1
2324,2324,1914,1
2325,2325,1915,1
2326,2326,1916,1
2327,2327,1917,1
2328,2328,1918,1
2329,2329,1919,1
2330,2330,1920,1
2331,2331,1921,1
2332,2332,1922,1
2333,2333,1922,0
2335,2335,1924,1
2336,2336,1925,1
2337,2337,1925,0
2338,2338,1926,1
2339,2339,1926,0
2340,2340,1927,1
2341,2341,1927,0
2342,2342,1928,1
2343,2343,1929,1
2344,2344,1930,1
2345,2345,1931,1
2346,2346,1931,0
2347,2347,1932,1
2348,2348,1933,1
2349,2349,1934,1
2350,2350,1934,0
2351,2351,1935,1
2352,2352,1936,1
2353,2353,1937,1
2354,2354,1938,1
2355,2355,1939,1
2356,2356,1940,1
2357,2357,1940,0
2358,2358,1941,1
2359,2359,1941,0
2361,2361,1943,1
2362,2362,1943,0
2363,2363,1944,1
2364,2364,1945,1
2365,2365,1946,1
2366,2366,1947,1
2367,2367,1947,0
2368,2368,1948,1
2369,2369,1948,0
2370,2370,1949,1
2371,2371,1950,1
2372,2372,1951,1
2373,2373,1952,1
2374,2374,1953,1
2375,2375,1954,1
2376,2376,1954,0
2377,2377,1955,1
2378,2378,1956,1
2379,2379,1957,1
2380,2380,1958,1
2381,2381,1958,0
2382,2382,1959,1
2383,2383,1960,1
2384,2384,1960,0
2385,2385,1961,1
2386,2386,1961,0
2387,2387,1962,1
2388,2388,1963,1
2389,2389,1964,1
2390,2390,1965,1
2391,2391,1966,1
2392,2392,1967,1
2393,2393,1968,1
2394,2394,1969,1
2395,2395,1970,1
2396,2396,1971,1
2397,2397,1972,1
2398,2398,1973,1
2399,2399,1974,1
2400,2400,1975,1
2401,2401,1976,1
2402,2402,1977,1
2403,2403,1978,1
2404,2404,1979,1
2405,2405,1979,0
2406,2406,1980,1
2407,2407,1981,1
2408,2408,1982,1
2409,2409,1983,1
2410,2410,1984,1
2411,2411,1984,0
2412,2412,1985,1
2413,2413,1986,1
2414,2414,1987,1
2415,2415,1987,0
2416,2416,1988,1
2417,2417,1989,1
2418,2418,1990,1
2419,2419,1991,1
2420,2420,1992,1
2421,2421,1992,0
2422,2422,1993,1
2423,2423,1994,1
2424,2424,1995,1
2425,2425,1996,1
2426,2426,1997,1
2427,2427,1997,0
2428,2428,1998,1
2429,2429,1999,1
2430,2430,2000,1
2431,2431,2001,1
2432,2432,2002,1
2433,2433,2003,1
2434,2434,2004,1
2435,2435,2005,1
2436,2436,2006,1
2437,2437,2007,1
2438,2438,2008,1
2439,2439,2008,0
2440,2440,2009,1
2441,2441,2010,1
2442,2442,2010,0
2443,2443,2011,1
2444,2444,2012,1
2445,2445,2013,1
2447,2447,2015,1
2448,2448,2015,0
2449,2449,2016,1
2450,2450,2017,1
2451,2451,2018,1
2452,2452,2019,1
2453,2453,2020,1
2454,2454,2021,1
2455,2455,2022,1
2456,2456,2022,0
2457,2457,2023,1
2458,2458,2023,0
2459,2459,2024,1
2460,2460,2025,1
2461,2461,2026,1
2462,2462,2027,1
2463,2463,2028,1
2464,2464,2029,1
2465,2465,2030,1
2467,2467,2032,1
2468,2468,2033,1
2469,2469,2034,1
2470,2470,2035,1
2471,2471,2035,0
2472,2472,2036,1
2473,2473,2037,1
2474,2474,2038,1
2475,2475,2039,1
2476,2476,2040,1
2477,2477,2040,0
2478,2478,2041,1
2479,2479,2042,1
2480,2480,2043,1
2481,2481,2044,1
2482,2482,2045,1
2483,2483,2045,0
2484,2484,2046,1
2485,2485,2047,1
2486,2486,2048,1
2487,2487,2049,1
2488,2488,2050,1
2489,2489,2051,1
2490,2490,2052,1
2491,2491,2053,1
2492,2492,2053,0
2493,2493,2054,1
2494,2494,2055,1
2495,2495,2056,1
2496,2496,2057,1
2497,2497,2058,1
2498,2498,2059,1
2499,2499,2060,1
2500,2500,2061,1
2501,2501,2062,1
2502,2502,2063,1
2503,2503,2064,1
2504,2504,2065,1
2505,2505,2066,1
2506,2506,2067,1
2507,2507,2068,1
2508,2508,2069,1
2509,2509,2069,0
2510,2510,2070,1
2511,2511,2071,1
2512,2512,2071,0
2513,2513,2072,1
2514,2514,2073,1
2515,2515,2074,1
2516,2516,2075,1
2517,2517,2076,1
2518,2518,2076,0
2519,2519,2077,1
2520,2520,2078,1
2521,2521,2079,1
2522,2522,2080,1
2523,2523,2080,0
2524,2524,2081,1
2525,2525,2082,1
2526,2526,2083,1
2527,2527,2084,1
2528,2528,2085,1
2529,2529,2086,1
2530,2530,2087,1
2531,2531,2088,1
2532,2532,2089,1
2533,2533,2090,1
2534,2534,2091,1
2535,2535,2092,1
2536,2536,2093,1
2537,2537,2094,1
2538,2538,2095,1
2539,2539,2096,1
2540,2540,2097,1
2542,2542,2099,1
2543,2543,2099,0
2545,2545,2101,1
2546,2546,2102,1
2547,2547,2103,1
2548,2548,2104,1
2549,2549,2105,1
2550,2550,2106,1
2551,2551,2107,1
2552,2552,2108,1
2553,2553,2109,1
2554,2554,2110,1
2555,2555,2111,1
2556,2556,2112,1
2557,2557,2113,1
2558,2558,2114,1
2559,2559,2115,1
2560,2560,2116,1
2561,2561,2117,1
2562,2562,2118,1
2563,2563,2119,1
2565,2565,2121,1
2566,2566,2122,1
2567,2567,2123,1
2568,2568,2123,0
2569,2569,2124,1
2570,2570,2124,0
2571,2571,2125,1
2572,2572,2126,1
2573,2573,2127,1
2574,2574,2128,1
2576,2576,2130,1
2577,2577,2131,1
2578,2578,2132,1
2579,2579,2133,1
2580,2580,2133,0
2581,2581,2134,1
2582,2582,2135,1
2583,2583,2136,1
2584,2584,2137,1
2585,2585,2138,1
2586,2586,2139,1
2587,2587,2139,0
2588,2588,2140,1
2589,2589,2141,1
2590,2590,2142,1
2591,2591,2142,0
2592,2592,2143,1
2593,2593,2143,0
2594,2594,2144,1
2596,2596,2146,1
2597,2597,2147,1
2598,2598,2147,0
2599,2599,2148,1
2600,2600,2149,1
2601,2601,2150,1
2602,2602,2150,0
2603,2603,2151,1
2604,2604,2152,1
2605,2605,2152,0
2606,2606,2153,1
2607,2607,2154,1
2608,2608,2155,1
2609,2609,2156,1
2610,2610,2156,0
2611,2611,2157,1
2612,2612,2158,1
2613,2613,2159,1
2614,2614,2160,1
2615,2615,2161,1
2616,2616,2162,1
2617,2617,2162,0
2618,2618,2163,1
2619,2619,2164,1
2620,2620,2164,0
2621,2621,2165,1
2622,2622,2166,1
2623,2623,2167,1
2625,2625,2169,1
2626,2626,2170,1
2628,2628,2172,1
2629,2629,2172,0
2630,2630,2173,1
2631,2631,2174,1
2632,2632,2174,0
2633,2633,2175,1
2635,2635,2176,1
2636,2636,2177,1
2637,2637,2178,1
2638,2638,2179,1
2639,2639,2180,1
2640,2640,2180,0
2642,2642,2182,1
2643,2643,2183,1
2644,2644,2184,1
2645,2645,2185,1
2646,2646,2186,1
2647,2647,2187,1
2648,2648,2187,0
2650,2650,2189,1
2651,2651,2189,0
2652,2652,2190,1
2653,2653,2191,1
2654,2654,2192,1
2655,2655,2193,1
2656,2656,2194,1
2657,2657,2195,1
2658,2658,2196,1
2659,2659,2197,1
2661,2661,2199,1
2662,2662,2200,1
2663,2663,2201,1
2666,2666,2203,1
2667,2667,2204,1
2668,2668,2204,0
2669,2669,2205,1
2670,2670,2206,1
2671,2671,2207,1
2672,2672,2208,1
2673,2673,2209,1
2674,2674,2209,0
2675,2675,2210,1
2676,2676,2211,1
2677,2677,2212,1
2678,2678,2212,0
2679,2679,2213,1
2680,2680,2213,0
2681,2681,2214,1
2682,2682,2214,0
2683,2683,2215,1
2684,2684,2216,1
2685,2685,2217,1
2686,2686,2218,1
2687,2687,2218,0
2688,2688,2219,1
2689,2689,2220,1
2690,2690,2221,1
2691,2691,2222,1
2692,2692,2223,1
2693,2693,2224,1
2694,2694,2225,1
2695,2695,2225,0
2696,2696,2226,1
2697,2697,2226,0
2698,2698,2227,1
2699,2699,2227,0
2700,2700,2228,1
2701,2701,2229,1
2702,2702,2230,1
2703,2703,2231,1
2704,2704,2232,1
2705,2705,2233,1
2706,2706,2234,1
2707,2707,2235,1
2708,2708,2236,1
2709,2709,2237,1
2712,2712,2239,1
2713,2713,2240,1
2714,2714,2241,1
2715,2715,2242,1
2716,2716,2243,1
2717,2717,2244,1
2718,2718,2244,0
2719,2719,2245,1
2720,2720,2246,1
2721,2721,2247,1
2724,2724,2250,1
2726,2726,2252,1
2727,2727,2252,0
2728,2728,2253,1
2729,2729,2254,1
2730,2730,2255,1
2731,2731,2256,1
2732,2732,2257,1
2733,2733,2258,1
2734,2734,2258,0
2735,2735,2259,1
2736,2736,2260,1
2738,2738,2261,1
2739,2739,2262,1
2740,2740,2263,1
2741,2741,2264,1
2742,2742,2265,1
2743,2743,2266,1
2744,2744,2266,0
2745,2745,2267,1
2746,2746,2268,1
2747,2747,2269,1
2748,2748,2269,0
2749,2749,2270,1
2750,2750,2270,0
2751,2751,2271,1
2752,2752,2272,1
2754,2754,2274,1
2755,2755,2275,1
2756,2756,2276,1
2758,2758,2278,1
2759,2759,2279,1
2760,2760,2280,1
2761,2761,2281,1
2762,2762,2282,1
2765,2765,2285,1
2766,2766,2286,1
2767,2767,2286,0
2768,2768,2287,1
2769,2769,2288,1
2770,2770,2289,1
2771,2771,2290,1
2772,2772,2290,0
2773,2773,2291,1
2774,2774,2291,0
2775,2775,2292,1
2776,2776,2293,1
2777,2777,2294,1
2778,2778,2295,1
2779,2779,2296,1
2780,2780,2296,0
2781,2781,2297,1
2782,2782,2298,1
2783,2783,2299,1
2784,2784,2300,1
2785,2785,2301,1
2786,2786,2302,1
2787,2787,2303,1
2788,2788,2304,1
2789,2789,2305,1
2790,2790,2306,1
2791,2791,2307,1
2794,2794,2309,1
2795,2795,2309,0
2796,2796,2310,1
2797,2797,2311,1
2798,2798,2312,1
2799,2799,2313,1
2800,2800,2314,1
2801,2801,2315,1
2802,2802,2316,1
2803,2803,2317,1
2804,2804,2317,0
2805,2805,2318,1
2806,2806,2319,1
2808,2808,2321,1
2809,2809,2322,1
2810,2810,2323,1
2811,2811,2324,1
2812,2812,2325,1
2813,2813,2326,1
2814,2814,2327,1
2815,2815,2328,1
2816,2816,2328,0
2817,2817,2329,1
2818,2818,2330,1
2819,2819,2331,1
2820,2820,2332,1
2821,2821,2333,1
2822,2822,2334,1
2823,2823,2335,1
2824,2824,2336,1
2825,2825,2337,1
2826,2826,2338,1
2827,2827,2339,1
2828,2828,2340,1
2829,2829,2341,1
2830,2830,2342,1
2831,2831,2343,1
2832,2832,2344,1
2833,2833,2344,0
2834,2834,2345,1
2835,2835,2346,1
2836,2836,2347,1
2837,2837,2347,0
2838,2838,2348,1
2839,2839,2349,1
2840,2840,2349,0
2841,2841,2350,1
2842,2842,2351,1
2843,2843,2352,1
2844,2844,2353,1
2845,2845,2354,1
2846,2846,2355,1
2847,2847,2356,1
2848,2848,2356,0
2849,2849,2357,1
2850,2850,2358,1
2851,2851,2359,1
2852,2852,2360,1
2853,2853,2361,1
2854,2854,2362,1
2855,2855,2362,0
2856,2856,2363,1
2857,2857,2364,1
2858,2858,2365,1
2859,2859,2366,1
2860,2860,2367,1
2862,2862,2369,1
2863,2863,2369,0
2864,2864,2370,1
2865,2865,2371,1
2866,2866,2371,0
2867,2867,2372,1
2868,2868,2373,1
2869,2869,2374,1
2870,2870,2375,1
2871,2871,2376,1
2872,2872,2377,1
2873,2873,2378,1
2874,2874,2379,1
2875,2875,2380,1
2876,2876,2381,1
2877,2877,2382,1
2878,2878,2383,1
2879,2879,2384,1
2880,2880,2385,1
2881,2881,2386,1
2882,2882,2387,1
2883,2883,2388,1
2884,2884,2389,1
2885,2885,2390,1
2886,2886,2390,0
2887,2887,2391,1
2888,2888,2392,1
2889,2889,2393,1
2890,2890,2394,1
2891,2891,2394,0
2892,2892,2395,1
2893,2893,2396,1
2894,2894,2397,1
2895,2895,2398,1
2896,2896,2399,1
2897,2897,2400,1
2898,2898,2400,0
2899,2899,2401,1
2900,2900,2402,1
2901,2901,2403,1
2902,2902,2404,1
2903,2903,2404,0
2904,2904,2405,1
2905,2905,2405,0
2906,2906,2406,1
2907,2907,2406,0
2908,2908,2407,1
2909,2909,2408,1
2910,2910,2409,1
2911,2911,2410,1
2912,2912,2410,0
2913,2913,2411,1
2915,2915,2413,1
2916,2916,2414,1
2917,2917,2415,1
2918,2918,2416,1
2919,2919,2416,0
2920,2920,2417,1
2921,2921,2418,1
2922,2922,2419,1
2923,2923,2420,1
2924,2924,2421,1
2925,2925,2421,0
2926,2926,2422,1
2927,2927,2422,0
2928,2928,2423,1
2929,2929,2424,1
2930,2930,2425,1
2932,2932,2427,1
2933,2933,2428,1
2934,2934,2428,0
2935,2935,2429,1
2936,2936,2430,1
2937,2937,2431,1
2938,2938,2432,1
2939,2939,2433,1
2940,2940,2434,1
2941,2941,2435,1
2942,2942,2436,1
2943,2943,2437,1
2944,2944,2438,1
2945,2945,2439,1
2946,2946,2439,0
2947,2947,2440,1
2948,2948,2441,1
2949,2949,2442,1
2950,2950,2443,1
2951,2951,2444,1
2952,2952,2445,1
2953,2953,2446,1
2954,2954,2447,1
2955,2955,2447,0
2956,2956,2448,1
2957,2957,2449,1
2958,2958,2450,1
2959,2959,2451,1
2960,2960,2452,1
2961,2961,2452,0
2962,2962,2453,1
2963,2963,2453,0
2964,2964,2454,1
2965,2965,2455,1
2966,2966,2456,1
2967,2967,2457,1
2968,2968,2458,1
2969,2969,2459,1
2970,2970,2459,0
2971,2971,2460,1
2972,2972,2461,1
2974,2974,2463,1
2975,2975,2464,1
2976,2976,2465,1
2977,2977,2466,1
2978,2978,2467,1
2979,2979,2468,1
2980,2980,2469,1
2981,2981,2470,1
2982,2982,2471,1
2983,2983,2471,0
2984,2984,2472,1
2985,2985,2472,0
2986,2986,2473,1
2987,2987,2473,0
2988,2988,2474,1
2989,2989,2475,1
2990,2990,2476,1
2991,2991,2476,0
2992,2992,2477,1
2994,2994,2479,1
2995,2995,2480,1
2996,2996,2481,1
2997,2997,2482,1
2998,2998,2483,1
2999,2999,2484,1
3000,3000,2485,1
3001,3001,2486,1
3002,3002,2487,1
3003,3003,2488,1
3004,3004,2488,0
3005,3005,2489,1
3006,3006,2490,1
3007,3007,2491,1
3008,3008,2492,1
3009,3009,2493,1
3010,3010,2493,0
3011,3011,2494,1
3012,3012,2495,1
3013,3013,2496,1
3014,3014,2496,0
3015,3015,2497,1
3016,3016,2498,1
3017,3017,2499,1
3018,3018,2500,1
3019,3019,2501,1
3020,3020,2502,1
3021,3021,2503,1
3022,3022,2503,0
3023,3023,2504,1
3024,3024,2505,1
3025,3025,2505,0
3026,3026,2506,1
3027,3027,2507,1
3028,3028,2508,1
3029,3029,2509,1
3030,3030,2510,1
3031,3031,2511,1
3032,3032,2511,0
3035,3035,2513,1
3036,3036,2514,1
3037,3037,2515,1
3038,3038,2516,1
3039,3039,2517,1
3041,3041,2519,1
3042,3042,2520,1
3043,3043,2521,1
3044,3044,2522,1
3045,3045,2523,1
3046,3046,2524,1
3047,3047,2525,1
3048,3048,2526,1
3049,3049,2527,1
3050,3050,2527,0
3051,3051,2528,1
3054,3054,2530,1
3055,3055,2531,1
3056,3056,2532,1
3057,3057,2532,0
3058,3058,2533,1
3059,3059,2534,1
3060,3060,2535,1
3061,3061,2535,0
3062,3062,2536,1
3063,3063,2537,1
3064,3064,2538,1
3065,3065,2539,1
3066,3066,2540,1
3067,3067,2541,1
3068,3068,2541,0
3069,3069,2542,1
3070,3070,2543,1
3071,3071,2544,1
3072,3072,2545,1
3073,3073,2545,0
3074,3074,2546,1
3075,3075,2547,1
3076,3076,2548,1
3077,3077,2549,1
3078,3078,2549,0
3079,3079,2550,1
3080,3080,2551,1
3081,3081,2551,0
3082,3082,2552,1
3083,3083,2553,1
3084,3084,2554,1
3085,3085,2555,1
3086,3086,2555,0
3087,3087,2556,1
3088,3088,2557,1
3089,3089,2558,1
3090,3090,2559,1
3091,3091,2560,1
3092,3092,2561,1
3093,3093,2562,1
3094,3094,2563,1
3095,3095,2564,1
3096,3096,2565,1
3097,3097,2566,1
3098,3098,2567,1
3099,3099,2568,1
3100,3100,2569,1
3101,3101,2570,1
3102,3102,2571,1
3103,3103,2572,1
3104,3104,2573,1
3105,3105,2574,1
3106,3106,2575,1
3107,3107,2576,1
3108,3108,2576,0
3109,3109,2577,1
3110,3110,2578,1
3111,3111,2578,0
3112,3112,2579,1
3113,3113,2580,1
3114,3114,2580,0
3115,3115,2581,1
3116,3116,2582,1
3117,3117,2583,1
3118,3118,2583,0
3119,3119,2584,1
3120,3120,2585,1
3121,3121,2586,1
3122,3122,2586,0
3123,3123,2587,1
3124,3124,2588,1
3125,3125,2589,1
3126,3126,2590,1
3127,3127,2591,1
3128,3128,2592,1
3129,3129,2593,1
3130,3130,2594,1
3131,3131,2595,1
3132,3132,2596,1
3133,3133,2597,1
3134,3134,2598,1
3135,3135,2599,1
3136,3136,2600,1
3137,3137,2601,1
3138,3138,2601,0
3139,3139,2602,1
3140,3140,2602,0
3141,3141,2603,1
3142,3142,2604,1
3143,3143,2605,1
3144,3144,2606,1
3145,3145,2606,0
3146,3146,2607,1
3147,3147,2608,1
3148,3148,2609,1
3149,3149,2609,0
3150,3150,2610,1
3151,3151,2611,1
3152,3152,2612,1
3153,3153,2613,1
3154,3154,2613,0
3155,3155,2614,1
3156,3156,2615,1
3157,3157,2616,1
3158,3158,2617,1
3159,3159,2618,1
3160,3160,2619,1
3161,3161,2620,1
3162,3162,2621,1
3163,3163,2622,1
3164,3164,2622,0
3165,3165,2623,1
3166,3166,2624,1
3167,3167,2625,1
3170,3170,2627,1
3171,3171,2627,0
3172,3172,2628,1
3173,3173,2629,1
3174,3174,2629,0
3175,3175,2630,1
3176,3176,2631,1
3177,3177,2632,1
3178,3178,2633,1
3179,3179,2634,1
3180,3180,2634,0
3181,3181,2635,1
3182,3182,2636,1
3183,3183,2637,1
3184,3184,2638,1
3185,3185,2639,1
3186,3186,2640,1
3187,3187,2641,1
3188,3188,2642,1
3190,3190,2644,1
3191,3191,2645,1
3192,3192,2646,1
3193,3193,2647,1
3194,3194,2648,1
3195,3195,2649,1
3196,3196,2650,1
3197,3197,2651,1
3198,3198,2651,0
3199,3199,2652,1
3200,3200,2652,0
3201,3201,2653,1
3202,3202,2654,1
3203,3203,2655,1
3204,3204,2655,0
3205,3205,2656,1
3206,3206,2656,0
3207,3207,2657,1
3208,3208,2658,1
3209,3209,2658,0
3210,3210,2659,1
3211,3211,2660,1
3213,3213,2661,1
3214,3214,2662,1
3215,3215,2663,1
3216,3216,2664,1
3217,3217,2665,1
3218,3218,2666,1
3219,3219,2666,0
3220,3220,2667,1
3221,3221,2667,0
3222,3222,2668,1
3225,3225,2670,1
3226,3226,2671,1
3227,3227,2672,1
3228,3228,2673,1
3229,3229,2674,1
3230,3230,2675,1
3231,3231,2676,1
3232,3232,2677,1
3233,3233,2678,1
3234,3234,2679,1
3235,3235,2680,1
3236,3236,2681,1
3239,3239,2684,1
3240,3240,2685,1
3241,3241,2686,1
3242,3242,2686,0
3243,3243,2687,1
3244,3244,2688,1
3245,3245,2689,1
3246,3246,2690,1
3247,3247,2691,1
3248,3248,2692,1
3249,3249,2693,1
3250,3250,2693,0
3251,3251,2694,1
3252,3252,2694,0
3253,3253,2695,1
3254,3254,2696,1
3255,3255,2697,1
3256,3256,2698,1
3257,3257,2699,1
3258,3258,2700,1
3259,3259,2701,1
3260,3260,2702,1
3261,3261,2702,0
3262,3262,2703,1
3264,3264,2705,1
3265,3265,2706,1
3266,3266,2706,0
3267,3267,2707,1
3268,3268,2708,1
3269,3269,2709,1
3270,3270,2710,1
3271,3271,2711,1
3272,3272,2712,1
3273,3273,2712,0
3274,3274,2713,1
3275,3275,2713,0
3276,3276,2714,1
3277,3277,2715,1
3278,3278,2715,0
3279,3279,2716,1
3280,3280,2716,0
3281,3281,2717,1
3282,3282,2718,1
3283,3283,2719,1
3284,3284,2720,1
3285,3285,2720,0
3286,3286,2721,1
3287,3287,2721,0
3288,3288,2722,1
3289,3289,2723,1
3290,3290,2724,1
3291,3291,2725,1
3292,3292,2726,1
3293,3293,2727,1
3294,3294,2728,1
3295,3295,2729,1
3296,3296,2730,1
3297,3297,2731,1
3298,3298,2732,1
3299,3299,2733,1
3300,3300,2734,1
3302,3302,2736,1
3303,3303,2736,0
3304,3304,2737,1
3305,3305,2738,1
3306,3306,2739,1
3307,3307,2740,1
3308,3308,2741,1
3309,3309,2741,0
3310,3310,2742,1
3311,3311,2743,1
3312,3312,2744,1
3313,3313,2745,1
3314,3314,2746,1
3315,3315,2746,0
3316,3316,2747,1
3317,3317,2747,0
3319,3319,2749,1
3320,3320,2749,0
3321,3321,2750,1
3322,3322,2751,1
3323,3323,2752,1
3324,3324,2753,1
3325,3325,2753,0
3326,3326,2754,1
3327,3327,2755,1
3328,3328,2756,1
3329,3329,2757,1
3330,3330,2757,0
3331,3331,2758,1
3332,3332,2759,1
3333,3333,2760,1
3334,3334,2761,1
3335,3335,2762,1
3336,3336,2763,1
3337,3337,2764,1
3338,3338,2765,1
3339,3339,2766,1
3340,3340,2767,1
3341,3341,2767,0
3342,3342,2768,1
3344,3344,2770,1
3345,3345,2771,1
3346,3346,2771,0
3347,3347,2772,1
3348,3348,2773,1
3349,3349,2774,1
3350,3350,2775,1
3351,3351,2775,0
3352,3352,2776,1
3353,3353,2776,0
3354,3354,2777,1
3355,3355,2778,1
3356,3356,2779,1
3357,3357,2780,1
3358,3358,2781,1
3359,3359,2782,1
3360,3360,2783,1
3361,3361,2784,1
3365,3365,2787,1
3366,3366,2788,1
3367,3367,2788,0
3368,3368,2789,1
3369,3369,2790,1
3370,3370,2791,1
3371,3371,2791,0
3372,3372,2792,1
3373,3373,2793,1
3374,3374,2793,0
3375,3375,2794,1
3376,3376,2795,1
3377,3377,2795,0
3378,3378,2796,1
3379,3379,2796,0
3380,3380,2797,1
3381,3381,2798,1
3382,3382,2799,1
3383,3383,2799,0
3384,3384,2800,1
3385,3385,2801,1
3386,3386,2802,1
3387,3387,2803,1
3388,3388,2804,1
3389,3389,2805,1
3390,3390,2806,1
3391,3391,2807,1
3392,3392,2808,1
3393,3393,2809,1
3394,3394,2810,1
3395,3395,2811,1
3396,3396,2812,1
3397,3397,2813,1
3398,3398,2813,0
3399,3399,2814,1
3402,3402,2816,1
3403,3403,2816,0
3404,3404,2817,1
3405,3405,2818,1
3406,3406,2818,0
3407,3407,2819,1
3408,3408,2819,0
3409,3409,2820,1
3410,3410,2821,1
3412,3412,2823,1
3413,3413,2823,0
3414,3414,2824,1
3415,3415,2825,1
3416,3416,2826,1
3417,3417,2826,0
3418,3418,2827,1
3420,3420,2829,1
3421,3421,2830,1
3422,3422,2831,1
3423,3423,2832,1
3424,3424,2833,1
3425,3425,2834,1
3426,3426,2835,1
3427,3427,2836,1
3428,3428,2836,0
3429,3429,2837,1
3430,3430,2838,1
3431,3431,2839,1
3432,3432,2840,1
3433,3433,2841,1
3434,3434,2841,0
3435,3435,2842,1
3436,3436,2843,1
3437,3437,2843,0
3438,3438,2844,1
3439,3439,2845,1
3440,3440,2846,1
3441,3441,2847,1
3443,3443,2849,1
3444,3444,2850,1
3445,3445,2851,1
3446,3446,2852,1
3447,3447,2853,1
3448,3448,2854,1
3449,3449,2855,1
3450,3450,2856,1
3451,3451,2857,1
3452,3452,2857,0
3453,3453,2858,1
3454,3454,2859,1
3455,3455,2859,0
3456,3456,2860,1
3457,3457,2861,1
3458,3458,2862,1
3459,3459,2863,1
3460,3460,2863,0
3461,3461,2864,1
3462,3462,2864,0
3463,3463,2865,1
3464,3464,2866,1
3465,3465,2867,1
3466,3466,2868,1
3467,3467,2868,0
3468,3468,2869,1
3469,3469,2870,1
3470,3470,2871,1
3471,3471,2872,1
3472,3472,2873,1
3473,3473,2873,0
3474,3474,2874,1
3475,3475,2875,1
3476,3476,2876,1
3477,3477,2877,1
3478,3478,2878,1
3479,3479,2878,0
3480,3480,2879,1
3481,3481,2879,0
3482,3482,2880,1
3483,3483,2881,1
3484,3484,2882,1
3485,3485,2883,1
3486,3486,2884,1
3487,3487,2885,1
3488,3488,2886,1
3489,3489,2887,1
3490,3490,2888,1
3491,3491,2888,0
3492,3492,2889,1
3493,3493,2890,1
3494,3494,2891,1
3495,3495,2892,1
3496,3496,2892,0
3497,3497,2893,1
3498,3498,2894,1
3499,3499,2895,1
3500,3500,2896,1
3501,3501,2897,1
3502,3502,2898,1
3503,3503,2898,0
3504,3504,2899,1
3505,3505,2900,1
3506,3506,2901,1
3507,3507,2902,1
3508,3508,2903,1
3509,3509,2903,0
3510,3510,2904,1
3511,3511,2905,1
3512,3512,2906,1
3513,3513,2907,1
3514,3514,2907,0
3515,3515,2908,1
3516,3516,2909,1
3517,3517,2910,1
3518,3518,2911,1
3519,3519,2912,1
3520,3520,2913,1
3521,3521,2914,1
3522,3522,2915,1
3523,3523,2916,1
3524,3524,2917,1
3525,3525,2918,1
3526,3526,2918,0
3527,3527,2919,1
3528,3528,2920,1
3529,3529,2921,1
3530,3530,2922,1
3531,3531,2923,1
3532,3532,2924,1
3533,3533,2925,1
3534,3534,2926,1
3535,3535,2927,1
3536,3536,2928,1
3537,3537,2929,1
3538,3538,2930,1
3539,3539,2931,1
3540,3540,2932,1
3541,3541,2932,0
3542,3542,2933,1
3543,3543,2933,0
3544,3544,2934,1
3545,3545,2935,1
3546,3546,2936,1
3547,3547,2937,1
3548,3548,2938,1
3549,3549,2939,1
3550,3550,2940,1
3552,3552,2942,1
3554,3554,2944,1
3555,3555,2944,0
3556,3556,2945,1
3557,3557,2945,0
3558,3558,2946,1
3559,3559,2947,1
3560,3560,2947,0
3562,3562,2949,1
3563,3563,2949,0
3564,3564,2950,1
3565,3565,2951,1
3566,3566,2952,1
3567,3567,2953,1
3568,3568,2954,1
3569,3569,2955,1
3570,3570,2956,1
3571,3571,2957,1
3572,3572,2958,1
3573,3573,2959,1
3574,3574,2960,1
3575,3575,2961,1
3576,3576,2962,1
3577,3577,2963,1
3578,3578,2964,1
3579,3579,2964,0
3580,3580,2965,1
3581,3581,2966,1
3582,3582,2967,1
3583,3583,2968,1
3584,3584,2968,0
3585,3585,2969,1
3586,3586,2970,1
3587,3587,2970,0
3588,3588,2971,1
3589,3589,2972,1
3590,3590,2973,1
3591,3591,2974,1
3592,3592,2974,0
3594,3594,2976,1
3595,3595,2977,1
3596,3596,2978,1
3597,3597,2979,1
3598,3598,2980,1
3599,3599,2980,0
3600,3600,2981,1
3601,3601,2982,1
3602,3602,2982,0
3603,3603,2983,1
3605,3605,2985,1
3606,3606,2986,1
3607,3607,2987,1
3608,3608,2988,1
3609,3609,2988,0
3610,3610,2989,1
3611,3611,2990,1
3612,3612,2991,1
3613,3613,2991,0
3614,3614,2992,1
3615,3615,2993,1
3616,3616,2994,1
3617,3617,2995,1
3618,3618,2996,1
3619,3619,2997,1
3620,3620,2998,1
3621,3621,2999,1
3622,3622,2999,0
3623,3623,3000,1
3624,3624,3001,1
3627,3627,3003,1
3628,3628,3004,1
3629,3629,3005,1
3630,3630,3006,1
3631,3631,3006,0
3632,3632,3007,1
3633,3633,3008,1
3634,3634,3009,1
3635,3635,3009,0
3636,3636,3010,1
3637,3637,3011,1
3638,3638,3012,1
3639,3639,3013,1
3640,3640,3014,1
3641,3641,3014,0
3642,3642,3015,1
3643,3643,3016,1
3644,3644,3017,1
3645,3645,3018,1
3646,3646,3019,1
3647,3647,3019,0
3648,3648,3020,1
3649,3649,3021,1
3650,3650,3022,1
3651,3651,3023,1
3652,3652,3024,1
3653,3653,3024,0
3654,3654,3025,1
3655,3655,3026,1
3656,3656,3027,1
3657,3657,3027,0
3658,3658,3028,1
3659,3659,3029,1
3660,3660,3030,1
3661,3661,3031,1
3662,3662,3032,1
3663,3663,3033,1
3664,3664,3033,0
3667,3667,3035,1
3668,3668,3035,0
3669,3669,3036,1
3670,3670,3037,1
3671,3671,3038,1
3672,3672,3038,0
3673,3673,3039,1
3674,3674,3040,1
3675,3675,3041,1
3676,3676,3042,1
3677,3677,3042,0
3678,3678,3043,1
3679,3679,3044,1
3680,3680,3044,0
3681,3681,3045,1
3682,3682,3045,0
3683,3683,3046,1
3684,3684,3047,1
3685,3685,3048,1
3686,3686,3049,1
3687,3687,3050,1
3688,3688,3050,0
3689,3689,3051,1
3690,3690,3052,1
3691,3691,3053,1
3693,3693,3055,1
3694,3694,3055,0
3695,3695,3056,1
3696,3696,3056,0
3697,3697,3057,1
3698,3698,3058,1
3699,3699,3059,1
3700,3700,3059,0
3701,3701,3060,1
3702,3702,3061,1
3703,3703,3062,1
3704,3704,3063,1
3705,3705,3064,1
3707,3707,3066,1
3708,3708,3067,1
3709,3709,3067,0
3710,3710,3068,1
3711,3711,3069,1
3712,3712,3070,1
3713,3713,3071,1
3714,3714,3072,1
3716,3716,3074,1
3717,3717,3075,1
3718,3718,3075,0
3719,3719,3076,1
3720,3720,3076,0
3721,3721,3077,1
3722,3722,3078,1
3723,3723,3079,1
3724,3724,3080,1
3727,3727,3082,1
3728,3728,3083,1
3729,3729,3083,0
3730,3730,3084,1
3732,3732,3085,1
3733,3733,3086,1
3734,3734,3087,1
3735,3735,3088,1
3736,3736,3088,0
3737,3737,3089,1
3738,3738,3090,1
3739,3739,3091,1
3740,3740,3092,1
3741,3741,3093,1
3742,3742,3094,1
3743,3743,3094,0
3745,3745,3096,1
3746,3746,3097,1
3747,3747,3098,1
3748,3748,3099,1
3749,3749,3100,1
3750,3750,3101,1
3751,3751,3102,1
3752,3752,3102,0
3753,3753,3103,1
3754,3754,3104,1
3755,3755,3105,1
3756,3756,3106,1
3757,3757,3107,1
3758,3758,3108,1
3759,3759,3108,0
3760,3760,3109,1
3761,3761,3110,1
3762,3762,3111,1
3763,3763,3112,1
3764,3764,3112,0
3765,3765,3113,1
3766,3766,3114,1
3767,3767,3115,1
3768,3768,3115,0
3769,3769,3116,1
3770,3770,3117,1
3771,3771,3118,1
3772,3772,3118,0
3773,3773,3119,1
3774,3774,3120,1
3775,3775,3121,1
3776,3776,3122,1
3777,3777,3122,0
3779,3779,3124,1
3780,3780,3125,1
3781,3781,3126,1
3782,3782,3127,1
3783,3783,3128,1
3784,3784,3128,0
3785,3785,3129,1
3786,3786,3130,1
3787,3787,3131,1
3788,3788,3132,1
3789,3789,3133,1
3790,3790,3134,1
3791,3791,3135,1
3792,3792,3136,1
3793,3793,3137,1
3794,3794,3138,1
3795,3795,3139,1
3796,3796,3140,1
3797,3797,3140,0
3798,3798,3141,1
3799,3799,3142,1
3800,3800,3143,1
3801,3801,3143,0
3802,3802,3144,1
3803,3803,3145,1
3804,3804,3145,0
3805,3805,3146,1
3806,3806,3147,1
3807,3807,3148,1
3808,3808,3149,1
3811,3811,3151,1
3812,3812,3152,1
3813,3813,3153,1
3814,3814,3154,1
3815,3815,3155,1
3816,3816,3156,1
3817,3817,3157,1
3818,3818,3158,1
3819,3819,3158,0
3821,3821,3160,1
3822,3822,3161,1
3823,3823,3162,1
3824,3824,3163,1
3825,3825,3163,0
3826,3826,3164,1
3827,3827,3164,0
3829,3829,3166,1
3830,3830,3167,1
3831,3831,3168,1
3832,3832,3168,0
3833,3833,3169,1
3834,3834,3170,1
3835,3835,3171,1
3836,3836,3172,1
3837,3837,3173,1
3838,3838,3174,1
3839,3839,3174,0
3840,3840,3175,1
3841,3841,3176,1
3842,3842,3177,1
3843,3843,3178,1
3844,3844,3179,1
3845,3845,3180,1
3846,3846,3181,1
3847,3847,3182,1
3848,3848,3183,1
3849,3849,3184,1
3850,3850,3185,1
3851,3851,3185,0
3852,3852,3186,1
3853,3853,3187,1
3854,3854,3188,1
3855,3855,3189,1
3856,3856,3190,1
3857,3857,3191,1
3858,3858,3192,1
3859,3859,3192,0
3860,3860,3193,1
3861,3861,3194,1
3862,3862,3195,1
3863,3863,3196,1
3864,3864,3196,0
3865,3865,3197,1
3866,3866,3197,0
3868,3868,3199,1
3869,3869,3200,1
3870,3870,3201,1
3871,3871,3201,0
3872,3872,3202,1
3873,3873,3203,1
3874,3874,3204,1
3875,3875,3205,1
3876,3876,3205,0
3877,3877,3206,1
3880,3880,3208,1
3881,3881,3209,1
3882,3882,3209,0
3883,3883,3210,1
3884,3884,3211,1
3885,3885,3212,1
3886,3886,3213,1
3887,3887,3214,1
3888,3888,3214,0
3890,3890,3216,1
3891,3891,3217,1
3892,3892,3218,1
3893,3893,3219,1
3894,3894,3220,1
3895,3895,3220,0
3896,3896,3221,1
3897,3897,3222,1
3898,3898,3223,1
3899,3899,3224,1
3900,3900,3225,1
3901,3901,3225,0
3902,3902,3226,1
3903,3903,3227,1
3904,3904,3228,1
3905,3905,3228,0
3906,3906,3229,1
3907,3907,3230,1
3908,3908,3231,1
3909,3909,3231,0
3910,3910,3232,1
3911,3911,3233,1
3912,3912,3234,1
3913,3913,3235,1
3914,3914,3236,1
3915,3915,3237,1
3916,3916,3238,1
3917,3917,3238,0
3918,3918,3239,1
3919,3919,3240,1
3920,3920,3241,1
3921,3921,3242,1
3922,3922,3243,1
3923,3923,3243,0
3924,3924,3244,1
3925,3925,3245,1
3926,3926,3246,1
3927,3927,3247,1
3928,3928,3248,1
3929,3929,3249,1
3930,3930,3250,1
3931,3931,3250,0
3932,3932,3251,1
3933,3933,3251,0
3934,3934,3252,1
3935,3935,3253,1
3936,3936,3254,1
3937,3937,3254,0
3938,3938,3255,1
3939,3939,3256,1
3942,3942,3258,1
3943,3943,3259,1
3944,3944,3260,1
3945,3945,3260,0
3946,3946,3261,1
3947,3947,3262,1
3948,3948,3263,1
3949,3949,3263,0
3950,3950,3264,1
3951,3951,3264,0
3952,3952,3265,1
3953,3953,3266,1
3954,3954,3267,1
3955,3955,3267,0
3956,3956,3268,1
3957,3957,3268,0
3958,3958,3269,1
3959,3959,3270,1
3960,3960,3271,1
3961,3961,3272,1
3962,3962,3273,1
3963,3963,3274,1
3964,3964,3275,1
3965,3965,3276,1
3966,3966,3276,0
3967,3967,3277,1
3968,3968,3277,0
3969,3969,3278,1
3970,3970,3279,1
3971,3971,3280,1
3972,3972,3281,1
3973,3973,3282,1
3974,3974,3283,1
3975,3975,3284,1
3976,3976,3285,1
3977,3977,3286,1
3978,3978,3287,1
3979,3979,3288,1
3980,3980,3289,1
3981,3981,3290,1
3982,3982,3291,1
3983,3983,3292,1
3984,3984,3293,1
3985,3985,3294,1
3987,3987,3296,1
3988,3988,3297,1
3989,3989,3297,0
3990,3990,3298,1
3991,3991,3299,1
3992,3992,3300,1
3993,3993,3301,1
3994,3994,3302,1
3995,3995,3303,1
3996,3996,3304,1
3997,3997,3305,1
3998,3998,3306,1
3999,3999,3307,1
4000,4000,3308,1
4001,4001,3309,1
4002,4002,3310,1
4003,4003,3311,1
4004,4004,3312,1
4006,4006,3314,1
4007,4007,3315,1
4008,4008,3315,0
4009,4009,3316,1
4010,4010,3317,1
4011,4011,3318,1
4012,4012,3319,1
4013,4013,3320,1
4014,4014,3321,1
4015,4015,3322,1
4016,4016,3323,1
4017,4017,3323,0
4018,4018,3324,1
4019,4019,3325,1
4020,4020,3326,1
4021,4021,3327,1
4022,4022,3328,1
4023,4023,3328,0
4024,4024,3329,1
4025,4025,3329,0
4026,4026,3330,1
4027,4027,3331,1
4028,4028,3331,0
4029,4029,3332,1
4030,4030,3333,1
4031,4031,3334,1
4032,4032,3335,1
4033,4033,3336,1
4034,4034,3337,1
4035,4035,3337,0
4036,4036,3338,1
4037,4037,3339,1
4040,4040,3342,1
4041,4041,3342,0
4042,4042,3343,1
4043,4043,3344,1
4044,4044,3345,1
4046,4046,3346,1
4047,4047,3346,0
4048,4048,3347,1
4049,4049,3348,1
4050,4050,3349,1
4051,4051,3350,1
4052,4052,3350,0
4053,4053,3351,1
4054,4054,3352,1
4055,4055,3353,1
4056,4056,3354,1
4057,4057,3355,1
4059,4059,3357,1
4060,4060,3358,1
4061,4061,3359,1
4062,4062,3360,1
4063,4063,3361,1
4064,4064,3361,0
4065,4065,3362,1
4066,4066,3363,1
4067,4067,3364,1
4068,4068,3365,1
4069,4069,3366,1
4070,4070,3366,0
4071,4071,3367,1
4072,4072,3367,0
4073,4073,3368,1
4074,4074,3368,0
4075,4075,3369,1
4076,4076,3370,1
4077,4077,3371,1
4078,4078,3372,1
4079,4079,3373,1
4080,4080,3374,1
4081,4081,3375,1
4082,4082,3376,1
4083,4083,3377,1
4084,4084,3378,1
4085,4085,3378,0
4086,4086,3379,1
4087,4087,3380,1
4088,4088,3381,1
4089,4089,3381,0
4090,4090,3382,1
4091,4091,3383,1
4092,4092,3384,1
4093,4093,3385,1
4094,4094,3386,1
4095,4095,3387,1
4096,4096,3387,0
4098,4098,3389,1
4099,4099,3390,1
4100,4100,3391,1
4101,4101,3392,1
4102,4102,3393,1
4103,4103,3393,0
4104,4104,3394,1
4105,4105,3395,1
4106,4106,3396,1
4107,4107,3397,1
4108,4108,3398,1
4109,4109,3399,1
4112,4112,3401,1
4113,4113,3402,1
4114,4114,3403,1
4115,4115,3404,1
4116,4116,3405,1
4117,4117,3406,1
4118,4118,3407,1
4119,4119,3408,1
4120,4120,3408,0
4121,4121,3409,1
4122,4122,3410,1
4123,4123,3410,0
4124,4124,3411,1
4125,4125,3412,1
4126,4126,3413,1
4127,4127,3413,0
4129,4129,3415,1
4131,4131,3417,1
4132,4132,3418,1
4133,4133,3418,0
4134,4134,3419,1
4136,4136,3421,1
4137,4137,3422,1
4138,4138,3423,1
4139,4139,3424,1
4140,4140,3425,1
4141,4141,3426,1
4142,4142,3427,1
4143,4143,3428,1
4144,4144,3428,0
4145,4145,3429,1
4146,4146,3430,1
4147,4147,3431,1
4148,4148,3431,0
4149,4149,3432,1
4150,4150,3432,0
4151,4151,3433,1
4152,4152,3433,0
4153,4153,3434,1
4154,4154,3434,0
4155,4155,3435,1
4156,4156,3436,1
4157,4157,3437,1
4158,4158,3438,1
4159,4159,3438,0
4160,4160,3439,1
4161,4161,3440,1
4163,4163,3442,1
4164,4164,3443,1
4165,4165,3444,1
4166,4166,3445,1
4167,4167,3446,1
4169,4169,3448,1
4170,4170,3448,0
4171,4171,3449,1
4172,4172,3450,1
4173,4173,3451,1
4174,4174,3452,1
4175,4175,3453,1
4176,4176,3454,1
4177,4177,3455,1
4178,4178,3456,1
4179,4179,3457,1
4180,4180,3458,1
4181,4181,3459,1
4182,4182,3460,1
4183,4183,3460,0
4184,4184,3461,1
4185,4185,3462,1
4186,4186,3463,1
4187,4187,3464,1
4188,4188,3465,1
4189,4189,3466,1
4190,4190,3467,1
4191,4191,3468,1
4192,4192,3469,1
4193,4193,3470,1
4194,4194,3471,1
4195,4195,3471,0
4196,4196,3472,1
4198,4198,3474,1
4199,4199,3474,0
4201,4201,3476,1
4202,4202,3476,0
4203,4203,3477,1
4204,4204,3477,0
4205,4205,3478,1
4206,4206,3479,1
4207,4207,3480,1
4209,4209,3482,1
4210,4210,3483,1
4211,4211,3484,1
4212,4212,3485,1
4213,4213,3486,1
4214,4214,3486,0
4215,4215,3487,1
4217,4217,3489,1
4218,4218,3490,1
4219,4219,3491,1
4220,4220,3492,1
4221,4221,3493,1
4222,4222,3494,1
4223,4223,3495,1
4224,4224,3496,1
4225,4225,3497,1
4226,4226,3498,1
4227,4227,3499,1
4229,4229,3501,1
4230,4230,3502,1
4231,4231,3503,1
4232,4232,3504,1
4233,4233,3505,1
4234,4234,3506,1
4235,4235,3507,1
4236,4236,3508,1
4237,4237,3509,1
4238,4238,3510,1
4239,4239,3511,1
4240,4240,3512,1
4241,4241,3513,1
4242,4242,3513,0
4243,4243,3514,1
4244,4244,3515,1
4245,4245,3515,0
4246,4246,3516,1
4247,4247,3517,1
4248,4248,3518,1
4249,4249,3519,1
4250,4250,3520,1
4251,4251,3521,1
4252,4252,3521,0
4253,4253,3522,1
4254,4254,3523,1
4255,4255,3524,1
4256,4256,3525,1
4257,4257,3526,1
4258,4258,3527,1
4259,4259,3528,1
4260,4260,3529,1
4261,4261,3530,1
4262,4262,3531,1
4263,4263,3532,1
4264,4264,3533,1
4265,4265,3534,1
4266,4266,3535,1
4267,4267,3536,1
4268,4268,3536,0
4269,4269,3537,1
4270,4270,3538,1
4271,4271,3538,0
4272,4272,3539,1
4273,4273,3540,1
4274,4274,3541,1
4275,4275,3542,1
4276,4276,3543,1
4277,4277,3543,0
4278,4278,3544,1
4279,4279,3545,1
4280,4280,3546,1
4281,4281,3547,1
4282,4282,3548,1
4283,4283,3549,1
4284,4284,3550,1
4285,4285,3550,0
4286,4286,3551,1
4287,4287,3552,1
4288,4288,3553,1
4289,4289,3554,1
4290,4290,3555,1
4291,4291,3556,1
4292,4292,3557,1
4293,4293,3558,1
4294,4294,3558,0
4295,4295,3559,1
4296,4296,3560,1
4297,4297,3560,0
4298,4298,3561,1
4299,4299,3562,1
4300,4300,3563,1
4301,4301,3564,1
4302,4302,3565,1
4303,4303,3566,1
4304,4304,3567,1
4305,4305,3568,1
4306,4306,3568,0
4307,4307,3569,1
4308,4308,3570,1
4309,4309,3571,1
4310,4310,3572,1
4311,4311,3573,1
4312,4312,3574,1
4313,4313,3575,1
4314,4314,3576,1
4315,4315,3577,1
4316,4316,3578,1
4317,4317,3579,1
4318,4318,3580,1
4319,4319,3580,0
4320,4320,3581,1
4321,4321,3582,1
4322,4322,3582,0
4323,4323,3583,1
4324,4324,3583,0
4325,4325,3584,1
4326,4326,3585,1
4327,4327,3585,0
4328,4328,3586,1
4329,4329,3587,1
4330,4330,3588,1
4331,4331,3589,1
4332,4332,3590,1
4333,4333,3591,1
4334,4334,3591,0
4335,4335,3592,1
4336,4336,3593,1
4337,4337,3594,1
4338,4338,3595,1
4339,4339,3596,1
4340,4340,3597,1
4341,4341,3598,1
4342,4342,3599,1
4343,4343,3600,1
4344,4344,3601,1
4345,4345,3602,1
4346,4346,3603,1
4347,4347,3604,1
4348,4348,3605,1
4349,4349,3606,1
4350,4350,3606,0
4352,4352,3608,1
4353,4353,3609,1
4354,4354,3609,0
4355,4355,3610,1
4358,4358,3612,1
4359,4359,3613,1
4360,4360,3614,1
4361,4361,3615,1
4362,4362,3616,1
4363,4363,3616,0
4364,4364,3617,1
4365,4365,3618,1
4367,4367,3620,1
4368,4368,3621,1
4369,4369,3622,1
4370,4370,3623,1
4371,4371,3624,1
4372,4372,3625,1
4373,4373,3626,1
4376,4376,3628,1
4377,4377,3629,1
4380,4380,3631,1
4381,4381,3632,1
4382,4382,3633,1
4383,4383,3634,1
4384,4384,3635,1
4385,4385,3636,1
4386,4386,3637,1
4387,4387,3638,1
4388,4388,3639,1
4389,4389,3640,1
4390,4390,3641,1
4393,4393,3643,1
4394,4394,3644,1
4395,4395,3645,1
4396,4396,3646,1
4397,4397,3646,0
4398,4398,3647,1
4399,4399,3648,1
4400,4400,3649,1
4401,4401,3650,1
4402,4402,3651,1
4403,4403,3652,1
4404,4404,3653,1
4405,4405,3654,1
4406,4406,3655,1
4407,4407,3656,1
4408,4408,3657,1
4409,4409,3657,0
4410,4410,3658,1
4411,4411,3659,1
4412,4412,3659,0
4413,4413,3660,1
4414,4414,3661,1
4415,4415,3662,1
4416,4416,3663,1
4417,4417,3664,1
4418,4418,3665,1
4420,4420,3667,1
4421,4421,3668,1
4422,4422,3669,1
4423,4423,3670,1
4424,4424,3671,1
4425,4425,3671,0
4426,4426,3672,1
4427,4427,3673,1
4428,4428,3674,1
4429,4429,3675,1
4430,4430,3675,0
4431,4431,3676,1
4432,4432,3677,1
4433,4433,3678,1
4434,4434,3679,1
4435,4435,3679,0
4436,4436,3680,1
4437,4437,3681,1
4438,4438,3681,0
4439,4439,3682,1
4440,4440,3683,1
4441,4441,3683,0
4442,4442,3684,1
4444,4444,3686,1
4445,4445,3686,0
4446,4446,3687,1
4447,4447,3687,0
4448,4448,3688,1
4449,4449,3689,1
4450,4450,3690,1
4451,4451,3691,1
4452,4452,3692,1
4453,4453,3693,1
4454,4454,3693,0
4455,4455,3694,1
4456,4456,3695,1
4457,4457,3696,1
4458,4458,3697,1
4459,4459,3698,1
4460,4460,3698,0
4461,4461,3699,1
4462,4462,3700,1
4463,4463,3701,1
4464,4464,3702,1
4465,4465,3703,1
4466,4466,3704,1
4467,4467,3705,1
4468,4468,3705,0
4469,4469,3706,1
4471,4471,3708,1
4472,4472,3709,1
4473,4473,3710,1
4474,4474,3711,1
4476,4476,3712,1
4477,4477,3713,1
4478,4478,3713,0
4479,4479,3714,1
4480,4480,3715,1
4481,4481,3716,1
4482,4482,3717,1
4483,4483,3718,1
4484,4484,3719,1
4485,4485,3720,1
4486,4486,3720,0
4487,4487,3721,1
4488,4488,3721,0
4489,4489,3722,1
4490,4490,3722,0
4491,4491,3723,1
4492,4492,3724,1
4493,4493,3725,1
4494,4494,3726,1
4495,4495,3727,1
4496,4496,3728,1
4497,4497,3728,0
4498,4498,3729,1
4499,4499,3729,0
4500,4500,3730,1
4501,4501,3731,1
4502,4502,3732,1
4503,4503,3732,0
4504,4504,3733,1
4505,4505,3733,0
4506,4506,3734,1
4507,4507,3735,1
4508,4508,3736,1
4509,4509,3736,0
4510,4510,3737,1
4511,4511,3738,1
4512,4512,3739,1
4514,4514,3741,1
4515,4515,3742,1
4516,4516,3743,1
4518,4518,3745,1
4519,4519,3746,1
4520,4520,3747,1
4521,4521,3748,1
4522,4522,3749,1
4523,4523,3749,0
4524,4524,3750,1
4525,4525,3750,0
4526,4526,3751,1
4527,4527,3752,1
4528,4528,3753,1
4529,4529,3754,1
4530,4530,3754,0
4531,4531,3755,1
4532,4532,3756,1
4533,4533,3757,1
4534,4534,3758,1
4535,4535,3759,1
4536,4536,3760,1
4539,4539,3763,1
4540,4540,3764,1
4541,4541,3765,1
4542,4542,3766,1
4543,4543,3767,1
4544,4544,3768,1
4545,4545,3769,1
4546,4546,3770,1
4547,4547,3771,1
4548,4548,3772,1
4549,4549,3773,1
4550,4550,3774,1
4551,4551,3775,1
4552,4552,3775,0
4553,4553,3776,1
4554,4554,3777,1
4555,4555,3778,1
4556,4556,3779,1
4557,4557,3780,1
4558,4558,3780,0
4559,4559,3781,1
4560,4560,3782,1
4561,4561,3783,1
4562,4562,3784,1
4563,4563,3785,1
4564,4564,3785,0
4565,4565,3786,1
4567,4567,3787,1
4568,4568,3788,1
4569,4569,3789,1
4570,4570,3790,1
4571,4571,3791,1
4572,4572,3792,1
4573,4573,3793,1
4574,4574,3794,1
4575,4575,3795,1
4576,4576,3796,1
4577,4577,3797,1
4578,4578,3798,1
4579,4579,3799,1
4580,4580,3800,1
4581,4581,3801,1
4582,4582,3802,1
4583,4583,3803,1
4584,4584,3804,1
4585,4585,3805,1
4586,4586,3805,0
4587,4587,3806,1
4588,4588,3807,1
4589,4589,3808,1
4590,4590,3809,1
4591,4591,3810,1
4592,4592,3811,1
4593,4593,3812,1
4594,4594,3813,1
4595,4595,3813,0
4596,4596,3814,1
4597,4597,3815,1
4598,4598,3816,1
4599,4599,3816,0
4600,4600,3817,1
4601,4601,3818,1
4602,4602,3818,0
4603,4603,3819,1
4604,4604,3820,1
4605,4605,3821,1
4606,4606,3822,1
4607,4607,3823,1
4608,4608,3824,1
4609,4609,3825,1
4610,4610,3826,1
4611,4611,3827,1
4612,4612,3828,1
4615,4615,3830,1
4617,4617,3832,1
4618,4618,3832,0
4619,4619,3833,1
4620,4620,3834,1
4621,4621,3834,0
4622,4622,3835,1
4623,4623,3836,1
4624,4624,3837,1
4625,4625,3837,0
4626,4626,3838,1
4627,4627,3839,1
4628,4628,3839,0
4629,4629,3840,1
4630,4630,3840,0
4631,4631,3841,1
4632,4632,3842,1
4633,4633,3843,1
4634,4634,3844,1
4635,4635,3844,0
4636,4636,3845,1
4637,4637,3846,1
4638,4638,3847,1
4639,4639,3848,1
4640,4640,3849,1
4641,4641,3850,1
4642,4642,3850,0
4643,4643,3851,1
4644,4644,3852,1
4647,4647,3854,1
4648,4648,3855,1
4649,4649,3856,1
4650,4650,3857,1
4651,4651,3858,1
4652,4652,3859,1
4653,4653,3860,1
4654,4654,3861,1
4655,4655,3861,0
4656,4656,3862,1
4657,4657,3863,1
4658,4658,3864,1
4659,4659,3865,1
4660,4660,3866,1
4661,4661,3867,1
4662,4662,3868,1
4663,4663,3869,1
4664,4664,3870,1
4665,4665,3871,1
4666,4666,3871,0
4667,4667,3872,1
4668,4668,3872,0
4670,4670,3874,1
4671,4671,3874,0
4672,4672,3875,1
4673,4673,3876,1
4674,4674,3877,1
4675,4675,3878,1
4677,4677,3880,1
4678,4678,3881,1
4679,4679,3882,1
4680,4680,3883,1
4681,4681,3884,1
4682,4682,3884,0
4683,4683,3885,1
4684,4684,3886,1
4685,4685,3887,1
4686,4686,3888,1
4687,4687,3889,1
4688,4688,3889,0
4689,4689,3890,1
4690,4690,3891,1
4691,4691,3891,0
4692,4692,3892,1
4693,4693,3893,1
4694,4694,3893,0
4695,4695,3894,1
4696,4696,3894,0
4697,4697,3895,1
4698,4698,3896,1
4699,4699,3897,1
4700,4700,3898,1
4701,4701,3899,1
4704,4704,3901,1
4705,4705,3902,1
4706,4706,3903,1
4707,4707,3903,0
4708,4708,3904,1
4709,4709,3905,1
4710,4710,3906,1
4711,4711,3906,0
4712,4712,3907,1
4713,4713,3908,1
4714,4714,3908,0
4715,4715,3909,1
4716,4716,3910,1
4717,4717,3911,1
4718,4718,3912,1
4719,4719,3913,1
4720,4720,3914,1
4721,4721,3915,1
4722,4722,3916,1
4723,4723,3917,1
4724,4724,3918,1
4725,4725,3919,1
4726,4726,3919,0
4727,4727,3920,1
4728,4728,3920,0
4729,4729,3921,1
4730,4730,3922,1
4731,4731,3923,1
4732,4732,3924,1
4733,4733,3925,1
4734,4734,3926,1
4735,4735,3926,0
4736,4736,3927,1
4737,4737,3928,1
4739,4739,3930,1
4740,4740,3931,1
4741,4741,3932,1
4742,4742,3933,1
4743,4743,3933,0
4744,4744,3934,1
4745,4745,3935,1
4746,4746,3936,1
4747,4747,3937,1
4748,4748,3937,0
4749,4749,3938,1
4750,4750,3939,1
4751,4751,3940,1
4752,4752,3941,1
4753,4753,3941,0
4754,4754,3942,1
4755,4755,3943,1
4756,4756,3944,1
4757,4757,3944,0
4758,4758,3945,1
4759,4759,3945,0
4760,4760,3946,1
4761,4761,3946,0
4762,4762,3947,1
4763,4763,3948,1
4764,4764,3949,1
4765,4765,3950,1
4766,4766,3951,1
4767,4767,3952,1
4768,4768,3953,1
4769,4769,3954,1
4770,4770,3954,0
4771,4771,3955,1
4772,4772,3956,1
4773,4773,3957,1
4774,4774,3958,1
4775,4775,3958,0
4776,4776,3959,1
4777,4777,3960,1
4778,4778,3960,0
4779,4779,3961,1
4780,4780,3962,1
4781,4781,3963,1
4782,4782,3964,1
4783,4783,3965,1
4784,4784,3966,1
4785,4785,3966,0
4786,4786,3967,1
4787,4787,3968,1
4788,4788,3969,1
4789,4789,3970,1
4790,4790,3971,1
4791,4791,3972,1
4792,4792,3973,1
4793,4793,3974,1
4794,4794,3975,1
4795,4795,3976,1
4796,4796,3977,1
4797,4797,3978,1
4798,4798,3979,1
4799,4799,3980,1
4800,4800,3980,0
4801,4801,3981,1
4802,4802,3982,1
4803,4803,3983,1
4804,4804,3984,1
4805,4805,3985,1
4806,4806,3986,1
4807,4807,3987,1
4808,4808,3988,1
4809,4809,3989,1
4810,4810,3989,0
4811,4811,3990,1
4812,4812,3991,1
4813,4813,3992,1
4814,4814,3993,1
4815,4815,3994,1
4816,4816,3994,0
4817,4817,3995,1
4818,4818,3996,1
4819,4819,3997,1
4820,4820,3998,1
4821,4821,3999,1
4822,4822,3999,0
4823,4823,4000,1
4824,4824,4001,1
4826,4826,4003,1
4831,4831,4008,1
4832,4832,4009,1
4833,4833,4010,1
4836,4836,4013,1
4837,4837,4014,1
4853,4853,4026,1
4861,4861,4033,1
4862,4862,4034,1
4863,4863,4035,1
4877,4877,4047,1
4882,4882,4052,1
4886,4886,4055,1
4892,4892,4059,1
4901,4901,4066,1
4904,4904,4069,1
4906,4906,4071,1
4907,4907,4071,0
4915,4915,4078,1
4916,4916,4079,1
4918,4918,4081,1
4919,4919,4082,1
4923,4923,4086,1
4925,4925,4088,1
4927,4927,4090,1
4928,4928,4091,1
4929,4929,4092,1
4930,4930,4093,1
4937,4937,4099,1
4941,4941,4102,1
4942,4942,4103,1
4944,4944,4105,1
4949,4949,4109,1
4956,4956,4116,1
4959,4959,4119,1
4961,4961,4121,1
4968,4968,4127,1
4969,4969,4128,1
4972,4972,4130,1
4974,4974,4131,1
4975,4975,4131,0
4976,4976,4132,1
4979,4979,4134,1
4989,4989,4140,1
4992,4992,4143,1
4993,4993,4144,1
4994,4994,4144,0
5002,5002,4150,1
5010,5010,4156,1
5012,5012,4158,1
5013,5013,4159,1
5016,5016,4161,1
5028,5028,4171,1
5030,5030,4173,1
5046,5046,4186,1
5050,5050,4190,1
5056,5056,4195,1
5067,5067,4204,1
5072,5072,4208,1
5081,5081,4214,1
5093,5093,4225,1
5107,5107,4237,1
5108,5108,4237,0
5111,5111,4240,1
5117,5117,4245,1
5126,5126,4253,1
5127,5127,4254,1
5128,5128,4255,1
5132,5132,4258,1
5133,5133,4259,1
5134,5134,4260,1
5137,5137,4263,1
5138,5138,4264,1
5141,5141,4266,1
5143,5143,4268,1
5144,5144,4268,0
5145,5145,4269,1
5149,5149,4273,1
5152,5152,4276,1
5159,5159,4283,1
5163,5163,4286,1
5164,5164,4287,1
5171,5171,4293,1
5175,5175,4296,1
5180,5180,4301,1
5189,5189,4309,1
5200,5200,4318,1
5201,5201,4318,0
5203,5203,4320,1
5204,5204,4321,1
5212,5212,4328,1
5213,5213,4329,1
5214,5214,4330,1
5215,5215,4330,0
5217,5217,4332,1
5223,5223,4336,1
5224,5224,4337,1
5232,5232,4342,1
5233,5233,4343,1
5236,5236,4346,1
5237,5237,4347,1
5240,5240,4349,1
5241,5241,4350,1
5243,5243,4352,1
5245,5245,4354,1
5246,5246,4355,1
5247,5247,4356,1
5249,5249,4358,1
5253,5253,4361,1
5254,5254,4361,0
5263,5263,4368,1
5273,5273,4375,1
5275,5275,4377,1
5277,5277,4379,1
5281,5281,4383,1
5283,5283,4385,1
5284,5284,4386,1
5287,5287,4389,1
5308,5308,4405,1
5312,5312,4408,1
5313,5313,4408,0
5318,5318,4413,1
5319,5319,4413,0
5320,5320,4414,1
5321,5321,4414,0
5322,5322,4415,1
5323,5323,4416,1
5325,5325,4418,1
5326,5326,4418,0
5333,5333,4423,1
5334,5334,4424,1
5337,5337,4427,1
5338,5338,4427,0
5347,5347,4434,1
5352,5352,4437,1
5353,5353,4438,1
5354,5354,4439,1
5358,5358,4442,1
5362,5362,4445,1
5364,5364,4447,1
5365,5365,4447,0
5366,5366,4448,1
5367,5367,4448,0
5374,5374,4454,1
5376,5376,4456,1
5379,5379,4458,1
5384,5384,4462,1
5385,5385,4463,1
5389,5389,4467,1
5392,5392,4470,1
5393,5393,4471,1
5395,5395,4473,1
5397,5397,4475,1
5398,5398,4475,0
5399,5399,4476,1
5402,5402,4478,1
5404,5404,4480,1
5409,5409,4484,1
5413,5413,4488,1
5420,5420,4493,1
5433,5433,4503,1
5441,5441,4511,1
5445,5445,4514,1
5450,5450,4519,1
5460,5460,4526,1
5461,5461,4527,1
5462,5462,4527,0
5468,5468,4533,1
5469,5469,4534,1
5472,5472,4537,1
5473,5473,4538,1
5478,5478,4543,1
5487,5487,4550,1
5517,5517,4576,1
5521,5521,4580,1
5526,5526,4585,1
5527,5527,4585,0
5530,5530,4588,1
5531,5531,4589,1
5539,5539,4596,1
5563,5563,4616,1
5565,5565,4618,1
5574,5574,4626,1
5579,5579,4631,1
5580,5580,4631,0
5606,5606,4650,1
5617,5617,4659,1
5618,5618,4660,1
5642,5642,4681,1
5684,5684,4715,1
5699,5699,4725,1
5701,5701,4727,1
5704,5704,4729,1
5722,5722,4743,1
5727,5727,4746,1
5736,5736,4753,1
5753,5753,4768,1
5760,5760,4774,1
5761,5761,4774,0
5774,5774,4784,1
5775,5775,4784,0
5788,5788,4794,1
5801,5801,4803,1
5826,5826,4825,1
5827,5827,4825,0
5858,5858,4851,1
5859,5859,4851,0
5860,5860,4852,1
5866,5866,4858,1
5873,5873,4863,1
5911,5911,4894,1
5928,5928,4907,1
5965,5965,4937,1
5977,5977,4948,1
5978,5978,4949,1
6001,6001,4969,1
6015,6015,4981,1
6033,6033,4994,1
6034,6034,4995,1
6039,6039,4999,1
6040,6040,4999,0
6042,6042,5001,1
6052,6052,5011,1
6067,6067,5024,1
6077,6077,5033,1
6112,6112,5063,1
6114,6114,5065,1
6115,6115,5066,1
6122,6122,5072,1
6144,6144,5092,1
6175,6175,5118,1
6178,6178,5120,1
6183,6183,5125,1
6185,6185,5126,1
6186,6186,5126,0
6191,6191,5129,1
6196,6196,5133,1
6235,6235,5164,1
6255,6255,5180,1
6256,6256,5180,0
6257,6257,5181,1
6272,6272,5194,1
6275,6275,5196,1
6299,6299,5213,1
6301,6301,5215,1
6317,6317,5228,1
6318,6318,5228,0
6342,6342,5250,1
6349,6349,5256,1
6359,6359,5263,1
6363,6363,5267,1
6366,6366,5269,1
6367,6367,5270,1
6383,6383,5283,1
6391,6391,5290,1
6408,6408,5305,1
6417,6417,5313,1
6422,6422,5317,1
6452,6452,5343,1
6468,6468,5357,1
6469,6469,5358,1
6473,6473,5362,1
6474,6474,5362,0
6478,6478,5366,1
6481,6481,5369,1
6485,6485,5372,1
6499,6499,5385,1
6501,6501,5387,1
6511,6511,5395,1
6544,6544,5422,1
6545,6545,5422,0
6546,6546,5423,1
6551,6551,5428,1
6552,6552,5429,1
6567,6567,5442,1
6571,6571,5445,1
6604,6604,5472,1
6610,6610,5477,1
6616,6616,5481,1
6619,6619,5483,1
6644,6644,5505,1
6691,6691,5541,1
6698,6698,5546,1
6729,6729,5572,1
6731,6731,5574,1
6749,6749,5591,1
6750,6750,5591,0
6753,6753,5593,1
6764,6764,5602,1
6789,6789,5622,1
6798,6798,5628,1
6803,6803,5632,1
6804,6804,5632,0
6827,6827,5648,1
6829,6829,5650,1
6844,6844,5661,1
6886,6886,5692,1
6892,6892,5698,1
6893,6893,5698,0
6895,6895,5700,1
6906,6906,5708,1
6922,6922,5724,1
6924,6924,5726,1
6936,6936,5735,1
6944,6944,5740,1
6946,6946,5742,1
6967,6967,5758,1
6978,6978,5767,1
6987,6987,5774,1
7010,7010,5794,1
7011,7011,5794,0
7043,7043,5817,1
7065,7065,5837,1
7100,7100,5868,1
7102,7102,5870,1
7112,7112,5878,1
7127,7127,5891,1
7150,7150,5912,1
7166,7166,5927,1
7186,7186,5944,1
7195,7195,5952,1
7234,7234,5984,1
7241,7241,5991,1
7286,7286,6030,1
7291,7291,6034,1
7299,7299,6040,1
7311,7311,6051,1
7324,7324,6061,1
7325,7325,6062,1
7327,7327,6064,1
7339,7339,6075,1
7348,7348,6083,1
7366,7366,6097,1
7390,7390,6118,1
7411,7411,6138,1
7412,7412,6138,0
7422,7422,6148,1
7423,7423,6148,0
7434,7434,6157,1
7435,7435,6158,1
7521,7521,6226,1
7567,7567,6265,1
7576,7576,6273,1
7586,7586,6281,1
7594,7594,6289,1
7614,7614,6306,1
7632,7632,6321,1
7672,7672,6353,1
7678,7678,6358,1
7683,7683,6363,1
7723,7723,6397,1
7724,7724,6397,0
7727,7727,6400,1
7753,7753,6425,1
7765,7765,6434,1
7772,7772,6440,1
7787,7787,6453,1
7796,7796,6461,1
7797,7797,6461,0
7800,7800,6463,1
7814,7814,6472,1
7815,7815,6473,1
7843,7843,6495,1
7855,7855,6505,1
7862,7862,6510,1
7863,7863,6511,1
7864,7864,6512,1
7914,7914,6555,1
7959,7959,6592,1
7970,7970,6602,1
7980,7980,6609,1
8013,8013,6636,1
8030,8030,6649,1
8064,8064,6678,1
8074,8074,6686,1
8076,8076,6688,1
8089,8089,6699,1
8091,8091,6701,1
8096,8096,6706,1
8105,8105,6715,1
8130,8130,6738,1
8200,8200,6792,1
8217,8217,6806,1
8276,8276,6856,1
8287,8287,6866,1
8295,8295,6872,1
8327,8327,6897,1
8333,8333,6902,1
8342,8342,6910,1
8356,8356,6922,1
8359,8359,6924,1
8362,8362,6927,1
8366,8366,6930,1
8392,8392,6950,1
8393,8393,6950,0
8432,8432,6985,1
8433,8433,6985,0
8463,8463,7011,1
8489,8489,7033,1
8502,8502,7045,1
8506,8506,7049,1
8510,8510,7052,1
8548,8548,7082,1
8568,8568,7099,1
8571,8571,7101,1
8598,8598,7123,1
8610,8610,7133,1
8611,8611,7133,0
8615,8615,7136,1
8636,8636,7156,1
8661,8661,7176,1
8666,8666,7180,1
8667,8667,7181,1
8670,8670,7184,1
8677,8677,7190,1
8678,8678,7190,0
8692,8692,7203,1
8726,8726,7231,1
8737,8737,7240,1
8738,8738,7240,0
8764,8764,7262,1
8777,8777,7274,1
8865,9173,7401,1
8866,9174,7401,0
8888,9196,7418,1
8894,9202,7424,1
8909,9217,7437,1
8918,9226,7445,1
8923,9231,7449,1
8928,9236,7454,1
8942,9250,7465,1
8965,9273,7485,1
8966,9274,7485,0
8968,9276,7487,1
9005,9313,7520,1
9008,9316,7523,1
9032,9340,7542,1
9038,9346,7546,1
9054,9362,7559,1
9058,9366,7562,1
9062,9370,7565,1
9095,9403,7594,1
9109,9417,7606,1
9110,9418,7607,1
9111,9419,7607,0
9119,9427,7614,1
9120,9428,7614,0
9125,9433,7618,1
9142,9450,7632,1
9143,9451,7632,0
9148,9456,7636,1
9149,9457,7637,1
9150,9458,7637,0
9197,9505,7674,1
9238,9546,7713,1
9247,9555,7721,1
9261,9569,7733,1
9274,9582,7745,1
9285,9593,7753,1
9298,9606,7765,1
9303,9611,7769,1
9308,9616,7774,1
9333,9641,7795,1
9334,9642,7795,0
9355,9663,7815,1
9356,9664,7815,0
9362,9670,7819,1
9367,9675,7824,1
9372,9680,7828,1
9394,9702,7844,1
9407,9715,7857,1
9409,9717,7859,1
9410,9718,7859,0
9413,9721,7861,1
9447,9755,7890,1
9452,9760,7894,1
9467,9775,7907,1
9468,9776,7907,0
9490,9798,7926,1
9512,9820,7944,1
9525,9833,7957,1
9526,9834,7957,0
9536,9844,7965,1
9537,9845,7965,0
9538,9846,7966,1
9564,9872,7990,1
9572,9880,7997,1
9606,9914,8026,1
9607,9915,8027,1
9621,9929,8038,1
9622,9930,8039,1
9625,9933,8041,1
9637,9945,8051,1
9638,9946,8051,0
9665,9973,8073,1
9679,9987,8085,1
9687,9995,8092,1
9689,9997,8094,1
9715,10023,8114,1
9732,10040,8127,1
9733,10041,8127,0
9735,10043,8129,1
9738,10046,8132,1
9758,10066,8149,1
9762,10070,8153,1
9767,10075,8158,1
9768,10076,8159,1
9769,10077,8159,0
9782,10090,8169,1
9787,10095,8173,1
9788,10096,8173,0
9837,10145,8212,1
9851,10159,8225,1
9890,10198,8260,1
9891,10199,8260,0
9892,10200,8261,1
9893,10201,8261,0
9901,10209,8268,1
9961,10269,8316,1
9965,10273,8320,1
9966,10274,8320,0
9967,10275,8321,1
9968,10276,8321,0
9974,10282,8327,1
9979,10287,8330,1
9980,10288,8330,0
9995,10303,8341,1
10042,10350,8377,1
10043,10351,8377,0
10047,10355,8381,1
10074,10382,8405,1
10081,10389,8411,1
10151,10459,8475,1
10167,10475,8489,1
10168,10476,8489,0
10171,10479,8492,1
10184,10492,8505,1
10202,10510,8519,1
10203,10511,8519,0
10209,10517,8523,1
10220,10528,8533,1
10235,10543,8547,1
10247,10555,8558,1
10255,10563,8564,1
10256,10564,8564,0
10258,10566,8566,1
10328,10636,8625,1
10331,10639,8628,1
10346,10654,8639,1
10354,10662,8645,1
10394,10702,8680,1
10395,10703,8680,0
10406,10714,8688,1
10438,10746,8713,1
10469,10777,8742,1
10470,10778,8742,0
10490,10798,8759,1
10505,10813,8772,1
10510,10818,8776,1
10520,10828,8784,1
10604,10912,8856,1
10652,10960,8896,1
10655,10963,8899,1
10679,10987,8919,1
10680,10988,8919,0
10689,10997,8926,1
10690,10998,8926,0
10696,11004,8931,1
10700,11008,8934,1
10726,11034,8957,1
10742,11050,8972,1
10755,11063,8982,1
10756,11064,8982,0
10775,11083,8998,1
10785,11093,9006,1
10797,11105,9017,1
10806,11114,9024,1
10813,11121,9030,1
10814,11122,9030,0
10815,11123,9031,1
10818,11126,9034,1
10822,11130,9037,1
10823,11131,9037,0
10828,11136,9041,1
10839,11147,9051,1
10841,11149,9052,1
10887,11195,9093,1
10900,11208,9104,1
10942,11250,9138,1
10944,11252,9140,1
10958,11266,9153,1
10959,11267,9153,0
10963,11271,9156,1
10966,11274,9159,1
10967,11275,9159,0
10978,11286,9167,1
10996,11304,9179,1
11006,11314,9188,1
11011,11319,9192,1
11019,11327,9199,1
11021,11329,9201,1
11023,11331,9203,1
11029,11337,9208,1
11051,11359,9225,1
11052,11360,9225,0
11054,11362,9227,1
11063,11371,9235,1
11064,11372,9236,1
11071,11379,9241,1
11072,11380,9241,0
11073,11381,9242,1
11097,11405,9263,1
11098,11406,9263,0
11101,11409,9265,1
11153,11461,9307,1
11183,11491,9333,1
11189,11497,9337,1
11208,11516,9353,1
11209,11517,9353,0
11237,11545,9377,1
11266,11574,9403,1
11288,11596,9422,1
11290,11598,9424,1
11301,11609,9433,1
11329,11637,9455,1
11330,11638,9455,0
11354,11662,9472,1
11368,11676,9484,1
11375,11683,9491,1
11377,11685,9493,1
11378,11686,9494,1
11379,11687,9494,0
11393,11701,9504,1
11401,11709,9510,1
11402,11710,9510,0
11405,11713,9513,1
11406,11714,9513,0
11424,11732,9528,1
11446,11754,9548,1
11447,11755,9549,1
11460,11768,9560,1
11486,11794,9583,1
11487,11795,9583,0
11496,11804,9591,1
11543,11851,9627,1
11547,11855,9631,1
11549,11857,9633,1
11552,11860,9635,1
11558,11866,9640,1
11559,11867,9640,0
11565,11873,9645,1
11566,11874,9646,1
11567,11875,9646,0
11578,11886,9656,1
11598,11906,9673,1
11599,11907,9673,0
11603,11911,9677,1
11635,11943,9703,1
11639,11947,9707,1
11668,11976,9730,1
11669,11977,9730,0
11670,11978,9731,1
11671,11979,9731,0
11695,12003,9750,1
11742,12050,9790,1
11743,12051,9790,0
11771,12079,9814,1
11784,12092,9826,1
11787,12095,9828,1
11794,12102,9833,1
11825,12133,9859,1
11836,12144,9869,1
11837,12145,9869,0
11855,12163,9883,1
11873,12181,9897,1
11912,12220,9928,1
11913,12221,9928,0
11995,12303,10001,1
12000,12308,10005,1
12016,12324,10018,1
12017,12325,10019,1
12020,12328,10022,1
12036,12344,10036,1
12050,12358,10049,1
12051,12359,10049,0
12068,12376,10063,1
12070,12378,10065,1
12074,12382,10068,1
12075,12383,10068,0
12088,12396,10079,1
12089,12397,10079,0
12108,12416,10093,1
12109,12417,10093,0
12124,12432,10105,1
12156,12464,10131,1
12160,12468,10134,1
12177,12485,10148,1
12182,12490,10152,1
12239,12547,10202,1
12253,12561,10215,1
12260,12568,10220,1
12269,12577,10227,1
12278,12586,10233,1
12291,12599,10243,1
12308,12616,10257,1
12317,12625,10266,1
12335,12643,10280,1
12354,12662,10297,1
12387,12695,10320,1
12418,12726,10343,1
12421,12729,10345,1
12422,12730,10345,0
12430,12738,10351,1
12431,12739,10351,0
12442,12750,10361,1
12446,12754,10364,1
12447,12755,10364,0
12448,12756,10365,1
12494,12802,10404,1
12502,12810,10411,1
12532,12840,10436,1
12535,12843,10439,1
12536,12844,10440,1
12542,12850,10445,1
12543,12851,10445,0
12551,12859,10451,1
12582,12890,10478,1
12600,12908,10493,1
12635,12943,10520,1
12678,12986,10558,1
12683,12991,10562,1
12736,13044,10607,1
12743,13051,10613,1
12763,13071,10630,1
12781,13089,10644,1
12782,13090,10645,1
12787,13095,10650,1
12790,13098,10652,1
12794,13102,10656,1
12805,13113,10663,1
12815,13123,10670,1
12826,13134,10679,1
12843,13151,10694,1
12863,13171,10710,1
12864,13172,10711,1
12882,13190,10728,1
12893,13201,10738,1
12923,13231,10762,1
12938,13246,10774,1
12952,13260,10788,1
12953,13261,10789,1
12954,13262,10789,0
12968,13276,10799,1
12977,13285,10807,1
12982,13290,10812,1
12983,13291,10812,0
13038,13346,10857,1
13072,13380,10884,1
13096,13404,10904,1
13097,13405,10905,1
13098,13406,10906,1
13104,13412,10911,1
13109,13417,10915,1
13139,13447,10940,1
13140,13448,10940,0
13143,13451,10942,1
13160,13468,10954,1
13161,13469,10954,0
13172,13480,10963,1
13182,13490,10973,1
13231,13539,11013,1
13240,13548,11021,1
13248,13556,11027,1
13268,13576,11042,1
13280,13588,11053,1
13282,13590,11054,1
13295,13603,11065,1
13300,13608,11069,1
13312,13620,11079,1
13332,13640,11096,1
13349,13657,11111,1
13350,13658,11111,0
13365,13673,11123,1
13379,13687,11135,1
13382,13690,11138,1
13386,13694,11141,1
13442,13750,11186,1
13443,13751,11186,0
13495,13803,11231,1
13512,13820,11244,1
13537,13845,11265,1
13544,13852,11271,1
13578,13886,11295,1
13604,13912,11317,1
13607,13915,11320,1
13613,13921,11325,1
13615,13923,11327,1
13616,13924,11328,1
13623,13931,11333,1
13647,13955,11349,1
13648,13956,11349,0
13660,13968,11359,1
13663,13971,11362,1
13690,13998,11382,1
