loan_id,account_id,loan_date,amount,duration,payments,status
5314,1787,0,96396,12,8033.00,1
5316,1801,6,165960,36,4610.00,0
6863,9188,23,127080,60,2118.00,0
5325,1843,29,105804,36,2939.00,0
7240,11013,63,274740,60,4579.00,0
6687,8261,70,87840,24,3660.00,0
7284,11265,72,52788,12,4399.00,0
6111,5428,81,174744,24,7281.00,1
7235,10973,100,154416,48,3217.00,0
5997,4894,122,117024,24,4876.00,0
7121,10364,128,21924,36,609.00,0
6077,5270,140,79608,24,3317.00,0
6228,6034,149,464520,60,7742.00,1
6356,6701,156,95400,36,2650.00,0
5523,2705,156,93888,36,2608.00,0
6456,7123,157,47016,12,3918.00,0
7104,10320,161,259740,60,4329.00,0
6820,9034,164,38148,12,3179.00,0
6876,9236,169,86616,12,7218.00,0
7097,10266,171,75624,24,3151.00,1
4959,2,184,80952,24,3373.00,0
6499,7401,184,80952,24,3373.00,0
5479,2486,189,24516,12,2043.00,0
5170,1071,199,253200,60,4220.00,2
6721,8475,200,21072,24,878.00,0
7259,11111,210,108144,36,3004.00,0
5285,1603,216,78936,12,6578.00,0
5189,1166,217,149040,48,3105.00,0
6650,8073,227,49320,12,4110.00,1
7226,10940,233,197748,36,5493.00,0
6087,5313,237,300660,60,5011.00,2
7262,11135,239,182628,36,5073.00,0
5519,2694,246,91632,12,7636.00,0
6577,7753,249,51696,24,2154.00,0
6509,7445,253,55368,24,2307.00,0
6520,7485,254,91200,24,3800.00,0
6699,8330,268,7656,24,319.00,0
6336,6555,269,212400,36,5900.00,0
7055,10079,275,167100,60,2785.00,2
6103,5385,276,149340,60,2489.00,2
6202,5891,287,65184,12,5432.00,0
7066,10131,301,215388,36,5983.00,1
6696,8321,308,89040,60,1484.00,2
6072,5256,309,193968,36,5388.00,0
5130,813,310,24312,12,2026.00,0
5568,2933,316,272520,60,4542.00,2
6678,8173,319,80340,12,6695.00,0
6998,9833,320,97632,12,8136.00,0
6580,7769,321,196080,48,4085.00,0
6316,6473,325,76908,12,6409.00,1
6512,7454,325,63312,48,1319.00,0
6407,6930,325,25944,24,1081.00,0
5002,173,330,104808,12,8734.00,0
6647,8051,331,208320,48,4340.00,0
7137,10439,333,151560,24,6315.00,0
6903,9337,334,52128,24,2172.00,0
5918,4576,334,300204,36,8339.00,0
6642,8027,335,77640,12,6470.00,0
6210,5927,336,87216,48,1817.00,1
6279,6273,337,87360,24,3640.00,0
7249,11065,342,69360,48,1445.00,0
6736,8558,344,288360,60,4806.00,2
6112,5442,347,174744,24,7281.00,1
5319,1811,353,239460,60,3991.00,2
6596,7844,355,91584,24,3816.00,0
5837,4260,359,244560,60,4076.00,2
5657,3354,365,4980,12,415.00,0
5533,2762,365,111384,24,4641.00,0
6232,6051,368,276660,36,7685.00,1
6888,9265,371,39576,12,3298.00,0
6066,5228,371,173808,24,7242.00,0
5549,2824,376,50460,60,841.00,2
5060,426,379,252060,60,4201.00,3
6004,4937,383,143904,24,5996.00,0
5126,790,384,208128,48,4336.00,1
7220,10911,388,131292,36,3647.00,0
6668,8129,390,74736,36,2076.00,0
5395,2176,390,299088,36,8308.00,1
6836,9093,394,189300,60,3155.00,2
6064,5215,395,14628,12,1219.00,0
6919,9403,396,120888,36,3358.00,0
6841,9104,398,172080,48,3585.00,0
6038,5120,401,323472,48,6739.00,0
6729,8519,402,74688,12,6224.00,0
7198,10788,414,45768,12,3814.00,0
6686,8260,416,224604,36,6239.00,0
5836,4259,418,79632,24,3318.00,0
7061,10105,418,121896,24,5079.00,0
5595,3050,424,82896,12,6908.00,0
5723,3674,432,23628,12,1969.00,0
6120,5481,433,209184,48,4358.00,0
6895,9307,441,41904,12,3492.00,0
5882,4427,448,87816,12,7318.00,0
5754,3834,450,23052,12,1921.00,0
6594,7824,450,189696,24,7904.00,1
6738,8566,451,230220,36,6395.00,1
6624,7965,452,71460,12,5955.00,0
6216,5952,452,141240,24,5885.00,0
6229,6040,454,11736,24,489.00,0
5887,4448,455,192744,36,5354.00,0
6808,8982,464,227880,36,6330.00,0
6297,6363,477,17508,12,1459.00,0
5161,1012,480,98184,24,4091.00,0
5390,2167,482,170256,24,7094.00,0
6150,5622,485,83016,12,6918.00,0
6223,5991,486,61056,48,1272.00,0
5032,290,486,123696,48,2577.00,0
6253,6148,487,59760,24,2490.00,0
6460,7133,489,48672,36,1352.00,0
6645,8041,489,140400,36,3900.00,0
5176,1106,495,192552,24,8023.00,1
5269,1527,502,164052,36,4557.00,1
5351,1978,517,205200,36,5700.00,0
5861,4337,521,51408,24,2142.00,0
5450,2345,524,199680,60,3328.00,2
7142,10451,532,482940,60,8049.00,3
6306,6425,533,36684,12,3057.00,0
6272,6226,533,398640,60,6644.00,2
5044,344,534,100980,60,1683.00,2
5576,2962,534,31248,12,2604.00,0
7192,10738,534,115992,36,3222.00,0
5739,3747,546,76380,12,6365.00,0
6526,7523,547,288468,36,8013.00,0
5624,3166,547,177744,48,3703.00,3
6244,6118,552,270648,36,7518.00,1
5131,816,552,48624,24,2026.00,0
6960,9640,555,76416,24,3184.00,0
6358,6715,558,137880,60,2298.00,3
5418,2245,560,347952,48,7249.00,2
6598,7857,562,68112,12,5676.00,0
5464,2419,574,95808,12,7984.00,0
6591,7819,577,20832,48,434.00,2
5724,3678,580,316140,60,5269.00,3
6315,6472,581,43164,12,3597.00,0
5876,4413,583,221280,48,4610.00,2
6986,9750,586,151728,48,3161.00,3
6294,6353,587,79920,60,1332.00,2
5132,817,592,538500,60,8975.00,2
5877,4414,598,97224,24,4051.00,0
6227,6030,607,28248,24,1177.00,0
7241,11021,607,168984,24,7041.00,1
6737,8564,614,76680,24,3195.00,0
7004,9869,618,331560,60,5526.00,2
6169,5700,619,103680,60,1728.00,3
5208,1247,619,99696,48,2077.00,3
6694,8316,622,134784,24,5616.00,0
5599,3064,624,15420,12,1285.00,0
6546,7607,630,31728,24,1322.00,0
5414,2228,632,185952,48,3874.00,2
5453,2361,635,156672,36,4352.00,0
5740,3752,636,18564,12,1547.00,0
5804,4079,639,158976,48,3312.00,2
6745,8625,644,47304,24,1971.00,0
6950,9591,645,104712,24,4363.00,0
6996,9828,647,126600,24,5275.00,0
5352,1993,649,68400,12,5700.00,1
6151,5628,659,225420,60,3757.00,2
5310,1762,662,248148,36,6893.00,0
5045,347,665,187224,24,7801.00,1
6929,9472,672,36396,12,3033.00,0
5151,960,688,189060,60,3151.00,2
5212,1256,693,71064,36,1974.00,0
5138,854,694,87216,48,1817.00,2
5713,3629,694,158760,60,2646.00,2
6704,8377,696,417060,60,6951.00,2
6474,7190,701,63360,60,1056.00,2
6676,8159,708,29784,24,1241.00,0
6965,9656,708,139536,24,5814.00,0
6725,8489,718,265320,36,7370.00,0
7166,10630,719,198240,24,8260.00,0
7138,10440,728,60000,60,1000.00,2
5970,4774,734,465072,48,9689.00,2
6157,5650,735,98592,24,4108.00,0
6153,5632,750,285600,60,4760.00,2
5693,3489,757,44088,24,1837.00,0
5922,4580,761,20220,12,1685.00,0
5959,4727,767,107640,24,4485.00,0
5980,4825,774,21396,12,1783.00,0
6764,8776,782,33984,48,708.00,2
5237,1375,785,45336,24,1889.00,0
6726,8492,790,85860,60,1431.00,2
6933,9493,796,188688,48,3931.00,2
5145,915,803,309552,48,6449.00,2
7008,9897,809,36168,12,3014.00,0
7227,10942,819,314520,60,5242.00,2
6600,7861,825,21852,36,607.00,0
6712,8405,831,266220,60,4437.00,2
7057,10093,837,231696,36,6436.00,0
7176,10663,845,260028,36,7223.00,0
7304,11349,846,419880,60,6998.00,2
6362,6738,848,37908,12,3159.00,0
5880,4423,848,73836,36,2051.00,0
6535,7546,850,41952,12,3496.00,0
5449,2343,852,99336,24,4139.00,0
6342,6609,860,60156,36,1671.00,1
5409,2218,866,182040,60,3034.00,2
6955,9627,870,244368,48,5091.00,2
6985,9731,870,113796,36,3161.00,0
5125,789,871,73056,48,1522.00,2
5805,4081,876,137904,24,5746.00,1
6185,5774,876,31176,24,1299.00,0
7243,11042,882,217152,36,6032.00,0
6403,6924,883,194880,48,4060.00,2
6578,7765,889,27984,12,2332.00,0
5413,2227,890,92976,24,3874.00,0
6949,9583,890,104712,24,4363.00,0
6545,7606,890,191880,60,3198.00,2
6178,5742,894,232560,48,4845.00,2
5160,1011,896,204000,60,3400.00,2
6785,8899,903,125340,60,2089.00,2
6540,7562,909,309600,48,6450.00,2
6589,7815,910,189696,24,7904.00,0
5900,4503,910,135360,48,2820.00,2
5999,4907,912,98832,48,2059.00,2
6043,5126,920,20352,48,424.00,2
5482,2496,921,165120,60,2752.00,2
7263,11138,928,89880,24,3745.00,0
6013,4995,943,128988,36,3583.00,3
5750,3804,948,63252,12,5271.00,0
6027,5066,950,61656,24,2569.00,1
6303,6400,952,72408,24,3017.00,1
7213,10884,953,113544,36,3154.00,2
6659,8092,960,56100,60,935.00,2
6175,5735,961,290700,60,4845.00,3
5610,3112,964,123216,48,2567.00,2
5563,2912,969,380160,60,6336.00,2
5989,4852,973,213300,36,5925.00,2
6698,8327,979,247728,48,5161.00,2
5312,1772,982,202788,36,5633.00,2
7189,10728,990,154656,48,3222.00,2
6816,9017,995,100224,48,2088.00,3
6137,5574,1010,44628,12,3719.00,0
5128,808,1011,215616,48,4492.00,3
5470,2456,1015,200976,48,4187.00,2
5593,3037,1018,277884,36,7719.00,3
5350,1967,1021,249312,48,5194.00,2
6063,5213,1025,320976,48,6687.00,3
6501,7418,1029,30276,12,2523.00,1
5452,2352,1029,49440,60,824.00,2
4961,19,1029,30276,12,2523.00,1
4973,67,1032,165960,24,6915.00,0
6190,5794,1036,123600,60,2060.00,2
6715,8411,1036,220620,60,3677.00,2
5892,4462,1044,66480,24,2770.00,1
6550,7614,1048,320592,48,6679.00,2
5706,3608,1054,161496,36,4486.00,2
5148,940,1059,284280,60,4738.00,2
6734,8547,1060,173016,36,4806.00,2
6109,5422,1064,368880,60,6148.00,2
6961,9645,1067,176148,36,4893.00,2
6810,9006,1069,186384,48,3883.00,2
5494,2572,1074,360000,48,7500.00,2
5311,1766,1076,30060,60,501.00,2
5445,2322,1090,46320,24,1930.00,0
5301,1698,1097,141948,36,3943.00,2
7034,10001,1102,19044,36,529.00,2
6751,8680,1105,85716,36,2381.00,2
6667,8127,1106,155880,24,6495.00,0
6130,5541,1109,32640,48,680.00,2
5429,2268,1109,20196,36,561.00,2
5725,3679,1114,444864,48,9268.00,2
6019,5033,1116,11400,12,950.00,0
6421,6985,1116,96768,36,2688.00,2
6992,9790,1118,133968,48,2791.00,2
5136,846,1119,187104,24,7796.00,0
5337,1886,1122,162468,36,4513.00,2
5495,2580,1124,89340,60,1489.00,2
7013,9928,1124,89340,60,1489.00,2
6012,4994,1125,258444,36,7179.00,2
6471,7184,1126,155640,24,6485.00,0
6296,6358,1128,270384,48,5633.00,2
7305,11359,1128,54024,12,4502.00,0
6144,5593,1131,44376,12,3698.00,0
6283,6289,1133,85632,48,1784.00,2
7246,11054,1142,148920,60,2482.00,2
5088,544,1144,91152,24,3798.00,0
5988,4851,1144,141648,24,5902.00,0
5282,1583,1146,388512,48,8094.00,3
5938,4650,1147,402000,60,6700.00,2
5606,3084,1150,253512,36,7042.00,3
5385,2143,1162,71460,36,1985.00,2
6865,9199,1164,29448,12,2454.00,1
5586,2994,1167,48744,36,1354.00,2
6302,6397,1169,181020,60,3017.00,2
7194,10762,1170,68832,36,1912.00,2
6461,7136,1172,74124,36,2059.00,2
6732,8533,1172,174048,48,3626.00,2
6613,7926,1175,84120,24,3505.00,0
7036,10019,1178,194940,36,5415.00,2
5897,4476,1178,15192,24,633.00,0
6995,9814,1179,96168,12,8014.00,0
5415,2236,1179,139464,36,3874.00,3
7136,10436,1181,54396,36,1511.00,2
7271,11186,1185,392460,60,6541.00,2
5375,2106,1186,101520,12,8460.00,0
5635,3230,1187,77184,36,2144.00,2
6817,9024,1187,70656,48,1472.00,2
5923,4585,1193,64656,48,1347.00,2
5329,1862,1199,396120,60,6602.00,2
6644,8039,1203,93600,24,3900.00,0
6354,6688,1206,22968,36,638.00,2
5082,501,1207,262980,60,4383.00,2
6585,7795,1212,372120,60,6202.00,2
6921,9422,1212,86184,12,7182.00,0
5366,2062,1212,86184,12,7182.00,0
5886,4447,1214,192744,36,5354.00,2
5741,3754,1217,68544,24,2856.00,0
4996,132,1220,88440,12,7370.00,0
6015,5001,1223,110112,24,4588.00,0
6309,6434,1225,110136,24,4589.00,0
6073,5263,1226,276300,60,4605.00,2
6006,4948,1229,359760,60,5996.00,2
5611,3115,1229,321180,60,5353.00,2
6944,9548,1229,46176,48,962.00,2
7101,10297,1232,421008,48,8771.00,2
6599,7859,1233,72120,12,6010.00,0
6940,9510,1236,228276,36,6341.00,2
5209,1250,1239,182640,48,3805.00,2
5388,2153,1242,61560,12,5130.00,0
6011,4981,1242,179328,48,3736.00,2
5591,3021,1248,155616,48,3242.00,2
7154,10520,1249,417600,60,6960.00,2
7130,10411,1255,123408,24,5142.00,0
6818,9030,1256,155616,48,3242.00,2
5625,3189,1259,222180,60,3703.00,3
6805,8972,1265,45024,48,938.00,2
7233,10963,1269,115812,36,3217.00,2
7308,11362,1271,129408,24,5392.00,0
5895,4473,1278,93960,60,1566.00,2
7122,10365,1279,260640,36,7240.00,3
6173,5724,1283,232560,48,4845.00,2
6142,5591,1296,221880,60,3698.00,2
5358,2018,1296,38520,12,3210.00,0
6095,5358,1299,68340,60,1139.00,2
6878,9242,1299,23184,12,1932.00,0
6554,7637,1304,390096,48,8127.00,2
6793,8931,1305,186300,60,3105.00,2
7286,11271,1306,67320,36,1870.00,2
6076,5269,1308,117420,60,1957.00,2
5134,825,1308,53076,12,4423.00,0
5419,2246,1311,415800,60,6930.00,2
6255,6158,1314,247920,48,5165.00,3
5656,3353,1315,146064,24,6086.00,2
6934,9494,1315,116832,12,9736.00,0
6028,5072,1315,317520,60,5292.00,2
6490,7262,1316,73260,60,1221.00,2
6415,6950,1318,475680,48,9910.00,2
7087,10215,1326,44304,24,1846.00,2
5420,2247,1330,72504,24,3021.00,2
5977,4803,1331,59136,48,1232.00,2
6824,9052,1332,71976,24,2999.00,3
5207,1244,1334,35904,48,748.00,2
7115,10351,1338,88704,48,1848.00,2
7250,11069,1338,119136,48,2482.00,2
6010,4969,1340,150180,60,2503.00,2
6088,5317,1341,90180,36,2505.00,2
5682,3455,1341,67464,12,5622.00,0
7201,10807,1341,67464,12,5622.00,0
6938,9504,1344,341280,60,5688.00,2
6875,9235,1347,83280,48,1735.00,2
5953,4715,1348,97176,24,4049.00,2
5942,4681,1349,162624,48,3388.00,2
5382,2134,1351,22932,36,637.00,2
6377,6792,1351,17184,12,1432.00,0
5931,4618,1351,66696,24,2779.00,3
5992,4863,1352,76080,12,6340.00,0
5790,4033,1354,84288,48,1756.00,2
6753,8688,1354,67980,12,5665.00,0
6562,7674,1355,94488,24,3937.00,2
7046,10049,1362,91632,12,7636.00,0
5868,4361,1363,90156,12,7513.00,0
5784,3967,1363,84600,36,2350.00,3
5878,4415,1366,74040,12,6170.00,0
5110,675,1366,102240,60,1704.00,2
5210,1252,1366,148140,36,4115.00,2
7230,10954,1367,18720,60,312.00,2
5005,176,1375,27456,12,2288.00,0
6871,9225,1378,164256,48,3422.00,2
5363,2051,1387,293880,60,4898.00,3
7253,11079,1391,98304,12,8192.00,0
6055,5181,1393,399120,60,6652.00,2
5072,472,1393,196800,24,8200.00,3
6913,9377,1394,99936,24,4164.00,2
6386,6856,1395,124344,36,3454.00,2
5634,3229,1396,39024,12,3252.00,0
5758,3859,1397,307200,60,5120.00,3
6819,9031,1398,50112,24,2088.00,2
7088,10233,1398,239160,60,3986.00,2
5039,314,1398,66840,24,2785.00,2
5532,2754,1399,335280,48,6985.00,2
6037,5118,1399,53232,48,1109.00,2
6322,6510,1401,76992,24,3208.00,2
6887,9263,1403,39576,12,3298.00,0
6660,8094,1404,220428,36,6123.00,2
5451,2350,1406,159744,48,3328.00,2
6014,4999,1413,165168,36,4588.00,2
5556,2872,1414,268320,60,4472.00,2
6346,6649,1417,100260,60,1671.00,2
5850,4293,1417,164196,36,4561.00,2
5940,4660,1423,106944,24,4456.00,2
7119,10361,1428,86880,12,7240.00,0
5253,1447,1429,100080,48,2085.00,2
6851,9138,1429,272220,60,4537.00,3
6695,8320,1430,309660,60,5161.00,2
6908,9353,1434,188616,24,7859.00,2
7255,11096,1435,213300,60,3555.00,2
5674,3418,1436,207264,48,4318.00,2
6278,6265,1436,87360,24,3640.00,2
5486,2516,1439,466608,48,9721.00,2
5174,1093,1439,385104,48,8023.00,2
6621,7957,1440,42900,12,3575.00,0
6313,6461,1441,150912,36,4192.00,2
6435,7045,1442,288720,48,6015.00,2
6970,9677,1443,31620,60,527.00,2
6310,6440,1443,34572,12,2881.00,0
5932,4626,1444,33348,12,2779.00,0
6877,9241,1445,285240,60,4754.00,2
6763,8772,1445,88272,48,1839.00,2
7085,10202,1445,305424,48,6363.00,2
7049,10063,1450,233424,36,6484.00,2
6959,9633,1456,59448,24,2477.00,3
5214,1270,1457,74772,36,2077.00,2
6350,6678,1465,294384,48,6133.00,2
5063,442,1466,357840,48,7455.00,3
5041,319,1467,369000,60,6150.00,2
5086,525,1472,210384,48,4383.00,2
6942,9513,1472,18324,12,1527.00,0
5270,1528,1477,191088,48,3981.00,2
6705,8381,1481,333648,48,6951.00,3
7051,10068,1484,77808,12,6484.00,0
6758,8742,1485,33144,12,2762.00,0
6249,6138,1486,67608,24,2817.00,2
5808,4099,1487,41856,48,872.00,2
5377,2116,1491,92400,12,7700.00,0
5446,2334,1491,48312,24,2013.00,2
5856,4320,1496,51360,12,4280.00,1
4986,97,1497,102876,12,8573.00,0
7001,9859,1497,300600,60,5010.00,2
6677,8169,1499,97980,60,1633.00,2
6665,8114,1502,99300,60,1655.00,2
5817,4127,1502,100800,24,4200.00,3
6984,9730,1502,116040,60,1934.00,2
6541,7565,1504,153504,48,3198.00,2
5117,718,1507,76944,12,6412.00,0
6097,5362,1508,202848,48,4226.00,2
5389,2165,1509,78600,24,3275.00,2
7219,10905,1510,57120,48,1190.00,2
6338,6592,1511,390660,60,6511.00,2
6922,9424,1513,83628,36,2323.00,2
5367,2064,1513,83628,36,2323.00,2
5638,3249,1514,68124,12,5677.00,0
5830,4190,1515,405780,60,6763.00,2
5338,1888,1517,57360,12,4780.00,1
6007,4949,1517,289920,48,6040.00,2
6612,7907,1518,97392,12,8116.00,0
5718,3637,1519,14028,12,1169.00,0
6104,5395,1523,158184,36,4394.00,2
5229,1329,1524,23520,12,1960.00,0
6625,7966,1525,473280,60,7888.00,3
5206,1242,1525,128544,24,5356.00,2
5963,4746,1525,204780,60,3413.00,2
4990,110,1526,162576,36,4516.00,2
6641,8026,1527,128268,36,3563.00,2
5369,2080,1530,214596,36,5961.00,2
6196,5837,1532,177804,36,4939.00,2
5236,1374,1533,389136,48,8107.00,2
5719,3664,1538,271584,48,5658.00,2
5643,3273,1539,94512,12,7876.00,1
7050,10065,1541,311232,48,6484.00,2
6355,6699,1542,127200,48,2650.00,2
6688,8268,1544,8616,24,359.00,2
6239,6083,1546,360864,48,7518.00,3
5531,2753,1548,66432,24,2768.00,2
6113,5445,1549,78696,36,2186.00,2
7181,10679,1550,197808,24,8242.00,2
6118,5477,1552,349392,48,7279.00,2
7264,11141,1555,44940,12,3745.00,0
5343,1906,1556,44952,24,1873.00,2
5051,378,1559,230400,60,3840.00,2
5779,3942,1562,107352,36,2982.00,2
6605,7890,1562,79344,48,1653.00,2
6655,8085,1565,260400,60,4340.00,3
6534,7542,1567,590820,60,9847.00,2
5681,3448,1568,68664,24,2861.00,2
6607,7894,1569,153144,36,4254.00,2
6242,6097,1570,26208,36,728.00,2
7242,11027,1571,48096,24,2004.00,2
7277,11231,1572,89280,12,7440.00,0
6675,8158,1580,238716,36,6631.00,2
5398,2187,1583,53472,12,4456.00,0
5956,4725,1583,168264,36,4674.00,2
5731,3711,1584,460980,60,7683.00,3
6956,9631,1588,59448,24,2477.00,2
6437,7052,1588,63972,36,1777.00,3
5447,2335,1591,541200,60,9020.00,3
5973,4784,1603,219456,48,4572.00,2
6075,5267,1605,129312,24,5388.00,3
5281,1580,1606,194256,24,8094.00,2
5103,666,1607,12540,12,1045.00,0
6468,7176,1609,203940,60,3399.00,2
7209,10857,1609,385560,60,6426.00,3
5584,2986,1615,24792,24,1033.00,2
4988,103,1615,265320,36,7370.00,3
6502,7424,1617,30276,12,2523.00,0
5651,3329,1617,19248,12,1604.00,0
4962,25,1617,30276,12,2523.00,0
5862,4342,1618,100128,24,4172.00,2
7199,10789,1618,45768,12,3814.00,0
6727,8505,1619,42840,12,3570.00,0
7279,11244,1620,155760,24,6490.00,2
6544,7594,1620,130464,48,2718.00,2
5933,4631,1622,87528,24,3647.00,2
6574,7745,1629,77544,36,2154.00,2
6399,6902,1630,49320,36,1370.00,2
7187,10711,1633,24180,60,403.00,2
6353,6686,1634,116496,24,4854.00,2
5043,339,1634,468060,60,7801.00,2
5469,2445,1635,293160,60,4886.00,2
5976,4794,1636,465504,48,9698.00,3
6059,5196,1637,79824,12,6652.00,0
5799,4052,1637,106128,36,2948.00,2
6147,5602,1637,177504,48,3698.00,2
6254,6157,1637,247920,48,5165.00,2
7100,10280,1640,348120,60,5802.00,2
7147,10478,1642,267600,48,5575.00,2
5909,4550,1643,61320,60,1022.00,2
7037,10022,1643,218064,48,4543.00,2
5782,3953,1644,63576,12,5298.00,2
6237,6075,1646,407952,48,8499.00,3
6552,7632,1648,170448,48,3551.00,2
7067,10134,1651,136368,24,5682.00,2
5320,1819,1651,143676,36,3991.00,2
5930,4616,1652,66696,24,2779.00,2
6486,7240,1655,152160,60,2536.00,2
5245,1407,1657,125472,24,5228.00,2
6643,8038,1658,35856,24,1494.00,2
5260,1480,1659,123300,36,3425.00,2
5569,2936,1660,504000,60,8400.00,2
7110,10345,1661,31260,12,2605.00,2
7139,10445,1662,23412,12,1951.00,2
6791,8926,1663,566640,60,9444.00,2
5360,2035,1665,176328,36,4898.00,2
5287,1638,1666,64224,24,2676.00,2
6553,7636,1666,42384,12,3532.00,2
7072,10148,1667,22104,12,1842.00,2
6044,5133,1667,57060,12,4755.00,2
5332,1869,1669,37944,36,1054.00,2
6866,9201,1676,122472,24,5103.00,2
6633,7997,1676,160656,24,6694.00,2
6926,9455,1678,374760,60,6246.00,2
6442,7082,1679,194160,48,4045.00,2
5889,4456,1680,321240,60,5354.00,2
5765,3875,1681,153936,24,6414.00,2
5124,785,1683,156096,36,4336.00,2
5491,2545,1684,428784,48,8933.00,2
6730,8523,1686,93036,12,7753.00,2
7151,10493,1689,133800,24,5575.00,2
5140,873,1695,178500,60,2975.00,2
7171,10650,1695,196224,48,4088.00,2
6568,7713,1696,220440,60,3674.00,2
6861,9179,1699,215040,60,3584.00,2
6855,9153,1700,52236,36,1451.00,2
7129,10404,1700,194280,60,3238.00,2
5384,2142,1706,23328,12,1944.00,2
6859,9167,1706,272220,60,4537.00,2
5772,3906,1707,334620,60,5577.00,2
5665,3390,1710,40632,12,3386.00,2
6495,7274,1711,49044,12,4087.00,2
5061,440,1712,84288,48,1756.00,2
6948,9560,1714,157068,36,4363.00,2
5773,3907,1715,133848,24,5577.00,2
6052,5164,1722,22356,36,621.00,2
6682,8225,1729,36204,12,3017.00,3
6083,5305,1730,240528,48,5011.00,2
6962,9646,1732,279072,48,5814.00,2
5158,1004,1741,188532,36,5237.00,2
6464,7156,1746,49488,24,2062.00,2
5172,1083,1746,50976,36,1416.00,2
5582,2982,1747,41256,12,3438.00,2
6136,5572,1749,140880,60,2348.00,2
6235,6062,1749,321360,60,5356.00,2
6508,7437,1749,110736,48,2307.00,2
4968,38,1749,110736,48,2307.00,2
6632,7990,1753,144960,48,3020.00,2
7195,10774,1753,339168,48,7066.00,2
5525,2720,1757,93888,36,2608.00,2
6320,6495,1758,104964,12,8747.00,2
6766,8784,1758,74352,24,3098.00,2
6872,9227,1759,191580,60,3193.00,2
5906,4533,1765,81144,36,2254.00,2
7172,10652,1767,45720,12,3810.00,2
6571,7733,1772,140064,24,5836.00,2
5616,3143,1775,130896,24,5454.00,2
6312,6453,1777,10944,36,304.00,2
6470,7181,1777,49872,12,4156.00,2
5147,938,1781,22260,60,371.00,2
5501,2622,1781,136344,24,5681.00,2
6436,7049,1782,495180,60,8253.00,2
5699,3562,1784,174960,24,7290.00,2
5313,1776,1787,43200,24,1800.00,2
6234,6061,1788,5148,12,429.00,2
6569,7721,1788,45456,12,3788.00,2
7202,10812,1789,140688,48,2931.00,2
5683,3460,1789,140688,48,2931.00,2
5034,303,1790,112752,36,3132.00,2
5435,2279,1792,314688,48,6556.00,2
5815,4116,1794,151200,36,4200.00,2
5589,3005,1796,390000,48,8125.00,2
6746,8639,1797,185640,60,3094.00,2
6790,8919,1799,76104,24,3171.00,2
6857,9159,1799,69600,48,1450.00,2
6450,7099,1801,234336,48,4882.00,2
7221,10915,1802,152460,60,2541.00,2
5527,2728,1806,156420,60,2607.00,2
5620,3161,1807,30012,12,2501.00,2
6215,5944,1809,78720,48,1640.00,2
7167,10644,1809,269964,36,7499.00,2
5823,4144,1812,212976,36,5916.00,2
6207,5912,1814,184620,60,3077.00,2
6932,9491,1816,225504,48,4698.00,2
5669,3403,1818,71820,36,1995.00,2
5154,993,1822,108720,60,1812.00,2
7168,10645,1826,208332,36,5787.00,2
5585,2988,1829,88608,12,7384.00,2
7200,10799,1832,31140,60,519.00,2
6539,7559,1832,12792,12,1066.00,2
5774,3916,1833,96984,36,2694.00,2
6357,6706,1833,64860,60,1081.00,2
5042,330,1833,331584,48,6908.00,2
5015,226,1833,109344,12,9112.00,2
5354,2000,1835,290820,60,4847.00,2
6054,5180,1837,58764,12,4897.00,2
7295,11328,1839,280440,60,4674.00,2
5365,2055,1840,271260,60,4521.00,2
6755,8713,1845,170700,60,2845.00,2
5991,4858,1848,335184,48,6983.00,3
7035,10005,1850,210744,36,5854.00,2
5893,4467,1855,86184,36,2394.00,2
7164,10613,1867,249792,48,5204.00,2
5304,1718,1872,172272,24,7178.00,2
5561,2910,1881,437460,60,7291.00,2
5520,2699,1882,231168,48,4816.00,2
5241,1389,1885,125472,24,5228.00,2
7096,10257,1885,37812,12,3151.00,2
6078,5283,1892,170832,48,3559.00,2
5046,349,1892,42816,12,3568.00,2
5334,1876,1893,209040,24,8710.00,2
6969,9673,1895,88200,36,2450.00,2
6821,9037,1898,321936,48,6707.00,2
5760,3862,1901,74916,36,2081.00,2
5614,3137,1904,253560,60,4226.00,2
7091,10243,1905,113436,36,3151.00,2
5698,3556,1905,174840,60,2914.00,2
5169,1068,1907,253200,60,4220.00,2
7294,11327,1910,39168,24,1632.00,2
5318,1808,1913,385584,48,8033.00,2
5368,2073,1918,44640,24,1860.00,2
6923,9433,1918,44640,24,1860.00,2
5463,2413,1919,17952,12,1496.00,2
5265,1498,1920,165780,60,2763.00,2
6321,6505,1921,38496,12,3208.00,2
5226,1318,1924,185544,36,5154.00,2
6868,9208,1925,82128,24,3422.00,2
4967,37,1927,318480,60,5308.00,3
5293,1656,1942,189792,48,3954.00,2
5865,4354,1943,327660,60,5461.00,2
5841,4268,1948,41988,12,3499.00,2
5526,2725,1952,69624,36,1934.00,2
6852,9140,1954,16032,48,334.00,2
6469,7180,1961,99744,24,4156.00,2
6168,5698,1965,99216,36,2756.00,2
7292,11317,1966,317460,60,5291.00,2
5036,309,1969,91248,48,1901.00,2
5644,3293,1971,276084,36,7669.00,2
6856,9156,1975,163332,36,4537.00,2
5428,2262,1976,230220,36,6395.00,2
5027,276,1976,160920,36,4470.00,2
4989,105,1979,352704,48,7348.00,2
5221,1284,1979,52512,12,4376.00,2
6402,6922,1980,139488,24,5812.00,2
5346,1928,1980,55632,24,2318.00,2
6748,8645,1982,240900,60,4015.00,2
